market_slug,detect_ts_ms,btc_move_bps,signal_up,entry_price,exit_price,exit_ts_ms,complete,net_edge
btc-updown-5m-1789904100,1789904261648,6.07,True,0.52,,,False,
btc-updown-5m-1789904100,1789904262649,6.52,True,0.51,,,False,
btc-updown-5m-1789904100,1789904263649,6.52,True,0.52,,,False,
btc-updown-5m-1789904100,1789904264649,6.79,True,0.53,,,False,
btc-updown-5m-1789904100,1789904265653,6.79,True,0.54,,,False,
btc-updown-5m-1789904100,1789904266657,6.93,True,0.52,,,False,
btc-updown-5m-1789904100,1789904267657,6.93,True,0.52,,,False,
btc-updown-5m-1789904100,1789904268673,6.93,True,0.52,,,False,
btc-updown-5m-1789904100,1789904269673,6.93,True,0.52,,,False,
btc-updown-5m-1789904100,1789904270673,6.93,True,0.52,,,False,
btc-updown-5m-1789904100,1789904271673,6.93,True,0.5,,,False,
btc-updown-5m-1789904100,1789904272673,6.93,True,0.46,,,False,
btc-updown-5m-1789904100,1789904273677,6.93,True,0.41,,,False,
btc-updown-5m-1789904100,1789904274677,6.79,True,0.47,,,False,
btc-updown-5m-1789904100,1789904275678,6.79,True,0.47,,,False,
btc-updown-5m-1789904100,1789904276678,6.79,True,0.46,,,False,
btc-updown-5m-1789904100,1789904277681,6.79,True,0.46,,,False,
btc-updown-5m-1789904100,1789904278682,6.79,True,0.46,,,False,
btc-updown-5m-1789904100,1789904279682,6.79,True,0.46,,,False,
