id,anchor_ts_ms,hedge_ts_ms,market_slug,market_duration,direction,first_ask,second_ask,executable_qty,pair_cost,net_edge_005
11416,1789765359942,1789765374995,btc-updown-5m-1789765200,5m,DOWN->UP,0.11,0.9,98.56,1.01,-0.01500000000000001
11470,1789765375566,1789765390643,btc-updown-5m-1789765200,5m,DOWN->UP,0.11,0.9,223.79,1.01,-0.01500000000000001
11524,1789765390643,1789765405676,btc-updown-5m-1789765200,5m,DOWN->UP,0.11,0.9,166.4,1.01,-0.01500000000000001
11580,1789765405676,1789765420753,btc-updown-5m-1789765200,5m,DOWN->UP,0.11,0.9,155.4,1.01,-0.01500000000000001
11636,1789765420928,1789765436050,btc-updown-5m-1789765200,5m,DOWN->UP,0.11,0.9,325.96,1.01,-0.01500000000000001
11696,1789765436494,1789765451590,btc-updown-5m-1789765200,5m,DOWN->UP,0.11,0.9,480.66,1.01,-0.01500000000000001
11756,1789765452147,1789765467183,btc-updown-5m-1789765200,5m,DOWN->UP,0.11,0.9,235.23,1.01,-0.01500000000000001
11814,1789765467922,1789765482978,btc-updown-5m-1789765200,5m,DOWN->UP,0.11,0.91,95.0,1.02,-0.02500000000000002
11874,1789765483599,1789765498664,btc-updown-5m-1789765200,5m,DOWN->UP,0.1,0.91,100.0,1.01,-0.01500000000000001
11930,1789765498797,1789765513834,btc-updown-5m-1789765200,5m,DOWN->UP,0.1,0.57,111.46,0.6699999999999999,0.32500000000000007
12836,1789765741765,1789765756815,btc-updown-5m-1789765500,5m,DOWN->UP,0.07,0.93,7.0,1.0,-0.005
12898,1789765757479,1789765772552,btc-updown-5m-1789765500,5m,DOWN->UP,0.08,0.94,199.77,1.02,-0.02500000000000002
12958,1789765773058,1789765788065,btc-updown-5m-1789765500,5m,DOWN->UP,0.07,0.94,167.0,1.01,-0.01500000000000001
13014,1789765788917,1789765803979,btc-updown-5m-1789765500,5m,DOWN->UP,0.07,0.28,207.0,0.35000000000000003,0.6449999999999999
16036,1789766650992,1789766666015,btc-updown-5m-1789766400,5m,DOWN->UP,0.14,0.92,19.16,1.06,-0.06500000000000006
16096,1789766666619,1789766681643,btc-updown-5m-1789766400,5m,DOWN->UP,0.1,0.94,50.0,1.04,-0.04500000000000003
16170,1789766682038,1789766703624,btc-updown-5m-1789766400,5m,DOWN->UP,0.09,0.5,67.38,0.59,0.405
22634,1789768449781,1789768464781,btc-updown-5m-1789768200,5m,DOWN->UP,0.03,0.98,136.33,1.01,-0.01500000000000001
22694,1789768465395,1789768480396,btc-updown-5m-1789768200,5m,DOWN->UP,0.03,0.98,16.33,1.01,-0.01500000000000001
22752,1789768481257,1789768496281,btc-updown-5m-1789768200,5m,DOWN->UP,0.03,0.99,801.3,1.02,-0.02500000000000002
22812,1789768496797,1789768511816,btc-updown-5m-1789768200,5m,DOWN->UP,0.02,0.58,423.73,0.6,0.395
23706,1789768731390,1789768746406,btc-updown-5m-1789768500,5m,DOWN->UP,0.04,0.97,134.99,1.01,-0.01500000000000001
23766,1789768747005,1789768762014,btc-updown-5m-1789768500,5m,DOWN->UP,0.04,0.97,167.23,1.01,-0.01500000000000001
23828,1789768762883,1789768777900,btc-updown-5m-1789768500,5m,DOWN->UP,0.04,0.97,157.14,1.01,-0.01500000000000001
23888,1789768778640,1789768793683,btc-updown-5m-1789768500,5m,DOWN->UP,0.04,0.97,219.84,1.01,-0.01500000000000001
23948,1789768794467,1789768809490,btc-updown-5m-1789768500,5m,DOWN->UP,0.04,0.49,160.1,0.53,0.46499999999999997
37314,1789772608976,1789772624027,btc-updown-5m-1789772400,5m,DOWN->UP,0.14,0.87,149.0,1.01,-0.01500000000000001
37374,1789772624721,1789772639744,btc-updown-5m-1789772400,5m,DOWN->UP,0.14,0.87,546.36,1.01,-0.01500000000000001
37432,1789772640395,1789772655411,btc-updown-5m-1789772400,5m,DOWN->UP,0.14,0.87,260.99,1.01,-0.01500000000000001
37494,1789772656040,1789772671370,btc-updown-5m-1789772400,5m,DOWN->UP,0.14,0.87,29.29,1.01,-0.01500000000000001
37584,1789772675638,1789772704942,btc-updown-5m-1789772400,5m,DOWN->UP,0.14,0.45,695.45,0.5900000000000001,0.4049999999999999
39578,1789773246231,1789773261256,btc-updown-5m-1789773000,5m,DOWN->UP,0.05,0.96,501.33,1.01,-0.01500000000000001
39638,1789773261808,1789773276845,btc-updown-5m-1789773000,5m,DOWN->UP,0.05,0.96,189.78,1.01,-0.01500000000000001
39698,1789773277565,1789773292573,btc-updown-5m-1789773000,5m,DOWN->UP,0.05,0.96,538.35,1.01,-0.01500000000000001
39758,1789773293109,1789773308110,btc-updown-5m-1789773000,5m,DOWN->UP,0.05,0.57,190.41,0.62,0.375
49064,1789775849650,1789775864787,btc-updown-5m-1789775700,5m,DOWN->UP,0.08,0.93,616.95,1.01,-0.01500000000000001
49124,1789775865448,1789775880490,btc-updown-5m-1789775700,5m,DOWN->UP,0.08,0.92,30.0,1.0,-0.005
49180,1789775880571,1789775895623,btc-updown-5m-1789775700,5m,DOWN->UP,0.09,0.93,185.0,1.02,-0.02500000000000002
49236,1789775895623,1789775910697,btc-updown-5m-1789775700,5m,DOWN->UP,0.08,0.91,58.27,0.99,0.005000000000000009
49294,1789775911109,1789775926111,btc-updown-5m-1789775700,5m,DOWN->UP,0.1,0.92,145.0,1.02,-0.02500000000000002
49348,1789775926111,1789775942036,btc-updown-5m-1789775700,5m,DOWN->UP,0.09,0.92,25.0,1.01,-0.01500000000000001
49396,1789775942036,1789775957039,btc-updown-5m-1789775700,5m,DOWN->UP,0.09,0.92,5.0,1.01,-0.01500000000000001
49444,1789775958519,1789775973534,btc-updown-5m-1789775700,5m,DOWN->UP,0.09,0.93,72.54,1.02,-0.02500000000000002
49498,1789775974353,1789775989432,btc-updown-5m-1789775700,5m,DOWN->UP,0.08,0.93,37.45,1.01,-0.01500000000000001
49558,1789775990100,1789776005137,btc-updown-5m-1789775700,5m,DOWN->UP,0.08,0.61,186.93,0.69,0.30500000000000005
51340,1789776473231,1789776488249,btc-updown-5m-1789776300,5m,DOWN->UP,0.07,0.94,20.0,1.01,-0.01500000000000001
51396,1789776489389,1789776504401,btc-updown-5m-1789776300,5m,DOWN->UP,0.07,0.94,75.0,1.01,-0.01500000000000001
51458,1789776505354,1789776520396,btc-updown-5m-1789776300,5m,DOWN->UP,0.07,0.94,356.7,1.01,-0.01500000000000001
51516,1789776520984,1789776536013,btc-updown-5m-1789776300,5m,DOWN->UP,0.07,0.76,39.03,0.8300000000000001,0.16499999999999992
52354,1789776742369,1789776757412,btc-updown-5m-1789776600,5m,DOWN->UP,0.14,0.87,202.72,1.01,-0.01500000000000001
52414,1789776757979,1789776773003,btc-updown-5m-1789776600,5m,DOWN->UP,0.14,0.87,85.0,1.01,-0.01500000000000001
52470,1789776773161,1789776788181,btc-updown-5m-1789776600,5m,DOWN->UP,0.14,0.98,603.22,1.12,-0.1250000000000001
52532,1789776789162,1789776804221,btc-updown-5m-1789776600,5m,DOWN->UP,0.03,0.98,522.8,1.01,-0.01500000000000001
52592,1789776804970,1789776820016,btc-updown-5m-1789776600,5m,DOWN->UP,0.03,0.99,309.57,1.02,-0.02500000000000002
52652,1789776820626,1789776835627,btc-updown-5m-1789776600,5m,DOWN->UP,0.02,0.98,288.23,1.0,-0.005
52710,1789776836472,1789776851509,btc-updown-5m-1789776600,5m,DOWN->UP,0.03,0.98,492.79,1.01,-0.01500000000000001
52768,1789776851509,1789776866522,btc-updown-5m-1789776600,5m,DOWN->UP,0.03,0.98,747.48,1.01,-0.01500000000000001
52822,1789776867295,1789776882309,btc-updown-5m-1789776600,5m,DOWN->UP,0.03,0.96,44.99,0.99,0.005000000000000009
52884,1789776882873,1789776897933,btc-updown-5m-1789776600,5m,DOWN->UP,0.06,0.94,136.95,1.0,-0.005
52944,1789776898784,1789776913825,btc-updown-5m-1789776600,5m,DOWN->UP,0.07,0.55,10.0,0.6200000000000001,0.3749999999999999
53488,1789777042133,1789777057146,btc-updown-5m-1789776900,5m,DOWN->UP,0.12,0.89,85.0,1.01,-0.01500000000000001
53550,1789777057542,1789777072620,btc-updown-5m-1789776900,5m,DOWN->UP,0.12,0.89,110.0,1.01,-0.01500000000000001
53608,1789777073111,1789777088254,btc-updown-5m-1789776900,5m,DOWN->UP,0.12,0.88,365.43,1.0,-0.005
53664,1789777089061,1789777104083,btc-updown-5m-1789776900,5m,DOWN->UP,0.13,0.88,99.62,1.01,-0.01500000000000001
53724,1789777104826,1789777119873,btc-updown-5m-1789776900,5m,DOWN->UP,0.13,0.88,50.97,1.01,-0.01500000000000001
53782,1789777119986,1789777135194,btc-updown-5m-1789776900,5m,DOWN->UP,0.13,0.89,199.94,1.02,-0.02500000000000002
53842,1789777135702,1789777150726,btc-updown-5m-1789776900,5m,DOWN->UP,0.12,0.89,55.0,1.01,-0.01500000000000001
53902,1789777151211,1789777166251,btc-updown-5m-1789776900,5m,DOWN->UP,0.12,0.9,250.0,1.02,-0.02500000000000002
53988,1789777171918,1789777201129,btc-updown-5m-1789776900,5m,DOWN->UP,0.11,0.58,50.0,0.69,0.30500000000000005
54944,1789777446719,1789777461792,btc-updown-5m-1789777200,5m,DOWN->UP,0.04,0.97,299.27,1.01,-0.01500000000000001
55004,1789777462663,1789777477672,btc-updown-5m-1789777200,5m,DOWN->UP,0.04,0.96,101.77,1.0,-0.005
55062,1789777477933,1789777492960,btc-updown-5m-1789777200,5m,DOWN->UP,0.05,0.97,45.0,1.02,-0.02500000000000002
55122,1789777493786,1789777508789,btc-updown-5m-1789777200,5m,DOWN->UP,0.04,0.44,142.9,0.48,0.515
57818,1789778339330,1789778354372,btc-updown-5m-1789778100,5m,DOWN->UP,0.03,0.98,398.82,1.01,-0.01500000000000001
57878,1789778354971,1789778369985,btc-updown-5m-1789778100,5m,DOWN->UP,0.03,0.98,209.71,1.01,-0.01500000000000001
57936,1789778370358,1789778385411,btc-updown-5m-1789778100,5m,DOWN->UP,0.03,0.99,780.35,1.02,-0.02500000000000002
57998,1789778386010,1789778401729,btc-updown-5m-1789778100,5m,DOWN->UP,0.02,0.51,93.49,0.53,0.46499999999999997
58964,1789778641299,1789778656576,btc-updown-5m-1789778400,5m,DOWN->UP,0.08,0.93,36.58,1.01,-0.01500000000000001
59022,1789778656930,1789778671972,btc-updown-5m-1789778400,5m,DOWN->UP,0.08,0.93,101.87,1.01,-0.01500000000000001
59082,1789778672737,1789778687775,btc-updown-5m-1789778400,5m,DOWN->UP,0.08,0.92,10.0,1.0,-0.005
59140,1789778687874,1789778703092,btc-updown-5m-1789778400,5m,DOWN->UP,0.09,0.47,53.0,0.5599999999999999,0.43500000000000005
61802,1789779462445,1789779477479,btc-updown-5m-1789779300,5m,DOWN->UP,0.11,0.9,484.82,1.01,-0.01500000000000001
61836,1789779478257,1789779493290,btc-updown-5m-1789779300,5m,DOWN->UP,0.11,0.9,467.62,1.01,-0.01500000000000001
61866,1789779494134,1789779509247,btc-updown-5m-1789779300,5m,DOWN->UP,0.11,0.9,457.62,1.01,-0.01500000000000001
61894,1789779509434,1789779524547,btc-updown-5m-1789779300,5m,DOWN->UP,0.11,0.9,476.5,1.01,-0.01500000000000001
61920,1789779524714,1789779540153,btc-updown-5m-1789779300,5m,DOWN->UP,0.11,0.9,476.5,1.01,-0.01500000000000001
61944,1789779540153,1789779558950,btc-updown-5m-1789779300,5m,DOWN->UP,0.11,0.9,408.47,1.01,-0.01500000000000001
61970,1789779558950,1789779574199,btc-updown-5m-1789779300,5m,DOWN->UP,0.11,0.9,403.47,1.01,-0.01500000000000001
61992,1789779574437,1789779590282,btc-updown-5m-1789779300,5m,DOWN->UP,0.11,0.9,403.47,1.01,-0.01500000000000001
62016,1789779590282,1789779605394,btc-updown-5m-1789779300,5m,DOWN->UP,0.11,0.67,338.96,0.78,0.21499999999999997
70110,1789781971768,1789781986790,btc-updown-5m-1789781700,5m,DOWN->UP,0.03,0.98,140.35,1.01,-0.01500000000000001
70168,1789781987259,1789782002282,btc-updown-5m-1789781700,5m,DOWN->UP,0.03,0.47,20.0,0.5,0.495
71088,1789782234122,1789782249134,btc-updown-5m-1789782000,5m,DOWN->UP,0.05,0.96,95.0,1.01,-0.01500000000000001
71118,1789782249722,1789782264742,btc-updown-5m-1789782000,5m,DOWN->UP,0.05,0.96,100.0,1.01,-0.01500000000000001
71148,1789782265220,1789782280298,btc-updown-5m-1789782000,5m,DOWN->UP,0.05,0.96,50.0,1.01,-0.01500000000000001
71178,1789782280692,1789782295759,btc-updown-5m-1789782000,5m,DOWN->UP,0.05,0.97,484.25,1.02,-0.02500000000000002
71208,1789782296221,1789782311458,btc-updown-5m-1789782000,5m,DOWN->UP,0.04,0.49,80.82,0.53,0.46499999999999997
71564,1789782393885,1789782408919,btc-updown-5m-1789782300,5m,DOWN->UP,0.08,0.94,377.0,1.02,-0.02500000000000002
71624,1789782409345,1789782424699,btc-updown-5m-1789782300,5m,DOWN->UP,0.07,0.94,92.32,1.01,-0.01500000000000001
71682,1789782425007,1789782440061,btc-updown-5m-1789782300,5m,DOWN->UP,0.07,0.94,150.32,1.01,-0.01500000000000001
71742,1789782440885,1789782455942,btc-updown-5m-1789782300,5m,DOWN->UP,0.07,0.94,21.38,1.01,-0.01500000000000001
71802,1789782456439,1789782471465,btc-updown-5m-1789782300,5m,DOWN->UP,0.07,0.95,630.75,1.02,-0.02500000000000002
71862,1789782472325,1789782487365,btc-updown-5m-1789782300,5m,DOWN->UP,0.06,0.94,80.32,1.0,-0.005
71922,1789782488070,1789782503070,btc-updown-5m-1789782300,5m,DOWN->UP,0.07,0.94,149.6,1.01,-0.01500000000000001
71982,1789782503446,1789782518507,btc-updown-5m-1789782300,5m,DOWN->UP,0.07,0.94,77.89,1.01,-0.01500000000000001
72042,1789782519251,1789782534265,btc-updown-5m-1789782300,5m,DOWN->UP,0.07,0.94,96.29,1.01,-0.01500000000000001
72102,1789782534959,1789782550006,btc-updown-5m-1789782300,5m,DOWN->UP,0.07,0.94,141.29,1.01,-0.01500000000000001
72158,1789782550508,1789782565543,btc-updown-5m-1789782300,5m,DOWN->UP,0.07,0.95,273.36,1.02,-0.02500000000000002
72218,1789782565931,1789782580970,btc-updown-5m-1789782300,5m,DOWN->UP,0.06,0.95,190.99,1.01,-0.01500000000000001
72278,1789782581564,1789782596598,btc-updown-5m-1789782300,5m,DOWN->UP,0.06,0.95,313.21,1.01,-0.01500000000000001
72336,1789782596692,1789782611815,btc-updown-5m-1789782300,5m,DOWN->UP,0.06,0.64,110.86,0.7,0.29500000000000004
77116,1789783937540,1789783952637,btc-updown-5m-1789783800,5m,DOWN->UP,0.13,0.88,21.86,1.01,-0.01500000000000001
77168,1789783952637,1789783967656,btc-updown-5m-1789783800,5m,DOWN->UP,0.13,0.88,157.0,1.01,-0.01500000000000001
77228,1789783968337,1789783983367,btc-updown-5m-1789783800,5m,DOWN->UP,0.13,0.88,455.2,1.01,-0.01500000000000001
77290,1789783983786,1789783999489,btc-updown-5m-1789783800,5m,DOWN->UP,0.13,0.88,94.0,1.01,-0.01500000000000001
77344,1789783999489,1789784014509,btc-updown-5m-1789783800,5m,DOWN->UP,0.13,0.97,89.0,1.1,-0.1050000000000001
77404,1789784015164,1789784030169,btc-updown-5m-1789783800,5m,DOWN->UP,0.04,0.96,182.93,1.0,-0.005
77466,1789784030967,1789784046001,btc-updown-5m-1789783800,5m,DOWN->UP,0.05,0.96,191.0,1.01,-0.01500000000000001
77520,1789784046321,1789784061353,btc-updown-5m-1789783800,5m,DOWN->UP,0.05,0.95,69.59,1.0,-0.005
77580,1789784061971,1789784076992,btc-updown-5m-1789783800,5m,DOWN->UP,0.06,0.95,124.0,1.01,-0.01500000000000001
77622,1789784077817,1789784092956,btc-updown-5m-1789783800,5m,DOWN->UP,0.06,0.95,216.43,1.01,-0.01500000000000001
77670,1789784093538,1789784108553,btc-updown-5m-1789783800,5m,DOWN->UP,0.06,0.39,345.34,0.45,0.545
97292,1789789478077,1789789493131,btc-updown-5m-1789789200,5m,DOWN->UP,0.02,0.98,23.0,1.0,-0.005
97352,1789789493618,1789789508629,btc-updown-5m-1789789200,5m,DOWN->UP,0.03,0.6,188.3,0.63,0.365
98280,1789789737087,1789789752112,btc-updown-5m-1789789500,5m,DOWN->UP,0.04,0.97,108.58,1.01,-0.01500000000000001
98342,1789789752758,1789789767800,btc-updown-5m-1789789500,5m,DOWN->UP,0.04,0.98,374.87,1.02,-0.02500000000000002
98402,1789789768542,1789789783618,btc-updown-5m-1789789500,5m,DOWN->UP,0.03,0.98,295.0,1.01,-0.01500000000000001
98462,1789789784430,1789789799444,btc-updown-5m-1789789500,5m,DOWN->UP,0.03,0.98,366.94,1.01,-0.01500000000000001
101772,1789790654068,1789790669092,btc-updown-5m-1789790400,5m,DOWN->UP,0.06,0.95,997.05,1.01,-0.01500000000000001
101832,1789790669601,1789790684640,btc-updown-5m-1789790400,5m,DOWN->UP,0.06,0.95,514.49,1.01,-0.01500000000000001
101896,1789790685205,1789790701761,btc-updown-5m-1789790400,5m,DOWN->UP,0.06,0.44,63.0,0.5,0.495
102544,1789790855772,1789790871020,btc-updown-5m-1789790700,5m,DOWN->UP,0.07,0.94,23.58,1.01,-0.01500000000000001
102604,1789790871442,1789790886455,btc-updown-5m-1789790700,5m,DOWN->UP,0.07,0.94,75.0,1.01,-0.01500000000000001
102664,1789790886919,1789790901956,btc-updown-5m-1789790700,5m,DOWN->UP,0.07,0.95,226.63,1.02,-0.02500000000000002
102724,1789790902272,1789790917298,btc-updown-5m-1789790700,5m,DOWN->UP,0.06,0.95,85.53,1.01,-0.01500000000000001
102780,1789790917471,1789790932477,btc-updown-5m-1789790700,5m,DOWN->UP,0.06,0.96,267.0,1.02,-0.02500000000000002
102840,1789790933171,1789790948204,btc-updown-5m-1789790700,5m,DOWN->UP,0.05,0.96,191.79,1.01,-0.01500000000000001
102894,1789790948918,1789790963924,btc-updown-5m-1789790700,5m,DOWN->UP,0.05,0.97,525.79,1.02,-0.02500000000000002
102950,1789790964085,1789790979167,btc-updown-5m-1789790700,5m,DOWN->UP,0.04,0.97,283.19,1.01,-0.01500000000000001
103022,1789790979762,1789791000686,btc-updown-5m-1789790700,5m,DOWN->UP,0.04,0.38,102.2,0.42,0.5750000000000001
110300,1789792960938,1789792975989,btc-updown-5m-1789792800,5m,DOWN->UP,0.04,0.97,417.35,1.01,-0.01500000000000001
110356,1789792975989,1789792991052,btc-updown-5m-1789792800,5m,DOWN->UP,0.04,0.97,510.37,1.01,-0.01500000000000001
110416,1789792991942,1789793007000,btc-updown-5m-1789792800,5m,DOWN->UP,0.04,0.98,538.2,1.02,-0.02500000000000002
110476,1789793007519,1789793022632,btc-updown-5m-1789792800,5m,DOWN->UP,0.03,0.97,221.3,1.0,-0.005
110534,1789793023529,1789793038532,btc-updown-5m-1789792800,5m,DOWN->UP,0.04,0.97,445.08,1.01,-0.01500000000000001
110592,1789793039502,1789793054540,btc-updown-5m-1789792800,5m,DOWN->UP,0.04,0.97,185.05,1.01,-0.01500000000000001
110654,1789793055518,1789793070624,btc-updown-5m-1789792800,5m,DOWN->UP,0.04,0.97,95.0,1.01,-0.01500000000000001
110710,1789793070711,1789793085720,btc-updown-5m-1789792800,5m,DOWN->UP,0.04,0.98,534.9,1.02,-0.02500000000000002
110768,1789793086547,1789793101571,btc-updown-5m-1789792800,5m,DOWN->UP,0.03,0.37,70.0,0.4,0.595
112780,1789793621770,1789793636782,btc-updown-5m-1789793400,5m,DOWN->UP,0.06,0.96,527.27,1.02,-0.02500000000000002
112840,1789793637465,1789793652769,btc-updown-5m-1789793400,5m,DOWN->UP,0.05,0.96,288.0,1.01,-0.01500000000000001
112898,1789793653292,1789793668345,btc-updown-5m-1789793400,5m,DOWN->UP,0.05,0.96,341.51,1.01,-0.01500000000000001
112958,1789793669045,1789793684048,btc-updown-5m-1789793400,5m,DOWN->UP,0.05,0.96,191.93,1.01,-0.01500000000000001
113018,1789793684490,1789793699532,btc-updown-5m-1789793400,5m,DOWN->UP,0.05,0.97,342.53,1.02,-0.02500000000000002
118170,1789795148931,1789795163970,btc-updown-5m-1789794900,5m,DOWN->UP,0.14,0.87,51.95,1.01,-0.01500000000000001
118230,1789795164381,1789795179439,btc-updown-5m-1789794900,5m,DOWN->UP,0.14,0.87,20.72,1.01,-0.01500000000000001
118290,1789795180243,1789795195267,btc-updown-5m-1789794900,5m,DOWN->UP,0.14,0.87,20.72,1.01,-0.01500000000000001
118348,1789795196135,1789795211186,btc-updown-5m-1789794900,5m,DOWN->UP,0.14,0.31,153.0,0.45,0.545
120164,1789795680632,1789795695676,btc-updown-5m-1789795500,5m,DOWN->UP,0.14,0.87,68.85,1.01,-0.01500000000000001
120224,1789795696407,1789795711443,btc-updown-5m-1789795500,5m,DOWN->UP,0.14,0.87,15.0,1.01,-0.01500000000000001
120284,1789795712312,1789795727312,btc-updown-5m-1789795500,5m,DOWN->UP,0.14,0.91,120.0,1.05,-0.05500000000000004
120344,1789795727818,1789795742850,btc-updown-5m-1789795500,5m,DOWN->UP,0.11,0.91,93.0,1.02,-0.02500000000000002
120402,1789795743660,1789795758687,btc-updown-5m-1789795500,5m,DOWN->UP,0.1,0.91,163.07,1.01,-0.01500000000000001
125862,1789797233002,1789797248010,btc-updown-5m-1789797000,5m,DOWN->UP,0.04,0.97,240.18,1.01,-0.01500000000000001
125922,1789797248563,1789797263572,btc-updown-5m-1789797000,5m,DOWN->UP,0.04,0.98,592.86,1.02,-0.02500000000000002
125982,1789797264072,1789797279237,btc-updown-5m-1789797000,5m,DOWN->UP,0.03,0.98,345.0,1.01,-0.01500000000000001
126042,1789797279507,1789797294548,btc-updown-5m-1789797000,5m,DOWN->UP,0.03,0.98,366.59,1.01,-0.01500000000000001
126102,1789797295260,1789797310283,btc-updown-5m-1789797000,5m,DOWN->UP,0.03,0.55,115.35,0.5800000000000001,0.4149999999999999
127836,1789797752481,1789797767525,btc-updown-5m-1789797600,5m,DOWN->UP,0.09,0.92,259.34,1.01,-0.01500000000000001
127896,1789797767944,1789797782960,btc-updown-5m-1789797600,5m,DOWN->UP,0.09,0.92,249.99,1.01,-0.01500000000000001
127954,1789797783373,1789797798492,btc-updown-5m-1789797600,5m,DOWN->UP,0.09,0.92,268.27,1.01,-0.01500000000000001
128014,1789797798934,1789797813934,btc-updown-5m-1789797600,5m,DOWN->UP,0.09,0.92,205.47,1.01,-0.01500000000000001
128074,1789797814456,1789797829658,btc-updown-5m-1789797600,5m,DOWN->UP,0.09,0.93,90.0,1.02,-0.02500000000000002
128134,1789797830523,1789797845551,btc-updown-5m-1789797600,5m,DOWN->UP,0.08,0.93,125.0,1.01,-0.01500000000000001
128190,1789797846023,1789797861073,btc-updown-5m-1789797600,5m,DOWN->UP,0.08,0.94,314.85,1.02,-0.02500000000000002
128244,1789797861492,1789797876564,btc-updown-5m-1789797600,5m,DOWN->UP,0.07,0.94,55.0,1.01,-0.01500000000000001
128304,1789797876893,1789797891912,btc-updown-5m-1789797600,5m,DOWN->UP,0.07,0.94,85.68,1.01,-0.01500000000000001
128364,1789797892218,1789797907250,btc-updown-5m-1789797600,5m,DOWN->UP,0.07,0.46,302.04,0.53,0.46499999999999997
128940,1789798046133,1789798061196,btc-updown-5m-1789797900,5m,DOWN->UP,0.1,0.91,36.02,1.01,-0.01500000000000001
129000,1789798061882,1789798076925,btc-updown-5m-1789797900,5m,DOWN->UP,0.1,0.92,330.17,1.02,-0.02500000000000002
129060,1789798077631,1789798092645,btc-updown-5m-1789797900,5m,DOWN->UP,0.09,0.92,286.59,1.01,-0.01500000000000001
129120,1789798093116,1789798108156,btc-updown-5m-1789797900,5m,DOWN->UP,0.09,0.92,170.08,1.01,-0.01500000000000001
129180,1789798108572,1789798123583,btc-updown-5m-1789797900,5m,DOWN->UP,0.09,0.92,531.66,1.01,-0.01500000000000001
129240,1789798124450,1789798139499,btc-updown-5m-1789797900,5m,DOWN->UP,0.09,0.92,181.25,1.01,-0.01500000000000001
129300,1789798140151,1789798155176,btc-updown-5m-1789797900,5m,DOWN->UP,0.09,0.9,2.56,0.99,0.005000000000000009
129360,1789798155734,1789798170779,btc-updown-5m-1789797900,5m,DOWN->UP,0.11,0.9,377.27,1.01,-0.01500000000000001
129420,1789798171238,1789798186283,btc-updown-5m-1789797900,5m,DOWN->UP,0.11,0.9,225.71,1.01,-0.01500000000000001
129478,1789798186998,1789798202296,btc-updown-5m-1789797900,5m,DOWN->UP,0.11,0.33,378.53,0.44,0.555
135578,1789799847926,1789799862942,btc-updown-5m-1789799700,5m,DOWN->UP,0.05,0.97,518.7,1.02,-0.02500000000000002
135638,1789799863487,1789799878500,btc-updown-5m-1789799700,5m,DOWN->UP,0.04,0.97,180.0,1.01,-0.01500000000000001
135698,1789799878835,1789799893849,btc-updown-5m-1789799700,5m,DOWN->UP,0.04,0.97,85.0,1.01,-0.01500000000000001
135758,1789799894149,1789799909175,btc-updown-5m-1789799700,5m,DOWN->UP,0.04,0.96,144.62,1.0,-0.005
135818,1789799909760,1789799924763,btc-updown-5m-1789799700,5m,DOWN->UP,0.05,0.96,164.0,1.01,-0.01500000000000001
135878,1789799925242,1789799940250,btc-updown-5m-1789799700,5m,DOWN->UP,0.05,0.96,391.97,1.01,-0.01500000000000001
135938,1789799940843,1789799955875,btc-updown-5m-1789799700,5m,DOWN->UP,0.05,0.96,122.95,1.01,-0.01500000000000001
136000,1789799956335,1789799971541,btc-updown-5m-1789799700,5m,DOWN->UP,0.05,0.96,68.0,1.01,-0.01500000000000001
136060,1789799971983,1789799986997,btc-updown-5m-1789799700,5m,DOWN->UP,0.05,0.96,62.79,1.01,-0.01500000000000001
136120,1789799987793,1789800002807,btc-updown-5m-1789799700,5m,DOWN->UP,0.05,0.47,138.36,0.52,0.475
138266,1789800549654,1789800564710,btc-updown-5m-1789800300,5m,DOWN->UP,0.11,0.9,6.53,1.01,-0.01500000000000001
140444,1789801147188,1789801162222,btc-updown-5m-1789800900,5m,DOWN->UP,0.14,0.86,6.66,1.0,-0.005
141306,1789801374657,1789801389669,btc-updown-5m-1789801200,5m,DOWN->UP,0.14,0.9,65.0,1.04,-0.04500000000000003
141368,1789801390349,1789801405382,btc-updown-5m-1789801200,5m,DOWN->UP,0.12,0.88,39.99,1.0,-0.005
141428,1789801406032,1789801421093,btc-updown-5m-1789801200,5m,DOWN->UP,0.13,0.88,236.72,1.01,-0.01500000000000001
141488,1789801421779,1789801436809,btc-updown-5m-1789801200,5m,DOWN->UP,0.13,0.88,224.55,1.01,-0.01500000000000001
141604,1789801452262,1789801482053,btc-updown-5m-1789801200,5m,DOWN->UP,0.01,0.999,7.0,1.009,-0.013999999999999898
141642,1789801482053,1789801497130,btc-updown-5m-1789801200,5m,DOWN->UP,0.002,0.999,1.0,1.001,-0.00599999999999989
141702,1789801497642,1789801512702,btc-updown-5m-1789801200,5m,DOWN->UP,0.01,0.5,24.68,0.51,0.485
144434,1789802332385,1789802347461,btc-updown-5m-1789802100,5m,DOWN->UP,0.02,0.99,441.0,1.01,-0.01500000000000001
144494,1789802347818,1789802362854,btc-updown-5m-1789802100,5m,DOWN->UP,0.02,0.99,422.0,1.01,-0.01500000000000001
144554,1789802363147,1789802378159,btc-updown-5m-1789802100,5m,DOWN->UP,0.02,0.99,321.3,1.01,-0.01500000000000001
144612,1789802378795,1789802393837,btc-updown-5m-1789802100,5m,DOWN->UP,0.02,0.99,128.8,1.01,-0.01500000000000001
144670,1789802394792,1789802409810,btc-updown-5m-1789802100,5m,DOWN->UP,0.02,0.31,15.0,0.33,0.6649999999999999
147798,1789803252089,1789803267142,btc-updown-5m-1789803000,5m,DOWN->UP,0.02,0.99,365.93,1.01,-0.01500000000000001
147858,1789803267765,1789803282791,btc-updown-5m-1789803000,5m,DOWN->UP,0.02,0.99,320.65,1.01,-0.01500000000000001
147918,1789803283589,1789803298598,btc-updown-5m-1789803000,5m,DOWN->UP,0.02,0.95,232.64,0.97,0.025000000000000026
147978,1789803298886,1789803313915,btc-updown-5m-1789803000,5m,DOWN->UP,0.06,0.45,108.37,0.51,0.485
150046,1789803840968,1789803855981,btc-updown-5m-1789803600,5m,DOWN->UP,0.07,0.95,176.59,1.02,-0.02500000000000002
150106,1789803856815,1789803871850,btc-updown-5m-1789803600,5m,DOWN->UP,0.06,0.95,57.0,1.01,-0.01500000000000001
150166,1789803872444,1789803887459,btc-updown-5m-1789803600,5m,DOWN->UP,0.06,0.96,28.57,1.02,-0.02500000000000002
150208,1789803888167,1789803903194,btc-updown-5m-1789803600,5m,DOWN->UP,0.05,0.49,34.65,0.54,0.45499999999999996
151898,1789804338110,1789804353130,btc-updown-5m-1789804200,5m,DOWN->UP,0.11,0.9,100.83,1.01,-0.01500000000000001
151958,1789804353466,1789804368518,btc-updown-5m-1789804200,5m,DOWN->UP,0.11,0.91,127.81,1.02,-0.02500000000000002
152018,1789804368957,1789804383964,btc-updown-5m-1789804200,5m,DOWN->UP,0.1,0.91,374.46,1.01,-0.01500000000000001
152078,1789804384627,1789804399656,btc-updown-5m-1789804200,5m,DOWN->UP,0.1,0.91,140.0,1.01,-0.01500000000000001
152136,1789804400479,1789804415524,btc-updown-5m-1789804200,5m,DOWN->UP,0.1,0.91,15.0,1.01,-0.01500000000000001
152194,1789804415524,1789804430542,btc-updown-5m-1789804200,5m,DOWN->UP,0.1,0.91,40.42,1.01,-0.01500000000000001
152254,1789804431172,1789804446218,btc-updown-5m-1789804200,5m,DOWN->UP,0.1,0.92,904.13,1.02,-0.02500000000000002
152314,1789804446631,1789804461644,btc-updown-5m-1789804200,5m,DOWN->UP,0.09,0.92,330.12,1.01,-0.01500000000000001
152376,1789804462094,1789804478578,btc-updown-5m-1789804200,5m,DOWN->UP,0.09,0.92,277.0,1.01,-0.01500000000000001
152430,1789804478578,1789804493610,btc-updown-5m-1789804200,5m,DOWN->UP,0.09,0.92,288.06,1.01,-0.01500000000000001
152486,1789804493990,1789804509006,btc-updown-5m-1789804200,5m,DOWN->UP,0.09,0.7,61.0,0.7899999999999999,0.20500000000000007
153362,1789804726919,1789804741930,btc-updown-5m-1789804500,5m,DOWN->UP,0.14,0.87,133.99,1.01,-0.01500000000000001
153422,1789804742259,1789804757274,btc-updown-5m-1789804500,5m,DOWN->UP,0.14,0.87,355.1,1.01,-0.01500000000000001
153480,1789804757798,1789804772818,btc-updown-5m-1789804500,5m,DOWN->UP,0.14,0.87,244.0,1.01,-0.01500000000000001
153542,1789804773614,1789804788689,btc-updown-5m-1789804500,5m,DOWN->UP,0.14,0.87,208.49,1.01,-0.01500000000000001
153600,1789804789600,1789804804693,btc-updown-5m-1789804500,5m,DOWN->UP,0.14,0.41,5.0,0.55,0.44499999999999995
155176,1789805230944,1789805246012,btc-updown-5m-1789805100,5m,DOWN->UP,0.09,0.93,306.56,1.02,-0.02500000000000002
155234,1789805246488,1789805261582,btc-updown-5m-1789805100,5m,DOWN->UP,0.08,0.93,313.87,1.01,-0.01500000000000001
155294,1789805262059,1789805277244,btc-updown-5m-1789805100,5m,DOWN->UP,0.08,0.93,206.56,1.01,-0.01500000000000001
155356,1789805277848,1789805292882,btc-updown-5m-1789805100,5m,DOWN->UP,0.08,0.93,206.56,1.01,-0.01500000000000001
155414,1789805293520,1789805308561,btc-updown-5m-1789805100,5m,DOWN->UP,0.08,0.93,5.0,1.01,-0.01500000000000001
155476,1789805309866,1789805324926,btc-updown-5m-1789805100,5m,DOWN->UP,0.08,0.95,95.6,1.03,-0.035000000000000024
155532,1789805325030,1789805340046,btc-updown-5m-1789805100,5m,DOWN->UP,0.07,0.96,142.33,1.03,-0.035000000000000024
155588,1789805340133,1789805355151,btc-updown-5m-1789805100,5m,DOWN->UP,0.06,0.96,224.57,1.02,-0.02500000000000002
155648,1789805355649,1789805370699,btc-updown-5m-1789805100,5m,DOWN->UP,0.05,0.96,309.31,1.01,-0.01500000000000001
155708,1789805371101,1789805386121,btc-updown-5m-1789805100,5m,DOWN->UP,0.05,0.96,305.31,1.01,-0.01500000000000001
155768,1789805387103,1789805402116,btc-updown-5m-1789805100,5m,DOWN->UP,0.05,0.59,207.0,0.64,0.355
156360,1789805542424,1789805557595,btc-updown-5m-1789805400,5m,DOWN->UP,0.14,0.87,133.32,1.01,-0.01500000000000001
156422,1789805558224,1789805573303,btc-updown-5m-1789805400,5m,DOWN->UP,0.14,0.88,413.22,1.02,-0.02500000000000002
156480,1789805573854,1789805588896,btc-updown-5m-1789805400,5m,DOWN->UP,0.13,0.88,24.84,1.01,-0.01500000000000001
156542,1789805589819,1789805604862,btc-updown-5m-1789805400,5m,DOWN->UP,0.13,0.88,73.02,1.01,-0.01500000000000001
156598,1789805605838,1789805620852,btc-updown-5m-1789805400,5m,DOWN->UP,0.13,0.89,101.0,1.02,-0.02500000000000002
156658,1789805621581,1789805636625,btc-updown-5m-1789805400,5m,DOWN->UP,0.12,0.9,154.25,1.02,-0.02500000000000002
156720,1789805637244,1789805652370,btc-updown-5m-1789805400,5m,DOWN->UP,0.11,0.91,262.74,1.02,-0.02500000000000002
156778,1789805652998,1789805668006,btc-updown-5m-1789805400,5m,DOWN->UP,0.1,0.91,168.32,1.01,-0.01500000000000001
156836,1789805668006,1789805683032,btc-updown-5m-1789805400,5m,DOWN->UP,0.1,0.91,171.08,1.01,-0.01500000000000001
156896,1789805683472,1789805701457,btc-updown-5m-1789805400,5m,DOWN->UP,0.1,0.39,273.69,0.49,0.505
158260,1789806077239,1789806092252,btc-updown-5m-1789806000,5m,DOWN->UP,0.06,0.94,12.0,1.0,-0.005
158318,1789806093481,1789806108503,btc-updown-5m-1789806000,5m,DOWN->UP,0.07,0.94,181.0,1.01,-0.01500000000000001
158372,1789806109665,1789806124685,btc-updown-5m-1789806000,5m,DOWN->UP,0.07,0.94,271.64,1.01,-0.01500000000000001
158432,1789806125455,1789806140489,btc-updown-5m-1789806000,5m,DOWN->UP,0.07,0.94,106.0,1.01,-0.01500000000000001
158486,1789806140489,1789806155529,btc-updown-5m-1789806000,5m,DOWN->UP,0.07,0.96,190.0,1.03,-0.035000000000000024
158546,1789806156381,1789806171514,btc-updown-5m-1789806000,5m,DOWN->UP,0.07,0.97,464.48,1.04,-0.04500000000000003
158604,1789806171514,1789806186522,btc-updown-5m-1789806000,5m,DOWN->UP,0.05,0.97,389.27,1.02,-0.02500000000000002
158664,1789806187390,1789806202512,btc-updown-5m-1789806000,5m,DOWN->UP,0.04,0.97,55.22,1.01,-0.01500000000000001
158718,1789806203242,1789806218255,btc-updown-5m-1789806000,5m,DOWN->UP,0.04,0.97,103.88,1.01,-0.01500000000000001
158778,1789806219152,1789806234194,btc-updown-5m-1789806000,5m,DOWN->UP,0.04,0.98,527.4,1.02,-0.02500000000000002
162044,1789807145187,1789807160223,btc-updown-5m-1789806900,5m,DOWN->UP,0.03,0.98,301.32,1.01,-0.01500000000000001
162102,1789807160877,1789807175935,btc-updown-5m-1789806900,5m,DOWN->UP,0.03,0.98,352.98,1.01,-0.01500000000000001
162162,1789807176399,1789807191446,btc-updown-5m-1789806900,5m,DOWN->UP,0.03,0.98,266.7,1.01,-0.01500000000000001
162222,1789807192027,1789807207138,btc-updown-5m-1789806900,5m,DOWN->UP,0.03,0.4,49.99,0.43000000000000005,0.565
164320,1789807740692,1789807755835,btc-updown-5m-1789807500,5m,DOWN->UP,0.06,0.95,77.0,1.01,-0.01500000000000001
164380,1789807756236,1789807771270,btc-updown-5m-1789807500,5m,DOWN->UP,0.06,0.95,67.0,1.01,-0.01500000000000001
164440,1789807772004,1789807787035,btc-updown-5m-1789807500,5m,DOWN->UP,0.06,0.95,47.97,1.01,-0.01500000000000001
164500,1789807787893,1789807802923,btc-updown-5m-1789807500,5m,DOWN->UP,0.06,0.5,5.0,0.56,0.43499999999999994
167560,1789808614267,1789808629300,btc-updown-5m-1789808400,5m,DOWN->UP,0.07,0.94,91.72,1.01,-0.01500000000000001
167620,1789808629850,1789808644866,btc-updown-5m-1789808400,5m,DOWN->UP,0.07,0.93,84.0,1.0,-0.005
167680,1789808645270,1789808660309,btc-updown-5m-1789808400,5m,DOWN->UP,0.08,0.93,328.55,1.01,-0.01500000000000001
167740,1789808661188,1789808676201,btc-updown-5m-1789808400,5m,DOWN->UP,0.08,0.93,218.27,1.01,-0.01500000000000001
167800,1789808676608,1789808691648,btc-updown-5m-1789808400,5m,DOWN->UP,0.08,0.93,109.14,1.01,-0.01500000000000001
167860,1789808692102,1789808707134,btc-updown-5m-1789808400,5m,DOWN->UP,0.08,0.5,232.16,0.58,0.41500000000000004
168404,1789808834562,1789808849578,btc-updown-5m-1789808700,5m,DOWN->UP,0.08,0.93,488.79,1.01,-0.01500000000000001
168464,1789808850009,1789808865055,btc-updown-5m-1789808700,5m,DOWN->UP,0.08,0.93,434.79,1.01,-0.01500000000000001
168524,1789808865438,1789808880482,btc-updown-5m-1789808700,5m,DOWN->UP,0.08,0.93,326.88,1.01,-0.01500000000000001
168584,1789808880928,1789808896279,btc-updown-5m-1789808700,5m,DOWN->UP,0.08,0.93,306.82,1.01,-0.01500000000000001
168640,1789808896758,1789808911825,btc-updown-5m-1789808700,5m,DOWN->UP,0.08,0.93,455.25,1.01,-0.01500000000000001
168690,1789808913196,1789808928217,btc-updown-5m-1789808700,5m,DOWN->UP,0.08,0.93,378.25,1.01,-0.01500000000000001
168748,1789808928513,1789808943685,btc-updown-5m-1789808700,5m,DOWN->UP,0.08,0.93,350.82,1.01,-0.01500000000000001
168800,1789808943933,1789808958940,btc-updown-5m-1789808700,5m,DOWN->UP,0.08,0.93,510.67,1.01,-0.01500000000000001
171788,1789809820251,1789809835290,btc-updown-5m-1789809600,5m,DOWN->UP,0.02,0.99,99.0,1.01,-0.01500000000000001
171848,1789809835939,1789809850985,btc-updown-5m-1789809600,5m,DOWN->UP,0.02,0.99,85.37,1.01,-0.01500000000000001
171908,1789809851813,1789809866851,btc-updown-5m-1789809600,5m,DOWN->UP,0.02,0.99,85.37,1.01,-0.01500000000000001
171966,1789809867060,1789809882085,btc-updown-5m-1789809600,5m,DOWN->UP,0.02,0.98,20.37,1.0,-0.005
172026,1789809882847,1789809897874,btc-updown-5m-1789809600,5m,DOWN->UP,0.03,0.98,315.2,1.01,-0.01500000000000001
172084,1789809898574,1789809913592,btc-updown-5m-1789809600,5m,DOWN->UP,0.03,0.62,97.77,0.65,0.345
176838,1789811223161,1789811238196,btc-updown-5m-1789811100,5m,DOWN->UP,0.04,0.97,343.0,1.01,-0.01500000000000001
176898,1789811239227,1789811254256,btc-updown-5m-1789811100,5m,DOWN->UP,0.04,0.97,145.0,1.01,-0.01500000000000001
176956,1789811254608,1789811269647,btc-updown-5m-1789811100,5m,DOWN->UP,0.04,0.97,195.0,1.01,-0.01500000000000001
177018,1789811270468,1789811285510,btc-updown-5m-1789811100,5m,DOWN->UP,0.04,0.97,406.42,1.01,-0.01500000000000001
177078,1789811286367,1789811301460,btc-updown-5m-1789811100,5m,DOWN->UP,0.04,0.97,489.51,1.01,-0.01500000000000001
177138,1789811302096,1789811317162,btc-updown-5m-1789811100,5m,DOWN->UP,0.04,0.97,384.12,1.01,-0.01500000000000001
177194,1789811317162,1789811332190,btc-updown-5m-1789811100,5m,DOWN->UP,0.04,0.96,146.43,1.0,-0.005
177252,1789811332867,1789811347886,btc-updown-5m-1789811100,5m,DOWN->UP,0.05,0.96,43.0,1.01,-0.01500000000000001
177312,1789811348801,1789811363803,btc-updown-5m-1789811100,5m,DOWN->UP,0.05,0.96,253.0,1.01,-0.01500000000000001
177408,1789811371617,1789811401435,btc-updown-5m-1789811100,5m,DOWN->UP,0.05,0.56,210.36,0.6100000000000001,0.3849999999999999
182396,1789812735693,1789812750909,btc-updown-5m-1789812600,5m,DOWN->UP,0.1,0.92,366.88,1.02,-0.02500000000000002
182454,1789812751761,1789812766772,btc-updown-5m-1789812600,5m,DOWN->UP,0.09,0.92,311.59,1.01,-0.01500000000000001
182516,1789812767653,1789812782703,btc-updown-5m-1789812600,5m,DOWN->UP,0.09,0.93,607.87,1.02,-0.02500000000000002
182572,1789812782820,1789812797878,btc-updown-5m-1789812600,5m,DOWN->UP,0.09,0.93,577.75,1.02,-0.02500000000000002
182630,1789812798299,1789812813359,btc-updown-5m-1789812600,5m,DOWN->UP,0.08,0.93,325.59,1.01,-0.01500000000000001
182690,1789812813928,1789812828933,btc-updown-5m-1789812600,5m,DOWN->UP,0.08,0.93,443.92,1.01,-0.01500000000000001
182750,1789812829499,1789812844544,btc-updown-5m-1789812600,5m,DOWN->UP,0.08,0.95,60.26,1.03,-0.035000000000000024
182810,1789812845106,1789812860364,btc-updown-5m-1789812600,5m,DOWN->UP,0.06,0.96,105.16,1.02,-0.02500000000000002
182868,1789812860719,1789812875732,btc-updown-5m-1789812600,5m,DOWN->UP,0.05,0.97,327.99,1.02,-0.02500000000000002
182954,1789812876172,1789812904077,btc-updown-5m-1789812600,5m,DOWN->UP,0.04,0.6,215.66,0.64,0.355
184632,1789813332015,1789813347049,btc-updown-5m-1789813200,5m,DOWN->UP,0.12,0.89,395.38,1.01,-0.01500000000000001
184692,1789813347551,1789813362569,btc-updown-5m-1789813200,5m,DOWN->UP,0.12,0.88,158.0,1.0,-0.005
184752,1789813363009,1789813378058,btc-updown-5m-1789813200,5m,DOWN->UP,0.13,0.87,5.0,1.0,-0.005
184810,1789813378610,1789813393658,btc-updown-5m-1789813200,5m,DOWN->UP,0.14,0.87,616.0,1.01,-0.01500000000000001
184870,1789813394072,1789813409149,btc-updown-5m-1789813200,5m,DOWN->UP,0.14,0.87,533.28,1.01,-0.01500000000000001
184930,1789813409751,1789813424771,btc-updown-5m-1789813200,5m,DOWN->UP,0.14,0.87,265.21,1.01,-0.01500000000000001
184990,1789813425500,1789813440518,btc-updown-5m-1789813200,5m,DOWN->UP,0.14,0.87,169.26,1.01,-0.01500000000000001
185050,1789813441239,1789813456298,btc-updown-5m-1789813200,5m,DOWN->UP,0.14,0.87,52.49,1.01,-0.01500000000000001
185110,1789813457051,1789813472158,btc-updown-5m-1789813200,5m,DOWN->UP,0.14,0.88,65.0,1.02,-0.02500000000000002
185198,1789813472858,1789813502552,btc-updown-5m-1789813200,5m,DOWN->UP,0.13,0.57,481.99,0.7,0.29500000000000004
190238,1789814859855,1789814874863,btc-updown-5m-1789814700,5m,DOWN->UP,0.06,0.95,138.0,1.01,-0.01500000000000001
190298,1789814875233,1789814890274,btc-updown-5m-1789814700,5m,DOWN->UP,0.06,0.95,148.0,1.01,-0.01500000000000001
190358,1789814890696,1789814905761,btc-updown-5m-1789814700,5m,DOWN->UP,0.06,0.95,217.0,1.01,-0.01500000000000001
190418,1789814906455,1789814921466,btc-updown-5m-1789814700,5m,DOWN->UP,0.06,0.95,155.4,1.01,-0.01500000000000001
190478,1789814921927,1789814936960,btc-updown-5m-1789814700,5m,DOWN->UP,0.06,0.95,83.57,1.01,-0.01500000000000001
190538,1789814937429,1789814952446,btc-updown-5m-1789814700,5m,DOWN->UP,0.06,0.95,80.82,1.01,-0.01500000000000001
190598,1789814953067,1789814968121,btc-updown-5m-1789814700,5m,DOWN->UP,0.06,0.95,70.82,1.01,-0.01500000000000001
190658,1789814969153,1789814984338,btc-updown-5m-1789814700,5m,DOWN->UP,0.06,0.95,125.82,1.01,-0.01500000000000001
190718,1789814985190,1789815000455,btc-updown-5m-1789814700,5m,DOWN->UP,0.06,0.54,60.0,0.6000000000000001,0.3949999999999999
193510,1789815755019,1789815770038,btc-updown-5m-1789815600,5m,DOWN->UP,0.06,0.95,129.43,1.01,-0.01500000000000001
193570,1789815770408,1789815785424,btc-updown-5m-1789815600,5m,DOWN->UP,0.06,0.95,140.2,1.01,-0.01500000000000001
193630,1789815785780,1789815800813,btc-updown-5m-1789815600,5m,DOWN->UP,0.06,0.96,250.0,1.02,-0.02500000000000002
193688,1789815801396,1789815816436,btc-updown-5m-1789815600,5m,DOWN->UP,0.05,0.96,245.0,1.01,-0.01500000000000001
193748,1789815817351,1789815832373,btc-updown-5m-1789815600,5m,DOWN->UP,0.05,0.96,229.58,1.01,-0.01500000000000001
193808,1789815833144,1789815848153,btc-updown-5m-1789815600,5m,DOWN->UP,0.05,0.96,179.37,1.01,-0.01500000000000001
193870,1789815848778,1789815863866,btc-updown-5m-1789815600,5m,DOWN->UP,0.05,0.97,114.28,1.02,-0.02500000000000002
193928,1789815864353,1789815879380,btc-updown-5m-1789815600,5m,DOWN->UP,0.04,0.97,89.99,1.01,-0.01500000000000001
194006,1789815879829,1789815903471,btc-updown-5m-1789815600,5m,DOWN->UP,0.04,0.51,558.71,0.55,0.44499999999999995
203682,1789818541616,1789818556632,btc-updown-5m-1789818300,5m,DOWN->UP,0.14,0.86,95.0,1.0,-0.005
207842,1789819633534,1789819648567,btc-updown-5m-1789819500,5m,DOWN->UP,0.11,0.9,78.24,1.01,-0.01500000000000001
207898,1789819648670,1789819663675,btc-updown-5m-1789819500,5m,DOWN->UP,0.11,0.9,84.59,1.01,-0.01500000000000001
207958,1789819664151,1789819679189,btc-updown-5m-1789819500,5m,DOWN->UP,0.11,0.9,9.12,1.01,-0.01500000000000001
208018,1789819679922,1789819694933,btc-updown-5m-1789819500,5m,DOWN->UP,0.11,0.96,287.67,1.07,-0.07500000000000007
208078,1789819695789,1789819710829,btc-updown-5m-1789819500,5m,DOWN->UP,0.05,0.98,161.0,1.03,-0.035000000000000024
208138,1789819711405,1789819726440,btc-updown-5m-1789819500,5m,DOWN->UP,0.03,0.98,154.22,1.01,-0.01500000000000001
208198,1789819727215,1789819742269,btc-updown-5m-1789819500,5m,DOWN->UP,0.03,0.98,136.81,1.01,-0.01500000000000001
208260,1789819742986,1789819758015,btc-updown-5m-1789819500,5m,DOWN->UP,0.03,0.98,120.63,1.01,-0.01500000000000001
208320,1789819758776,1789819773798,btc-updown-5m-1789819500,5m,DOWN->UP,0.03,0.98,455.93,1.01,-0.01500000000000001
208380,1789819774421,1789819789446,btc-updown-5m-1789819500,5m,DOWN->UP,0.03,0.98,107.8,1.01,-0.01500000000000001
208440,1789819790342,1789819805372,btc-updown-5m-1789819500,5m,DOWN->UP,0.03,0.62,110.0,0.65,0.345
210362,1789820296441,1789820311459,btc-updown-5m-1789820100,5m,DOWN->UP,0.14,0.87,50.0,1.01,-0.01500000000000001
210422,1789820311976,1789820327017,btc-updown-5m-1789820100,5m,DOWN->UP,0.14,0.87,137.79,1.01,-0.01500000000000001
210482,1789820327765,1789820342785,btc-updown-5m-1789820100,5m,DOWN->UP,0.14,0.87,124.13,1.01,-0.01500000000000001
210542,1789820343476,1789820358532,btc-updown-5m-1789820100,5m,DOWN->UP,0.14,0.87,150.18,1.01,-0.01500000000000001
210602,1789820359020,1789820374034,btc-updown-5m-1789820100,5m,DOWN->UP,0.14,0.87,152.53,1.01,-0.01500000000000001
210676,1789820374948,1789820402879,btc-updown-5m-1789820100,5m,DOWN->UP,0.14,0.36,184.39,0.5,0.495
212452,1789820857124,1789820872164,btc-updown-5m-1789820700,5m,DOWN->UP,0.07,0.94,159.42,1.01,-0.01500000000000001
212512,1789820872775,1789820887849,btc-updown-5m-1789820700,5m,DOWN->UP,0.07,0.94,247.0,1.01,-0.01500000000000001
212572,1789820888663,1789820903668,btc-updown-5m-1789820700,5m,DOWN->UP,0.07,0.93,53.63,1.0,-0.005
212620,1789820904295,1789820919327,btc-updown-5m-1789820700,5m,DOWN->UP,0.08,0.93,260.36,1.01,-0.01500000000000001
212648,1789820919859,1789820934863,btc-updown-5m-1789820700,5m,DOWN->UP,0.08,0.93,146.27,1.01,-0.01500000000000001
212678,1789820935341,1789820950369,btc-updown-5m-1789820700,5m,DOWN->UP,0.08,0.93,55.0,1.01,-0.01500000000000001
212708,1789820950982,1789820966098,btc-updown-5m-1789820700,5m,DOWN->UP,0.08,0.94,81.36,1.02,-0.02500000000000002
212738,1789820966490,1789820981574,btc-updown-5m-1789820700,5m,DOWN->UP,0.07,0.95,594.55,1.02,-0.02500000000000002
212768,1789820981848,1789820996943,btc-updown-5m-1789820700,5m,DOWN->UP,0.06,0.95,25.19,1.01,-0.01500000000000001
212798,1789820997915,1789821012931,btc-updown-5m-1789820700,5m,DOWN->UP,0.06,0.44,10.0,0.5,0.495
215598,1789821751938,1789821766968,btc-updown-5m-1789821600,5m,DOWN->UP,0.13,0.88,43.86,1.01,-0.01500000000000001
215656,1789821767602,1789821782638,btc-updown-5m-1789821600,5m,DOWN->UP,0.13,0.89,133.87,1.02,-0.02500000000000002
215716,1789821783052,1789821798124,btc-updown-5m-1789821600,5m,DOWN->UP,0.12,0.89,105.0,1.01,-0.01500000000000001
215774,1789821798634,1789821813696,btc-updown-5m-1789821600,5m,DOWN->UP,0.12,0.89,100.0,1.01,-0.01500000000000001
215834,1789821814319,1789821829330,btc-updown-5m-1789821600,5m,DOWN->UP,0.12,0.89,100.0,1.01,-0.01500000000000001
215894,1789821829773,1789821844823,btc-updown-5m-1789821600,5m,DOWN->UP,0.12,0.89,50.0,1.01,-0.01500000000000001
215956,1789821845389,1789821860474,btc-updown-5m-1789821600,5m,DOWN->UP,0.12,0.89,50.0,1.01,-0.01500000000000001
216000,1789821860777,1789821875787,btc-updown-5m-1789821600,5m,DOWN->UP,0.12,0.9,198.07,1.02,-0.02500000000000002
216030,1789821876160,1789821891185,btc-updown-5m-1789821600,5m,DOWN->UP,0.11,0.9,159.96,1.01,-0.01500000000000001
216060,1789821891842,1789821906871,btc-updown-5m-1789821600,5m,DOWN->UP,0.11,0.64,6.4,0.75,0.245
217594,1789822338628,1789822353674,btc-updown-5m-1789822200,5m,DOWN->UP,0.06,0.95,144.35,1.01,-0.01500000000000001
217654,1789822353977,1789822368977,btc-updown-5m-1789822200,5m,DOWN->UP,0.06,0.95,38.0,1.01,-0.01500000000000001
217714,1789822369568,1789822384600,btc-updown-5m-1789822200,5m,DOWN->UP,0.06,0.93,24.68,0.99,0.005000000000000009
217774,1789822384963,1789822400029,btc-updown-5m-1789822200,5m,DOWN->UP,0.08,0.93,147.42,1.01,-0.01500000000000001
217834,1789822400617,1789822415663,btc-updown-5m-1789822200,5m,DOWN->UP,0.08,0.93,92.42,1.01,-0.01500000000000001
217892,1789822416318,1789822431323,btc-updown-5m-1789822200,5m,DOWN->UP,0.08,0.92,67.42,1.0,-0.005
217950,1789822431395,1789822446440,btc-updown-5m-1789822200,5m,DOWN->UP,0.09,0.92,164.78,1.01,-0.01500000000000001
218006,1789822446573,1789822461615,btc-updown-5m-1789822200,5m,DOWN->UP,0.09,0.92,97.62,1.01,-0.01500000000000001
218064,1789822462553,1789822478008,btc-updown-5m-1789822200,5m,DOWN->UP,0.12,0.9,183.71,1.02,-0.02500000000000002
218122,1789822478569,1789822493626,btc-updown-5m-1789822200,5m,DOWN->UP,0.11,0.9,92.59,1.01,-0.01500000000000001
218182,1789822494487,1789822509535,btc-updown-5m-1789822200,5m,DOWN->UP,0.11,0.54,19.59,0.65,0.345
220360,1789823065912,1789823080951,btc-updown-5m-1789822800,5m,DOWN->UP,0.08,0.93,21.47,1.01,-0.01500000000000001
220420,1789823081485,1789823096519,btc-updown-5m-1789822800,5m,DOWN->UP,0.08,0.94,100.0,1.02,-0.02500000000000002
220480,1789823097223,1789823112267,btc-updown-5m-1789822800,5m,DOWN->UP,0.07,0.5,84.0,0.5700000000000001,0.42499999999999993
223082,1789823850775,1789823865809,btc-updown-5m-1789823700,5m,DOWN->UP,0.04,0.97,205.04,1.01,-0.01500000000000001
223142,1789823866324,1789823881367,btc-updown-5m-1789823700,5m,DOWN->UP,0.04,0.98,1268.78,1.02,-0.02500000000000002
223202,1789823881832,1789823896843,btc-updown-5m-1789823700,5m,DOWN->UP,0.03,0.98,359.5,1.01,-0.01500000000000001
223262,1789823897754,1789823912783,btc-updown-5m-1789823700,5m,DOWN->UP,0.03,0.98,380.5,1.01,-0.01500000000000001
223322,1789823913347,1789823928350,btc-updown-5m-1789823700,5m,DOWN->UP,0.03,0.98,379.18,1.01,-0.01500000000000001
223378,1789823928693,1789823943730,btc-updown-5m-1789823700,5m,DOWN->UP,0.03,0.98,458.12,1.01,-0.01500000000000001
223438,1789823944263,1789823959329,btc-updown-5m-1789823700,5m,DOWN->UP,0.03,0.97,294.0,1.0,-0.005
223498,1789823960104,1789823975161,btc-updown-5m-1789823700,5m,DOWN->UP,0.04,0.97,87.57,1.01,-0.01500000000000001
223554,1789823975329,1789823990348,btc-updown-5m-1789823700,5m,DOWN->UP,0.04,0.97,85.01,1.01,-0.01500000000000001
223610,1789823990796,1789824005826,btc-updown-5m-1789823700,5m,DOWN->UP,0.04,0.28,215.99,0.32,0.6749999999999999
226652,1789824816763,1789824831797,btc-updown-5m-1789824600,5m,DOWN->UP,0.07,0.94,3.39,1.01,-0.01500000000000001
226712,1789824832776,1789824847798,btc-updown-5m-1789824600,5m,DOWN->UP,0.07,0.95,152.0,1.02,-0.02500000000000002
226774,1789824848630,1789824863708,btc-updown-5m-1789824600,5m,DOWN->UP,0.06,0.96,139.69,1.02,-0.02500000000000002
226832,1789824864420,1789824879468,btc-updown-5m-1789824600,5m,DOWN->UP,0.05,0.97,533.99,1.02,-0.02500000000000002
226894,1789824880132,1789824895168,btc-updown-5m-1789824600,5m,DOWN->UP,0.04,0.97,250.65,1.01,-0.01500000000000001
226954,1789824895465,1789824910538,btc-updown-5m-1789824600,5m,DOWN->UP,0.04,0.52,194.0,0.56,0.43499999999999994
230094,1789825740860,1789825755877,btc-updown-5m-1789825500,5m,DOWN->UP,0.05,0.94,100.18,0.99,0.005000000000000009
230154,1789825756626,1789825771638,btc-updown-5m-1789825500,5m,DOWN->UP,0.07,0.94,80.0,1.01,-0.01500000000000001
230214,1789825772404,1789825787448,btc-updown-5m-1789825500,5m,DOWN->UP,0.07,0.94,52.62,1.01,-0.01500000000000001
230274,1789825788158,1789825803180,btc-updown-5m-1789825500,5m,DOWN->UP,0.07,0.5,147.59,0.5700000000000001,0.42499999999999993
231150,1789826019513,1789826034515,btc-updown-5m-1789825800,5m,DOWN->UP,0.07,0.94,181.7,1.01,-0.01500000000000001
231208,1789826035275,1789826050307,btc-updown-5m-1789825800,5m,DOWN->UP,0.07,0.94,248.42,1.01,-0.01500000000000001
231270,1789826051139,1789826066226,btc-updown-5m-1789825800,5m,DOWN->UP,0.07,0.95,198.42,1.02,-0.02500000000000002
231326,1789826066736,1789826082661,btc-updown-5m-1789825800,5m,DOWN->UP,0.06,0.95,138.99,1.01,-0.01500000000000001
231386,1789826082661,1789826097744,btc-updown-5m-1789825800,5m,DOWN->UP,0.06,0.95,103.15,1.01,-0.01500000000000001
231444,1789826098262,1789826113265,btc-updown-5m-1789825800,5m,DOWN->UP,0.06,0.5,103.15,0.56,0.43499999999999994
233524,1789826677053,1789826692111,btc-updown-5m-1789826400,5m,DOWN->UP,0.02,0.99,526.0,1.01,-0.01500000000000001
233584,1789826692760,1789826707771,btc-updown-5m-1789826400,5m,DOWN->UP,0.02,0.64,177.32,0.66,0.33499999999999996
234126,1789826845947,1789826860962,btc-updown-5m-1789826700,5m,DOWN->UP,0.04,0.96,85.0,1.0,-0.005
234188,1789826861665,1789826876709,btc-updown-5m-1789826700,5m,DOWN->UP,0.05,0.96,69.79,1.01,-0.01500000000000001
234248,1789826877030,1789826892316,btc-updown-5m-1789826700,5m,DOWN->UP,0.05,0.97,743.43,1.02,-0.02500000000000002
234306,1789826892550,1789826907556,btc-updown-5m-1789826700,5m,DOWN->UP,0.04,0.97,168.98,1.01,-0.01500000000000001
234366,1789826908011,1789826923062,btc-updown-5m-1789826700,5m,DOWN->UP,0.04,0.97,239.1,1.01,-0.01500000000000001
234428,1789826923556,1789826938613,btc-updown-5m-1789826700,5m,DOWN->UP,0.04,0.97,223.8,1.01,-0.01500000000000001
234488,1789826939465,1789826954507,btc-updown-5m-1789826700,5m,DOWN->UP,0.04,0.97,223.8,1.01,-0.01500000000000001
234544,1789826954662,1789826969721,btc-updown-5m-1789826700,5m,DOWN->UP,0.04,0.97,250.66,1.01,-0.01500000000000001
234604,1789826970286,1789826985317,btc-updown-5m-1789826700,5m,DOWN->UP,0.04,0.97,334.94,1.01,-0.01500000000000001
234666,1789826986215,1789827002584,btc-updown-5m-1789826700,5m,DOWN->UP,0.04,0.48,282.48,0.52,0.475
236362,1789827434138,1789827449295,btc-updown-5m-1789827300,5m,DOWN->UP,0.09,0.92,72.39,1.01,-0.01500000000000001
236420,1789827449688,1789827464717,btc-updown-5m-1789827300,5m,DOWN->UP,0.09,0.92,67.7,1.01,-0.01500000000000001
236476,1789827464812,1789827479850,btc-updown-5m-1789827300,5m,DOWN->UP,0.09,0.92,40.82,1.01,-0.01500000000000001
236536,1789827480416,1789827495485,btc-updown-5m-1789827300,5m,DOWN->UP,0.09,0.92,27.03,1.01,-0.01500000000000001
236592,1789827495485,1789827510488,btc-updown-5m-1789827300,5m,DOWN->UP,0.09,0.92,25.7,1.01,-0.01500000000000001
236654,1789827511425,1789827526463,btc-updown-5m-1789827300,5m,DOWN->UP,0.09,0.93,184.0,1.02,-0.02500000000000002
236714,1789827527766,1789827542866,btc-updown-5m-1789827300,5m,DOWN->UP,0.08,0.93,20.0,1.01,-0.01500000000000001
236774,1789827543694,1789827558700,btc-updown-5m-1789827300,5m,DOWN->UP,0.08,0.93,71.84,1.01,-0.01500000000000001
236834,1789827559488,1789827574526,btc-updown-5m-1789827300,5m,DOWN->UP,0.08,0.94,84.0,1.02,-0.02500000000000002
236902,1789827574944,1789827600664,btc-updown-5m-1789827300,5m,DOWN->UP,0.07,0.6,5.0,0.6699999999999999,0.32500000000000007
237356,1789827711776,1789827726792,btc-updown-5m-1789827600,5m,DOWN->UP,0.07,0.94,160.18,1.01,-0.01500000000000001
237408,1789827726956,1789827741965,btc-updown-5m-1789827600,5m,DOWN->UP,0.07,0.94,118.12,1.01,-0.01500000000000001
237462,1789827742198,1789827757501,btc-updown-5m-1789827600,5m,DOWN->UP,0.07,0.94,103.83,1.01,-0.01500000000000001
237522,1789827757721,1789827772731,btc-updown-5m-1789827600,5m,DOWN->UP,0.07,0.93,250.0,1.0,-0.005
237582,1789827773456,1789827788479,btc-updown-5m-1789827600,5m,DOWN->UP,0.09,0.93,38.23,1.02,-0.02500000000000002
237642,1789827789227,1789827804228,btc-updown-5m-1789827600,5m,DOWN->UP,0.08,0.7,60.0,0.7799999999999999,0.21500000000000008
238442,1789828037166,1789828052187,btc-updown-5m-1789827900,5m,DOWN->UP,0.14,0.88,511.7,1.02,-0.02500000000000002
238470,1789828052614,1789828067667,btc-updown-5m-1789827900,5m,DOWN->UP,0.13,0.88,160.0,1.01,-0.01500000000000001
238500,1789828068275,1789828083338,btc-updown-5m-1789827900,5m,DOWN->UP,0.13,0.87,111.63,1.0,-0.005
238530,1789828083772,1789828098779,btc-updown-5m-1789827900,5m,DOWN->UP,0.14,0.88,242.62,1.02,-0.02500000000000002
238560,1789828099614,1789828114636,btc-updown-5m-1789827900,5m,DOWN->UP,0.13,0.88,118.36,1.01,-0.01500000000000001
238588,1789828114816,1789828129888,btc-updown-5m-1789827900,5m,DOWN->UP,0.13,0.87,93.51,1.0,-0.005
238618,1789828130114,1789828145136,btc-updown-5m-1789827900,5m,DOWN->UP,0.14,0.88,128.23,1.02,-0.02500000000000002
238648,1789828145857,1789828160868,btc-updown-5m-1789827900,5m,DOWN->UP,0.13,0.88,10.0,1.01,-0.01500000000000001
238678,1789828161517,1789828176570,btc-updown-5m-1789827900,5m,DOWN->UP,0.13,0.89,125.0,1.02,-0.02500000000000002
238708,1789828177318,1789828192350,btc-updown-5m-1789827900,5m,DOWN->UP,0.12,0.89,102.24,1.01,-0.01500000000000001
238736,1789828193354,1789828208370,btc-updown-5m-1789827900,5m,DOWN->UP,0.12,0.74,341.53,0.86,0.135
239554,1789828419788,1789828436354,btc-updown-5m-1789828200,5m,DOWN->UP,0.11,0.9,61.0,1.01,-0.01500000000000001
239608,1789828436354,1789828451402,btc-updown-5m-1789828200,5m,DOWN->UP,0.11,0.91,197.0,1.02,-0.02500000000000002
239668,1789828452274,1789828467305,btc-updown-5m-1789828200,5m,DOWN->UP,0.1,0.91,197.79,1.01,-0.01500000000000001
239726,1789828467805,1789828483044,btc-updown-5m-1789828200,5m,DOWN->UP,0.1,0.06,5.0,0.16,0.835
245568,1789830135773,1789830150786,btc-updown-5m-1789830000,5m,DOWN->UP,0.08,0.94,317.74,1.02,-0.02500000000000002
245622,1789830152741,1789830167775,btc-updown-5m-1789830000,5m,DOWN->UP,0.07,0.94,209.87,1.01,-0.01500000000000001
245680,1789830168534,1789830183540,btc-updown-5m-1789830000,5m,DOWN->UP,0.07,0.94,231.48,1.01,-0.01500000000000001
245740,1789830184226,1789830199403,btc-updown-5m-1789830000,5m,DOWN->UP,0.07,0.94,202.0,1.01,-0.01500000000000001
245798,1789830199403,1789830214606,btc-updown-5m-1789830000,5m,DOWN->UP,0.07,0.94,290.98,1.01,-0.01500000000000001
247782,1789830850060,1789830865107,btc-updown-5m-1789830600,5m,DOWN->UP,0.14,0.87,111.84,1.01,-0.01500000000000001
247810,1789830865230,1789830880271,btc-updown-5m-1789830600,5m,DOWN->UP,0.14,0.95,85.57,1.0899999999999999,-0.09499999999999986
247840,1789830881777,1789830896824,btc-updown-5m-1789830600,5m,DOWN->UP,0.06,0.96,130.0,1.02,-0.02500000000000002
247870,1789830897788,1789830912843,btc-updown-5m-1789830600,5m,DOWN->UP,0.05,0.45,3.22,0.5,0.495
251388,1789831939595,1789831954649,btc-updown-5m-1789831800,5m,DOWN->UP,0.07,0.93,35.0,1.0,-0.005
251446,1789831955245,1789831970266,btc-updown-5m-1789831800,5m,DOWN->UP,0.08,0.93,66.43,1.01,-0.01500000000000001
251506,1789831970790,1789831985832,btc-updown-5m-1789831800,5m,DOWN->UP,0.08,0.93,60.35,1.01,-0.01500000000000001
251564,1789831986429,1789832001440,btc-updown-5m-1789831800,5m,DOWN->UP,0.08,0.93,50.35,1.01,-0.01500000000000001
251626,1789832002097,1789832017139,btc-updown-5m-1789831800,5m,DOWN->UP,0.08,0.93,45.35,1.01,-0.01500000000000001
251686,1789832017492,1789832032531,btc-updown-5m-1789831800,5m,DOWN->UP,0.08,0.94,105.0,1.02,-0.02500000000000002
251744,1789832033030,1789832048072,btc-updown-5m-1789831800,5m,DOWN->UP,0.07,0.94,135.0,1.01,-0.01500000000000001
251804,1789832048525,1789832063531,btc-updown-5m-1789831800,5m,DOWN->UP,0.07,0.94,20.0,1.01,-0.01500000000000001
251864,1789832064057,1789832079083,btc-updown-5m-1789831800,5m,DOWN->UP,0.07,0.95,101.46,1.02,-0.02500000000000002
251940,1789832079423,1789832102192,btc-updown-5m-1789831800,5m,DOWN->UP,0.06,0.5,180.01,0.56,0.43499999999999994
252832,1789832325352,1789832340417,btc-updown-5m-1789832100,5m,DOWN->UP,0.07,0.95,316.43,1.02,-0.02500000000000002
252892,1789832340936,1789832355961,btc-updown-5m-1789832100,5m,DOWN->UP,0.06,0.94,54.99,1.0,-0.005
252952,1789832356438,1789832371465,btc-updown-5m-1789832100,5m,DOWN->UP,0.07,0.94,55.0,1.01,-0.01500000000000001
253012,1789832372308,1789832387385,btc-updown-5m-1789832100,5m,DOWN->UP,0.07,0.95,45.0,1.02,-0.02500000000000002
253072,1789832388315,1789832403407,btc-updown-5m-1789832100,5m,DOWN->UP,0.06,0.61,412.17,0.6699999999999999,0.32500000000000007
253518,1789832629586,1789832644623,btc-updown-5m-1789832400,5m,DOWN->UP,0.02,0.99,381.0,1.01,-0.01500000000000001
253546,1789832645197,1789832660203,btc-updown-5m-1789832400,5m,DOWN->UP,0.02,0.99,260.85,1.01,-0.01500000000000001
253576,1789832660743,1789832675747,btc-updown-5m-1789832400,5m,DOWN->UP,0.02,0.98,154.74,1.0,-0.005
253594,1789832676537,1789832701019,btc-updown-5m-1789832400,5m,DOWN->UP,0.03,0.51,20.5,0.54,0.45499999999999996
255408,1789833232913,1789833247937,btc-updown-5m-1789833000,5m,DOWN->UP,0.14,0.87,50.0,1.01,-0.01500000000000001
255466,1789833248478,1789833263537,btc-updown-5m-1789833000,5m,DOWN->UP,0.14,0.87,74.66,1.01,-0.01500000000000001
255526,1789833264009,1789833279033,btc-updown-5m-1789833000,5m,DOWN->UP,0.14,0.87,126.94,1.01,-0.01500000000000001
255584,1789833279642,1789833294671,btc-updown-5m-1789833000,5m,DOWN->UP,0.14,0.87,82.47,1.01,-0.01500000000000001
255644,1789833295290,1789833310355,btc-updown-5m-1789833000,5m,DOWN->UP,0.14,0.31,366.06,0.45,0.545
262198,1789835340704,1789835355894,btc-updown-5m-1789835100,5m,DOWN->UP,0.1,0.91,158.19,1.01,-0.01500000000000001
262252,1789835355894,1789835371026,btc-updown-5m-1789835100,5m,DOWN->UP,0.1,0.91,10.31,1.01,-0.01500000000000001
262312,1789835371609,1789835386658,btc-updown-5m-1789835100,5m,DOWN->UP,0.1,0.94,26.3,1.04,-0.04500000000000003
262368,1789835386830,1789835401858,btc-updown-5m-1789835100,5m,DOWN->UP,0.1,0.31,70.77,0.41000000000000003,0.585
265000,1789836096406,1789836111453,btc-updown-5m-1789836000,5m,DOWN->UP,0.13,0.88,20.0,1.01,-0.01500000000000001
265058,1789836112523,1789836127542,btc-updown-5m-1789836000,5m,DOWN->UP,0.13,0.88,315.02,1.01,-0.01500000000000001
265118,1789836127905,1789836142945,btc-updown-5m-1789836000,5m,DOWN->UP,0.13,0.88,50.0,1.01,-0.01500000000000001
265178,1789836143490,1789836158528,btc-updown-5m-1789836000,5m,DOWN->UP,0.13,0.87,162.6,1.0,-0.005
265236,1789836159036,1789836174094,btc-updown-5m-1789836000,5m,DOWN->UP,0.14,0.87,202.43,1.01,-0.01500000000000001
265294,1789836174094,1789836189100,btc-updown-5m-1789836000,5m,DOWN->UP,0.14,0.87,166.71,1.01,-0.01500000000000001
265354,1789836190035,1789836205080,btc-updown-5m-1789836000,5m,DOWN->UP,0.14,0.87,99.21,1.01,-0.01500000000000001
265414,1789836205553,1789836220562,btc-updown-5m-1789836000,5m,DOWN->UP,0.14,0.86,99.21,1.0,-0.005
