anchor_ts_ms,market_slug,first_ask,second_ask,qty,pair_cost,net_edge_005,pnl,equity_after
1789765359942,btc-updown-5m-1789765200,0.11,0.9,98.56,1.01,-0.01500000000000001,-1.478400000000001,498.5216
1789765375566,btc-updown-5m-1789765200,0.11,0.9,223.79,1.01,-0.01500000000000001,-3.356850000000002,495.16474999999997
1789765390643,btc-updown-5m-1789765200,0.11,0.9,166.4,1.01,-0.01500000000000001,-2.4960000000000018,492.66875
1789765405676,btc-updown-5m-1789765200,0.11,0.9,155.4,1.01,-0.01500000000000001,-2.3310000000000017,490.33774999999997
1789765420928,btc-updown-5m-1789765200,0.11,0.9,325.96,1.01,-0.01500000000000001,-4.889400000000003,485.44834999999995
1789765436494,btc-updown-5m-1789765200,0.11,0.9,454.54545454545456,1.01,-0.01500000000000001,-6.818181818181823,478.63016818181814
1789765452147,btc-updown-5m-1789765200,0.11,0.9,235.23,1.01,-0.01500000000000001,-3.528450000000002,475.1017181818181
1789765467922,btc-updown-5m-1789765200,0.11,0.91,95.0,1.02,-0.02500000000000002,-2.3750000000000018,472.7267181818181
1789765483599,btc-updown-5m-1789765200,0.1,0.91,100.0,1.01,-0.01500000000000001,-1.5000000000000009,471.2267181818181
1789765498797,btc-updown-5m-1789765200,0.1,0.57,111.46,0.6699999999999999,0.32500000000000007,36.224500000000006,507.45121818181815
1789765741765,btc-updown-5m-1789765500,0.07,0.93,7.0,1.0,-0.005,-0.035,507.4162181818181
1789765757479,btc-updown-5m-1789765500,0.08,0.94,199.77,1.02,-0.02500000000000002,-4.994250000000004,502.4219681818181
1789765773058,btc-updown-5m-1789765500,0.07,0.94,167.0,1.01,-0.01500000000000001,-2.5050000000000017,499.9169681818181
1789765788917,btc-updown-5m-1789765500,0.07,0.28,207.0,0.35000000000000003,0.6449999999999999,133.515,633.4319681818181
1789766650992,btc-updown-5m-1789766400,0.14,0.92,19.16,1.06,-0.06500000000000006,-1.2454000000000012,632.1865681818181
1789766666619,btc-updown-5m-1789766400,0.1,0.94,50.0,1.04,-0.04500000000000003,-2.2500000000000018,629.9365681818181
1789766682038,btc-updown-5m-1789766400,0.09,0.5,67.38,0.59,0.405,27.2889,657.2254681818181
1789768449781,btc-updown-5m-1789768200,0.03,0.98,136.33,1.01,-0.01500000000000001,-2.0449500000000014,655.1805181818181
1789768465395,btc-updown-5m-1789768200,0.03,0.98,16.33,1.01,-0.01500000000000001,-0.24495000000000014,654.9355681818181
1789768481257,btc-updown-5m-1789768200,0.03,0.99,801.3,1.02,-0.02500000000000002,-20.032500000000013,634.9030681818181
1789768496797,btc-updown-5m-1789768200,0.02,0.58,423.73,0.6,0.395,167.37335000000002,802.2764181818181
1789768731390,btc-updown-5m-1789768500,0.04,0.97,134.99,1.01,-0.01500000000000001,-2.0248500000000016,800.2515681818181
1789768747005,btc-updown-5m-1789768500,0.04,0.97,167.23,1.01,-0.01500000000000001,-2.5084500000000016,797.7431181818181
1789768762883,btc-updown-5m-1789768500,0.04,0.97,157.14,1.01,-0.01500000000000001,-2.3571000000000013,795.3860181818181
1789768778640,btc-updown-5m-1789768500,0.04,0.97,219.84,1.01,-0.01500000000000001,-3.2976000000000023,792.0884181818182
1789768794467,btc-updown-5m-1789768500,0.04,0.49,160.1,0.53,0.46499999999999997,74.44649999999999,866.5349181818182
1789772608976,btc-updown-5m-1789772400,0.14,0.87,149.0,1.01,-0.01500000000000001,-2.2350000000000017,864.2999181818182
1789772624721,btc-updown-5m-1789772400,0.14,0.87,357.1428571428571,1.01,-0.01500000000000001,-5.35714285714286,858.9427753246753
1789772640395,btc-updown-5m-1789772400,0.14,0.87,260.99,1.01,-0.01500000000000001,-3.9148500000000026,855.0279253246753
1789772656040,btc-updown-5m-1789772400,0.14,0.87,29.29,1.01,-0.01500000000000001,-0.4393500000000003,854.5885753246753
1789772675638,btc-updown-5m-1789772400,0.14,0.45,357.1428571428571,0.5900000000000001,0.4049999999999999,144.6428571428571,999.2314324675324
1789773246231,btc-updown-5m-1789773000,0.05,0.96,501.33,1.01,-0.01500000000000001,-7.519950000000005,991.7114824675324
1789773261808,btc-updown-5m-1789773000,0.05,0.96,189.78,1.01,-0.01500000000000001,-2.846700000000002,988.8647824675323
1789773277565,btc-updown-5m-1789773000,0.05,0.96,538.35,1.01,-0.01500000000000001,-8.075250000000006,980.7895324675324
1789773293109,btc-updown-5m-1789773000,0.05,0.57,190.41,0.62,0.375,71.40375,1052.1932824675323
1789775849650,btc-updown-5m-1789775700,0.08,0.93,616.95,1.01,-0.01500000000000001,-9.254250000000006,1042.9390324675323
1789775865448,btc-updown-5m-1789775700,0.08,0.92,30.0,1.0,-0.005,-0.15,1042.7890324675323
1789775880571,btc-updown-5m-1789775700,0.09,0.93,185.0,1.02,-0.02500000000000002,-4.6250000000000036,1038.1640324675323
1789775895623,btc-updown-5m-1789775700,0.08,0.91,58.27,0.99,0.005000000000000009,0.29135000000000055,1038.4553824675322
1789775911109,btc-updown-5m-1789775700,0.1,0.92,145.0,1.02,-0.02500000000000002,-3.6250000000000027,1034.8303824675322
1789775926111,btc-updown-5m-1789775700,0.09,0.92,25.0,1.01,-0.01500000000000001,-0.3750000000000002,1034.4553824675322
1789775942036,btc-updown-5m-1789775700,0.09,0.92,5.0,1.01,-0.01500000000000001,-0.07500000000000005,1034.3803824675322
1789775958519,btc-updown-5m-1789775700,0.09,0.93,72.54,1.02,-0.02500000000000002,-1.8135000000000014,1032.5668824675322
1789775974353,btc-updown-5m-1789775700,0.08,0.93,37.45,1.01,-0.01500000000000001,-0.5617500000000004,1032.0051324675321
1789775990100,btc-updown-5m-1789775700,0.08,0.61,186.93,0.69,0.30500000000000005,57.01365000000001,1089.0187824675322
1789776473231,btc-updown-5m-1789776300,0.07,0.94,20.0,1.01,-0.01500000000000001,-0.3000000000000002,1088.7187824675323
1789776489389,btc-updown-5m-1789776300,0.07,0.94,75.0,1.01,-0.01500000000000001,-1.1250000000000007,1087.5937824675323
1789776505354,btc-updown-5m-1789776300,0.07,0.94,356.7,1.01,-0.01500000000000001,-5.350500000000003,1082.2432824675323
1789776520984,btc-updown-5m-1789776300,0.07,0.76,39.03,0.8300000000000001,0.16499999999999992,6.439949999999997,1088.6832324675322
1789776742369,btc-updown-5m-1789776600,0.14,0.87,202.72,1.01,-0.01500000000000001,-3.040800000000002,1085.6424324675322
1789776757979,btc-updown-5m-1789776600,0.14,0.87,85.0,1.01,-0.01500000000000001,-1.2750000000000008,1084.3674324675321
1789776773161,btc-updown-5m-1789776600,0.14,0.98,357.1428571428571,1.12,-0.1250000000000001,-44.64285714285718,1039.724575324675
1789776789162,btc-updown-5m-1789776600,0.03,0.98,522.8,1.01,-0.01500000000000001,-7.842000000000004,1031.882575324675
1789776804970,btc-updown-5m-1789776600,0.03,0.99,309.57,1.02,-0.02500000000000002,-7.7392500000000055,1024.1433253246748
1789776820626,btc-updown-5m-1789776600,0.02,0.98,288.23,1.0,-0.005,-1.4411500000000002,1022.7021753246748
1789776836472,btc-updown-5m-1789776600,0.03,0.98,492.79,1.01,-0.01500000000000001,-7.391850000000005,1015.3103253246749
1789776851509,btc-updown-5m-1789776600,0.03,0.98,747.48,1.01,-0.01500000000000001,-11.212200000000008,1004.0981253246748
1789776867295,btc-updown-5m-1789776600,0.03,0.96,44.99,0.99,0.005000000000000009,0.2249500000000004,1004.3230753246748
1789776882873,btc-updown-5m-1789776600,0.06,0.94,136.95,1.0,-0.005,-0.68475,1003.6383253246748
1789776898784,btc-updown-5m-1789776600,0.07,0.55,10.0,0.6200000000000001,0.3749999999999999,3.749999999999999,1007.3883253246748
1789777042133,btc-updown-5m-1789776900,0.12,0.89,85.0,1.01,-0.01500000000000001,-1.2750000000000008,1006.1133253246749
1789777057542,btc-updown-5m-1789776900,0.12,0.89,110.0,1.01,-0.01500000000000001,-1.650000000000001,1004.4633253246749
1789777073111,btc-updown-5m-1789776900,0.12,0.88,365.43,1.0,-0.005,-1.82715,1002.6361753246749
1789777089061,btc-updown-5m-1789776900,0.13,0.88,99.62,1.01,-0.01500000000000001,-1.494300000000001,1001.141875324675
1789777104826,btc-updown-5m-1789776900,0.13,0.88,50.97,1.01,-0.01500000000000001,-0.7645500000000005,1000.377325324675
1789777119986,btc-updown-5m-1789776900,0.13,0.89,199.94,1.02,-0.02500000000000002,-4.9985000000000035,995.378825324675
1789777135702,btc-updown-5m-1789776900,0.12,0.89,55.0,1.01,-0.01500000000000001,-0.8250000000000005,994.5538253246749
1789777151211,btc-updown-5m-1789776900,0.12,0.9,250.0,1.02,-0.02500000000000002,-6.250000000000004,988.3038253246749
1789777171918,btc-updown-5m-1789776900,0.11,0.58,50.0,0.69,0.30500000000000005,15.250000000000002,1003.5538253246749
1789777446719,btc-updown-5m-1789777200,0.04,0.97,299.27,1.01,-0.01500000000000001,-4.489050000000002,999.0647753246749
1789777462663,btc-updown-5m-1789777200,0.04,0.96,101.77,1.0,-0.005,-0.50885,998.5559253246748
1789777477933,btc-updown-5m-1789777200,0.05,0.97,45.0,1.02,-0.02500000000000002,-1.1250000000000009,997.4309253246748
1789777493786,btc-updown-5m-1789777200,0.04,0.44,142.9,0.48,0.515,73.5935,1071.024425324675
1789778339330,btc-updown-5m-1789778100,0.03,0.98,398.82,1.01,-0.01500000000000001,-5.982300000000004,1065.042125324675
1789778354971,btc-updown-5m-1789778100,0.03,0.98,209.71,1.01,-0.01500000000000001,-3.145650000000002,1061.896475324675
1789778370358,btc-updown-5m-1789778100,0.03,0.99,780.35,1.02,-0.02500000000000002,-19.508750000000017,1042.387725324675
1789778386010,btc-updown-5m-1789778100,0.02,0.51,93.49,0.53,0.46499999999999997,43.472849999999994,1085.8605753246752
1789778641299,btc-updown-5m-1789778400,0.08,0.93,36.58,1.01,-0.01500000000000001,-0.5487000000000003,1085.3118753246752
1789778656930,btc-updown-5m-1789778400,0.08,0.93,101.87,1.01,-0.01500000000000001,-1.528050000000001,1083.7838253246753
1789778672737,btc-updown-5m-1789778400,0.08,0.92,10.0,1.0,-0.005,-0.05,1083.7338253246753
1789778687874,btc-updown-5m-1789778400,0.09,0.47,53.0,0.5599999999999999,0.43500000000000005,23.055000000000003,1106.7888253246754
1789779462445,btc-updown-5m-1789779300,0.11,0.9,454.54545454545456,1.01,-0.01500000000000001,-6.818181818181823,1099.9706435064936
1789779478257,btc-updown-5m-1789779300,0.11,0.9,454.54545454545456,1.01,-0.01500000000000001,-6.818181818181823,1093.1524616883119
1789779494134,btc-updown-5m-1789779300,0.11,0.9,454.54545454545456,1.01,-0.01500000000000001,-6.818181818181823,1086.33427987013
1789779509434,btc-updown-5m-1789779300,0.11,0.9,454.54545454545456,1.01,-0.01500000000000001,-6.818181818181823,1079.5160980519483
1789779524714,btc-updown-5m-1789779300,0.11,0.9,454.54545454545456,1.01,-0.01500000000000001,-6.818181818181823,1072.6979162337666
1789779540153,btc-updown-5m-1789779300,0.11,0.9,408.47,1.01,-0.01500000000000001,-6.127050000000004,1066.5708662337665
1789779558950,btc-updown-5m-1789779300,0.11,0.9,403.47,1.01,-0.01500000000000001,-6.052050000000005,1060.5188162337665
1789779574437,btc-updown-5m-1789779300,0.11,0.9,403.47,1.01,-0.01500000000000001,-6.052050000000005,1054.4667662337665
1789779590282,btc-updown-5m-1789779300,0.11,0.67,338.96,0.78,0.21499999999999997,72.87639999999999,1127.3431662337666
1789781971768,btc-updown-5m-1789781700,0.03,0.98,140.35,1.01,-0.01500000000000001,-2.105250000000001,1125.2379162337666
1789781987259,btc-updown-5m-1789781700,0.03,0.47,20.0,0.5,0.495,9.9,1135.1379162337666
1789782234122,btc-updown-5m-1789782000,0.05,0.96,95.0,1.01,-0.01500000000000001,-1.425000000000001,1133.7129162337667
1789782249722,btc-updown-5m-1789782000,0.05,0.96,100.0,1.01,-0.01500000000000001,-1.5000000000000009,1132.2129162337667
1789782265220,btc-updown-5m-1789782000,0.05,0.96,50.0,1.01,-0.01500000000000001,-0.7500000000000004,1131.4629162337667
1789782280692,btc-updown-5m-1789782000,0.05,0.97,484.25,1.02,-0.02500000000000002,-12.10625000000001,1119.3566662337666
1789782296221,btc-updown-5m-1789782000,0.04,0.49,80.82,0.53,0.46499999999999997,37.58129999999999,1156.9379662337667
1789782393885,btc-updown-5m-1789782300,0.08,0.94,377.0,1.02,-0.02500000000000002,-9.425000000000008,1147.5129662337667
1789782409345,btc-updown-5m-1789782300,0.07,0.94,92.32,1.01,-0.01500000000000001,-1.3848000000000007,1146.1281662337667
1789782425007,btc-updown-5m-1789782300,0.07,0.94,150.32,1.01,-0.01500000000000001,-2.2548000000000012,1143.8733662337668
1789782440885,btc-updown-5m-1789782300,0.07,0.94,21.38,1.01,-0.01500000000000001,-0.3207000000000002,1143.5526662337668
1789782456439,btc-updown-5m-1789782300,0.07,0.95,630.75,1.02,-0.02500000000000002,-15.768750000000011,1127.7839162337668
1789782472325,btc-updown-5m-1789782300,0.06,0.94,80.32,1.0,-0.005,-0.40159999999999996,1127.382316233767
1789782488070,btc-updown-5m-1789782300,0.07,0.94,149.6,1.01,-0.01500000000000001,-2.2440000000000015,1125.138316233767
1789782503446,btc-updown-5m-1789782300,0.07,0.94,77.89,1.01,-0.01500000000000001,-1.1683500000000007,1123.969966233767
1789782519251,btc-updown-5m-1789782300,0.07,0.94,96.29,1.01,-0.01500000000000001,-1.4443500000000011,1122.525616233767
1789782534959,btc-updown-5m-1789782300,0.07,0.94,141.29,1.01,-0.01500000000000001,-2.119350000000001,1120.4062662337672
1789782550508,btc-updown-5m-1789782300,0.07,0.95,273.36,1.02,-0.02500000000000002,-6.834000000000006,1113.572266233767
1789782565931,btc-updown-5m-1789782300,0.06,0.95,190.99,1.01,-0.01500000000000001,-2.864850000000002,1110.7074162337672
1789782581564,btc-updown-5m-1789782300,0.06,0.95,313.21,1.01,-0.01500000000000001,-4.698150000000003,1106.0092662337672
1789782596692,btc-updown-5m-1789782300,0.06,0.64,110.86,0.7,0.29500000000000004,32.703700000000005,1138.7129662337672
1789783937540,btc-updown-5m-1789783800,0.13,0.88,21.86,1.01,-0.01500000000000001,-0.3279000000000002,1138.3850662337672
1789783952637,btc-updown-5m-1789783800,0.13,0.88,157.0,1.01,-0.01500000000000001,-2.3550000000000018,1136.0300662337672
1789783968337,btc-updown-5m-1789783800,0.13,0.88,384.6153846153846,1.01,-0.01500000000000001,-5.769230769230773,1130.2608354645365
1789783983786,btc-updown-5m-1789783800,0.13,0.88,94.0,1.01,-0.01500000000000001,-1.410000000000001,1128.8508354645364
1789783999489,btc-updown-5m-1789783800,0.13,0.97,89.0,1.1,-0.1050000000000001,-9.345000000000008,1119.5058354645364
1789784015164,btc-updown-5m-1789783800,0.04,0.96,182.93,1.0,-0.005,-0.9146500000000001,1118.5911854645365
1789784030967,btc-updown-5m-1789783800,0.05,0.96,191.0,1.01,-0.01500000000000001,-2.865000000000002,1115.7261854645365
1789784046321,btc-updown-5m-1789783800,0.05,0.95,69.59,1.0,-0.005,-0.34795000000000004,1115.3782354645364
1789784061971,btc-updown-5m-1789783800,0.06,0.95,124.0,1.01,-0.01500000000000001,-1.8600000000000012,1113.5182354645365
1789784077817,btc-updown-5m-1789783800,0.06,0.95,216.43,1.01,-0.01500000000000001,-3.246450000000002,1110.2717854645364
1789784093538,btc-updown-5m-1789783800,0.06,0.39,345.34,0.45,0.545,188.2103,1298.4820854645363
1789789478077,btc-updown-5m-1789789200,0.02,0.98,23.0,1.0,-0.005,-0.115,1298.3670854645363
1789789493618,btc-updown-5m-1789789200,0.03,0.6,188.3,0.63,0.365,68.7295,1367.0965854645362
1789789737087,btc-updown-5m-1789789500,0.04,0.97,108.58,1.01,-0.01500000000000001,-1.6287000000000011,1365.4678854645363
1789789752758,btc-updown-5m-1789789500,0.04,0.98,374.87,1.02,-0.02500000000000002,-9.371750000000008,1356.0961354645362
1789789768542,btc-updown-5m-1789789500,0.03,0.98,295.0,1.01,-0.01500000000000001,-4.4250000000000025,1351.6711354645363
1789789784430,btc-updown-5m-1789789500,0.03,0.98,366.94,1.01,-0.01500000000000001,-5.504100000000004,1346.1670354645362
1789790654068,btc-updown-5m-1789790400,0.06,0.95,833.3333333333334,1.01,-0.01500000000000001,-12.500000000000009,1333.6670354645362
1789790669601,btc-updown-5m-1789790400,0.06,0.95,514.49,1.01,-0.01500000000000001,-7.717350000000005,1325.9496854645363
1789790685205,btc-updown-5m-1789790400,0.06,0.44,63.0,0.5,0.495,31.185,1357.1346854645362
1789790855772,btc-updown-5m-1789790700,0.07,0.94,23.58,1.01,-0.01500000000000001,-0.3537000000000002,1356.7809854645363
1789790871442,btc-updown-5m-1789790700,0.07,0.94,75.0,1.01,-0.01500000000000001,-1.1250000000000007,1355.6559854645363
1789790886919,btc-updown-5m-1789790700,0.07,0.95,226.63,1.02,-0.02500000000000002,-5.6657500000000045,1349.9902354645362
1789790902272,btc-updown-5m-1789790700,0.06,0.95,85.53,1.01,-0.01500000000000001,-1.282950000000001,1348.7072854645362
1789790917471,btc-updown-5m-1789790700,0.06,0.96,267.0,1.02,-0.02500000000000002,-6.675000000000005,1342.0322854645362
1789790933171,btc-updown-5m-1789790700,0.05,0.96,191.79,1.01,-0.01500000000000001,-2.876850000000002,1339.1554354645361
1789790948918,btc-updown-5m-1789790700,0.05,0.97,525.79,1.02,-0.02500000000000002,-13.144750000000009,1326.0106854645362
1789790964085,btc-updown-5m-1789790700,0.04,0.97,283.19,1.01,-0.01500000000000001,-4.247850000000002,1321.7628354645362
1789790979762,btc-updown-5m-1789790700,0.04,0.38,102.2,0.42,0.5750000000000001,58.76500000000001,1380.5278354645363
1789792960938,btc-updown-5m-1789792800,0.04,0.97,417.35,1.01,-0.01500000000000001,-6.2602500000000045,1374.2675854645363
1789792975989,btc-updown-5m-1789792800,0.04,0.97,510.37,1.01,-0.01500000000000001,-7.655550000000005,1366.6120354645363
1789792991942,btc-updown-5m-1789792800,0.04,0.98,538.2,1.02,-0.02500000000000002,-13.45500000000001,1353.1570354645364
1789793007519,btc-updown-5m-1789792800,0.03,0.97,221.3,1.0,-0.005,-1.1065,1352.0505354645363
1789793023529,btc-updown-5m-1789792800,0.04,0.97,445.08,1.01,-0.01500000000000001,-6.676200000000004,1345.3743354645362
1789793039502,btc-updown-5m-1789792800,0.04,0.97,185.05,1.01,-0.01500000000000001,-2.775750000000002,1342.5985854645362
1789793055518,btc-updown-5m-1789792800,0.04,0.97,95.0,1.01,-0.01500000000000001,-1.425000000000001,1341.1735854645362
1789793070711,btc-updown-5m-1789792800,0.04,0.98,534.9,1.02,-0.02500000000000002,-13.37250000000001,1327.8010854645363
1789793086547,btc-updown-5m-1789792800,0.03,0.37,70.0,0.4,0.595,41.65,1369.4510854645364
1789793621770,btc-updown-5m-1789793400,0.06,0.96,527.27,1.02,-0.02500000000000002,-13.18175000000001,1356.2693354645364
1789793637465,btc-updown-5m-1789793400,0.05,0.96,288.0,1.01,-0.01500000000000001,-4.320000000000003,1351.9493354645365
1789793653292,btc-updown-5m-1789793400,0.05,0.96,341.51,1.01,-0.01500000000000001,-5.122650000000003,1346.8266854645365
1789793669045,btc-updown-5m-1789793400,0.05,0.96,191.93,1.01,-0.01500000000000001,-2.878950000000002,1343.9477354645364
1789793684490,btc-updown-5m-1789793400,0.05,0.97,342.53,1.02,-0.02500000000000002,-8.563250000000005,1335.3844854645365
1789795148931,btc-updown-5m-1789794900,0.14,0.87,51.95,1.01,-0.01500000000000001,-0.7792500000000006,1334.6052354645365
1789795164381,btc-updown-5m-1789794900,0.14,0.87,20.72,1.01,-0.01500000000000001,-0.3108000000000002,1334.2944354645365
1789795180243,btc-updown-5m-1789794900,0.14,0.87,20.72,1.01,-0.01500000000000001,-0.3108000000000002,1333.9836354645365
1789795196135,btc-updown-5m-1789794900,0.14,0.31,153.0,0.45,0.545,83.385,1417.3686354645365
1789795680632,btc-updown-5m-1789795500,0.14,0.87,68.85,1.01,-0.01500000000000001,-1.0327500000000005,1416.3358854645364
1789795696407,btc-updown-5m-1789795500,0.14,0.87,15.0,1.01,-0.01500000000000001,-0.22500000000000014,1416.1108854645365
1789795712312,btc-updown-5m-1789795500,0.14,0.91,120.0,1.05,-0.05500000000000004,-6.600000000000005,1409.5108854645366
1789795727818,btc-updown-5m-1789795500,0.11,0.91,93.0,1.02,-0.02500000000000002,-2.325000000000002,1407.1858854645366
1789795743660,btc-updown-5m-1789795500,0.1,0.91,163.07,1.01,-0.01500000000000001,-2.4460500000000014,1404.7398354645366
1789797233002,btc-updown-5m-1789797000,0.04,0.97,240.18,1.01,-0.01500000000000001,-3.6027000000000027,1401.1371354645366
1789797248563,btc-updown-5m-1789797000,0.04,0.98,592.86,1.02,-0.02500000000000002,-14.821500000000011,1386.3156354645366
1789797264072,btc-updown-5m-1789797000,0.03,0.98,345.0,1.01,-0.01500000000000001,-5.175000000000003,1381.1406354645367
1789797279507,btc-updown-5m-1789797000,0.03,0.98,366.59,1.01,-0.01500000000000001,-5.498850000000004,1375.6417854645367
1789797295260,btc-updown-5m-1789797000,0.03,0.55,115.35,0.5800000000000001,0.4149999999999999,47.87024999999999,1423.5120354645367
1789797752481,btc-updown-5m-1789797600,0.09,0.92,259.34,1.01,-0.01500000000000001,-3.890100000000002,1419.6219354645366
1789797767944,btc-updown-5m-1789797600,0.09,0.92,249.99,1.01,-0.01500000000000001,-3.7498500000000026,1415.8720854645367
1789797783373,btc-updown-5m-1789797600,0.09,0.92,268.27,1.01,-0.01500000000000001,-4.024050000000003,1411.8480354645367
1789797798934,btc-updown-5m-1789797600,0.09,0.92,205.47,1.01,-0.01500000000000001,-3.082050000000002,1408.7659854645367
1789797814456,btc-updown-5m-1789797600,0.09,0.93,90.0,1.02,-0.02500000000000002,-2.2500000000000018,1406.5159854645367
1789797830523,btc-updown-5m-1789797600,0.08,0.93,125.0,1.01,-0.01500000000000001,-1.8750000000000013,1404.6409854645367
1789797846023,btc-updown-5m-1789797600,0.08,0.94,314.85,1.02,-0.02500000000000002,-7.871250000000006,1396.7697354645368
1789797861492,btc-updown-5m-1789797600,0.07,0.94,55.0,1.01,-0.01500000000000001,-0.8250000000000005,1395.9447354645367
1789797876893,btc-updown-5m-1789797600,0.07,0.94,85.68,1.01,-0.01500000000000001,-1.285200000000001,1394.6595354645367
1789797892218,btc-updown-5m-1789797600,0.07,0.46,302.04,0.53,0.46499999999999997,140.4486,1535.1081354645366
1789798046133,btc-updown-5m-1789797900,0.1,0.91,36.02,1.01,-0.01500000000000001,-0.5403000000000004,1534.5678354645368
1789798061882,btc-updown-5m-1789797900,0.1,0.92,330.17,1.02,-0.02500000000000002,-8.254250000000006,1526.3135854645368
1789798077631,btc-updown-5m-1789797900,0.09,0.92,286.59,1.01,-0.01500000000000001,-4.2988500000000025,1522.014735464537
1789798093116,btc-updown-5m-1789797900,0.09,0.92,170.08,1.01,-0.01500000000000001,-2.551200000000002,1519.4635354645368
1789798108572,btc-updown-5m-1789797900,0.09,0.92,531.66,1.01,-0.01500000000000001,-7.974900000000004,1511.4886354645369
1789798124450,btc-updown-5m-1789797900,0.09,0.92,181.25,1.01,-0.01500000000000001,-2.7187500000000018,1508.7698854645369
1789798140151,btc-updown-5m-1789797900,0.09,0.9,2.56,0.99,0.005000000000000009,0.012800000000000023,1508.7826854645368
1789798155734,btc-updown-5m-1789797900,0.11,0.9,377.27,1.01,-0.01500000000000001,-5.659050000000003,1503.1236354645368
1789798171238,btc-updown-5m-1789797900,0.11,0.9,225.71,1.01,-0.01500000000000001,-3.3856500000000023,1499.737985464537
1789798186998,btc-updown-5m-1789797900,0.11,0.33,378.53,0.44,0.555,210.08415,1709.8221354645368
1789799847926,btc-updown-5m-1789799700,0.05,0.97,518.7,1.02,-0.02500000000000002,-12.96750000000001,1696.8546354645368
1789799863487,btc-updown-5m-1789799700,0.04,0.97,180.0,1.01,-0.01500000000000001,-2.700000000000002,1694.1546354645368
1789799878835,btc-updown-5m-1789799700,0.04,0.97,85.0,1.01,-0.01500000000000001,-1.2750000000000008,1692.8796354645367
1789799894149,btc-updown-5m-1789799700,0.04,0.96,144.62,1.0,-0.005,-0.7231000000000001,1692.1565354645368
1789799909760,btc-updown-5m-1789799700,0.05,0.96,164.0,1.01,-0.01500000000000001,-2.4600000000000017,1689.6965354645367
1789799925242,btc-updown-5m-1789799700,0.05,0.96,391.97,1.01,-0.01500000000000001,-5.8795500000000045,1683.8169854645366
1789799940843,btc-updown-5m-1789799700,0.05,0.96,122.95,1.01,-0.01500000000000001,-1.8442500000000013,1681.9727354645365
1789799956335,btc-updown-5m-1789799700,0.05,0.96,68.0,1.01,-0.01500000000000001,-1.0200000000000007,1680.9527354645365
1789799971983,btc-updown-5m-1789799700,0.05,0.96,62.79,1.01,-0.01500000000000001,-0.9418500000000006,1680.0108854645366
1789799987793,btc-updown-5m-1789799700,0.05,0.47,138.36,0.52,0.475,65.721,1745.7318854645366
1789800549654,btc-updown-5m-1789800300,0.11,0.9,6.53,1.01,-0.01500000000000001,-0.09795000000000006,1745.6339354645365
1789801147188,btc-updown-5m-1789800900,0.14,0.86,6.66,1.0,-0.005,-0.0333,1745.6006354645365
1789801374657,btc-updown-5m-1789801200,0.14,0.9,65.0,1.04,-0.04500000000000003,-2.925000000000002,1742.6756354645365
1789801390349,btc-updown-5m-1789801200,0.12,0.88,39.99,1.0,-0.005,-0.19995000000000002,1742.4756854645366
1789801406032,btc-updown-5m-1789801200,0.13,0.88,236.72,1.01,-0.01500000000000001,-3.5508000000000024,1738.9248854645366
1789801421779,btc-updown-5m-1789801200,0.13,0.88,224.55,1.01,-0.01500000000000001,-3.3682500000000024,1735.5566354645366
1789801452262,btc-updown-5m-1789801200,0.01,0.999,7.0,1.009,-0.013999999999999898,-0.09799999999999928,1735.4586354645367
1789801482053,btc-updown-5m-1789801200,0.002,0.999,1.0,1.001,-0.00599999999999989,-0.00599999999999989,1735.4526354645366
1789801497642,btc-updown-5m-1789801200,0.01,0.5,24.68,0.51,0.485,11.9698,1747.4224354645366
1789802332385,btc-updown-5m-1789802100,0.02,0.99,441.0,1.01,-0.01500000000000001,-6.615000000000005,1740.8074354645366
1789802347818,btc-updown-5m-1789802100,0.02,0.99,422.0,1.01,-0.01500000000000001,-6.3300000000000045,1734.4774354645367
1789802363147,btc-updown-5m-1789802100,0.02,0.99,321.3,1.01,-0.01500000000000001,-4.819500000000003,1729.6579354645366
1789802378795,btc-updown-5m-1789802100,0.02,0.99,128.8,1.01,-0.01500000000000001,-1.9320000000000015,1727.7259354645366
1789802394792,btc-updown-5m-1789802100,0.02,0.31,15.0,0.33,0.6649999999999999,9.975,1737.7009354645365
1789803252089,btc-updown-5m-1789803000,0.02,0.99,365.93,1.01,-0.01500000000000001,-5.4889500000000035,1732.2119854645366
1789803267765,btc-updown-5m-1789803000,0.02,0.99,320.65,1.01,-0.01500000000000001,-4.809750000000003,1727.4022354645367
1789803283589,btc-updown-5m-1789803000,0.02,0.95,232.64,0.97,0.025000000000000026,5.816000000000006,1733.2182354645367
1789803298886,btc-updown-5m-1789803000,0.06,0.45,108.37,0.51,0.485,52.55945,1785.7776854645367
1789803840968,btc-updown-5m-1789803600,0.07,0.95,176.59,1.02,-0.02500000000000002,-4.414750000000003,1781.3629354645368
1789803856815,btc-updown-5m-1789803600,0.06,0.95,57.0,1.01,-0.01500000000000001,-0.8550000000000005,1780.5079354645368
1789803872444,btc-updown-5m-1789803600,0.06,0.96,28.57,1.02,-0.02500000000000002,-0.7142500000000005,1779.7936854645368
1789803888167,btc-updown-5m-1789803600,0.05,0.49,34.65,0.54,0.45499999999999996,15.765749999999999,1795.5594354645368
1789804338110,btc-updown-5m-1789804200,0.11,0.9,100.83,1.01,-0.01500000000000001,-1.512450000000001,1794.0469854645369
1789804353466,btc-updown-5m-1789804200,0.11,0.91,127.81,1.02,-0.02500000000000002,-3.1952500000000024,1790.851735464537
1789804368957,btc-updown-5m-1789804200,0.1,0.91,374.46,1.01,-0.01500000000000001,-5.616900000000004,1785.234835464537
1789804384627,btc-updown-5m-1789804200,0.1,0.91,140.0,1.01,-0.01500000000000001,-2.1000000000000014,1783.134835464537
1789804400479,btc-updown-5m-1789804200,0.1,0.91,15.0,1.01,-0.01500000000000001,-0.22500000000000014,1782.909835464537
1789804415524,btc-updown-5m-1789804200,0.1,0.91,40.42,1.01,-0.01500000000000001,-0.6063000000000004,1782.3035354645372
1789804431172,btc-updown-5m-1789804200,0.1,0.92,500.0,1.02,-0.02500000000000002,-12.500000000000009,1769.8035354645372
1789804446631,btc-updown-5m-1789804200,0.09,0.92,330.12,1.01,-0.01500000000000001,-4.951800000000003,1764.8517354645371
1789804462094,btc-updown-5m-1789804200,0.09,0.92,277.0,1.01,-0.01500000000000001,-4.155000000000003,1760.6967354645371
1789804478578,btc-updown-5m-1789804200,0.09,0.92,288.06,1.01,-0.01500000000000001,-4.320900000000003,1756.3758354645372
1789804493990,btc-updown-5m-1789804200,0.09,0.7,61.0,0.7899999999999999,0.20500000000000007,12.505000000000004,1768.8808354645373
1789804726919,btc-updown-5m-1789804500,0.14,0.87,133.99,1.01,-0.01500000000000001,-2.0098500000000015,1766.8709854645374
1789804742259,btc-updown-5m-1789804500,0.14,0.87,355.1,1.01,-0.01500000000000001,-5.326500000000004,1761.5444854645375
1789804757798,btc-updown-5m-1789804500,0.14,0.87,244.0,1.01,-0.01500000000000001,-3.6600000000000024,1757.8844854645374
1789804773614,btc-updown-5m-1789804500,0.14,0.87,208.49,1.01,-0.01500000000000001,-3.127350000000002,1754.7571354645374
1789804789600,btc-updown-5m-1789804500,0.14,0.41,5.0,0.55,0.44499999999999995,2.2249999999999996,1756.9821354645374
1789805230944,btc-updown-5m-1789805100,0.09,0.93,306.56,1.02,-0.02500000000000002,-7.664000000000006,1749.3181354645374
1789805246488,btc-updown-5m-1789805100,0.08,0.93,313.87,1.01,-0.01500000000000001,-4.708050000000003,1744.6100854645374
1789805262059,btc-updown-5m-1789805100,0.08,0.93,206.56,1.01,-0.01500000000000001,-3.098400000000002,1741.5116854645373
1789805277848,btc-updown-5m-1789805100,0.08,0.93,206.56,1.01,-0.01500000000000001,-3.098400000000002,1738.4132854645372
1789805293520,btc-updown-5m-1789805100,0.08,0.93,5.0,1.01,-0.01500000000000001,-0.07500000000000005,1738.3382854645372
1789805309866,btc-updown-5m-1789805100,0.08,0.95,95.6,1.03,-0.035000000000000024,-3.3460000000000023,1734.9922854645372
1789805325030,btc-updown-5m-1789805100,0.07,0.96,142.33,1.03,-0.035000000000000024,-4.981550000000004,1730.0107354645372
1789805340133,btc-updown-5m-1789805100,0.06,0.96,224.57,1.02,-0.02500000000000002,-5.614250000000004,1724.3964854645371
1789805355649,btc-updown-5m-1789805100,0.05,0.96,309.31,1.01,-0.01500000000000001,-4.639650000000003,1719.756835464537
1789805371101,btc-updown-5m-1789805100,0.05,0.96,305.31,1.01,-0.01500000000000001,-4.579650000000003,1715.1771854645372
1789805387103,btc-updown-5m-1789805100,0.05,0.59,207.0,0.64,0.355,73.485,1788.662185464537
1789805542424,btc-updown-5m-1789805400,0.14,0.87,133.32,1.01,-0.01500000000000001,-1.9998000000000011,1786.662385464537
1789805558224,btc-updown-5m-1789805400,0.14,0.88,357.1428571428571,1.02,-0.02500000000000002,-8.928571428571434,1777.7338140359657
1789805573854,btc-updown-5m-1789805400,0.13,0.88,24.84,1.01,-0.01500000000000001,-0.37260000000000026,1777.3612140359658
1789805589819,btc-updown-5m-1789805400,0.13,0.88,73.02,1.01,-0.01500000000000001,-1.0953000000000006,1776.2659140359658
1789805605838,btc-updown-5m-1789805400,0.13,0.89,101.0,1.02,-0.02500000000000002,-2.5250000000000017,1773.7409140359657
1789805621581,btc-updown-5m-1789805400,0.12,0.9,154.25,1.02,-0.02500000000000002,-3.856250000000003,1769.8846640359657
1789805637244,btc-updown-5m-1789805400,0.11,0.91,262.74,1.02,-0.02500000000000002,-6.568500000000006,1763.3161640359656
1789805652998,btc-updown-5m-1789805400,0.1,0.91,168.32,1.01,-0.01500000000000001,-2.5248000000000017,1760.7913640359657
1789805668006,btc-updown-5m-1789805400,0.1,0.91,171.08,1.01,-0.01500000000000001,-2.566200000000002,1758.2251640359657
1789805683472,btc-updown-5m-1789805400,0.1,0.39,273.69,0.49,0.505,138.21345,1896.4386140359657
1789806077239,btc-updown-5m-1789806000,0.06,0.94,12.0,1.0,-0.005,-0.06,1896.3786140359657
1789806093481,btc-updown-5m-1789806000,0.07,0.94,181.0,1.01,-0.01500000000000001,-2.7150000000000016,1893.6636140359658
1789806109665,btc-updown-5m-1789806000,0.07,0.94,271.64,1.01,-0.01500000000000001,-4.074600000000003,1889.5890140359659
1789806125455,btc-updown-5m-1789806000,0.07,0.94,106.0,1.01,-0.01500000000000001,-1.590000000000001,1887.999014035966
1789806140489,btc-updown-5m-1789806000,0.07,0.96,190.0,1.03,-0.035000000000000024,-6.650000000000005,1881.3490140359659
1789806156381,btc-updown-5m-1789806000,0.07,0.97,464.48,1.04,-0.04500000000000003,-20.901600000000016,1860.447414035966
1789806171514,btc-updown-5m-1789806000,0.05,0.97,389.27,1.02,-0.02500000000000002,-9.731750000000007,1850.715664035966
1789806187390,btc-updown-5m-1789806000,0.04,0.97,55.22,1.01,-0.01500000000000001,-0.8283000000000005,1849.8873640359661
1789806203242,btc-updown-5m-1789806000,0.04,0.97,103.88,1.01,-0.01500000000000001,-1.558200000000001,1848.3291640359662
1789806219152,btc-updown-5m-1789806000,0.04,0.98,527.4,1.02,-0.02500000000000002,-13.18500000000001,1835.1441640359662
1789807145187,btc-updown-5m-1789806900,0.03,0.98,301.32,1.01,-0.01500000000000001,-4.519800000000003,1830.6243640359662
1789807160877,btc-updown-5m-1789806900,0.03,0.98,352.98,1.01,-0.01500000000000001,-5.294700000000004,1825.3296640359663
1789807176399,btc-updown-5m-1789806900,0.03,0.98,266.7,1.01,-0.01500000000000001,-4.000500000000002,1821.3291640359662
1789807192027,btc-updown-5m-1789806900,0.03,0.4,49.99,0.43000000000000005,0.565,28.244349999999997,1849.5735140359661
1789807740692,btc-updown-5m-1789807500,0.06,0.95,77.0,1.01,-0.01500000000000001,-1.1550000000000007,1848.4185140359662
1789807756236,btc-updown-5m-1789807500,0.06,0.95,67.0,1.01,-0.01500000000000001,-1.0050000000000006,1847.413514035966
1789807772004,btc-updown-5m-1789807500,0.06,0.95,47.97,1.01,-0.01500000000000001,-0.7195500000000005,1846.693964035966
1789807787893,btc-updown-5m-1789807500,0.06,0.5,5.0,0.56,0.43499999999999994,2.175,1848.868964035966
1789808614267,btc-updown-5m-1789808400,0.07,0.94,91.72,1.01,-0.01500000000000001,-1.3758000000000008,1847.493164035966
1789808629850,btc-updown-5m-1789808400,0.07,0.93,84.0,1.0,-0.005,-0.42,1847.0731640359659
1789808645270,btc-updown-5m-1789808400,0.08,0.93,328.55,1.01,-0.01500000000000001,-4.928250000000004,1842.144914035966
1789808661188,btc-updown-5m-1789808400,0.08,0.93,218.27,1.01,-0.01500000000000001,-3.274050000000002,1838.870864035966
1789808676608,btc-updown-5m-1789808400,0.08,0.93,109.14,1.01,-0.01500000000000001,-1.637100000000001,1837.233764035966
1789808692102,btc-updown-5m-1789808400,0.08,0.5,232.16,0.58,0.41500000000000004,96.3464,1933.580164035966
1789808834562,btc-updown-5m-1789808700,0.08,0.93,488.79,1.01,-0.01500000000000001,-7.3318500000000055,1926.248314035966
1789808850009,btc-updown-5m-1789808700,0.08,0.93,434.79,1.01,-0.01500000000000001,-6.521850000000005,1919.7264640359658
1789808865438,btc-updown-5m-1789808700,0.08,0.93,326.88,1.01,-0.01500000000000001,-4.9032000000000036,1914.8232640359658
1789808880928,btc-updown-5m-1789808700,0.08,0.93,306.82,1.01,-0.01500000000000001,-4.602300000000003,1910.2209640359658
1789808896758,btc-updown-5m-1789808700,0.08,0.93,455.25,1.01,-0.01500000000000001,-6.828750000000005,1903.392214035966
1789808913196,btc-updown-5m-1789808700,0.08,0.93,378.25,1.01,-0.01500000000000001,-5.673750000000004,1897.718464035966
1789808928513,btc-updown-5m-1789808700,0.08,0.93,350.82,1.01,-0.01500000000000001,-5.262300000000003,1892.456164035966
1789808943933,btc-updown-5m-1789808700,0.08,0.93,510.67,1.01,-0.01500000000000001,-7.660050000000005,1884.796114035966
1789809820251,btc-updown-5m-1789809600,0.02,0.99,99.0,1.01,-0.01500000000000001,-1.485000000000001,1883.311114035966
1789809835939,btc-updown-5m-1789809600,0.02,0.99,85.37,1.01,-0.01500000000000001,-1.280550000000001,1882.030564035966
1789809851813,btc-updown-5m-1789809600,0.02,0.99,85.37,1.01,-0.01500000000000001,-1.280550000000001,1880.7500140359662
1789809867060,btc-updown-5m-1789809600,0.02,0.98,20.37,1.0,-0.005,-0.10185000000000001,1880.6481640359661
1789809882847,btc-updown-5m-1789809600,0.03,0.98,315.2,1.01,-0.01500000000000001,-4.728000000000003,1875.920164035966
1789809898574,btc-updown-5m-1789809600,0.03,0.62,97.77,0.65,0.345,33.73065,1909.650814035966
1789811223161,btc-updown-5m-1789811100,0.04,0.97,343.0,1.01,-0.01500000000000001,-5.145000000000003,1904.505814035966
1789811239227,btc-updown-5m-1789811100,0.04,0.97,145.0,1.01,-0.01500000000000001,-2.1750000000000016,1902.3308140359661
1789811254608,btc-updown-5m-1789811100,0.04,0.97,195.0,1.01,-0.01500000000000001,-2.925000000000002,1899.4058140359662
1789811270468,btc-updown-5m-1789811100,0.04,0.97,406.42,1.01,-0.01500000000000001,-6.096300000000004,1893.3095140359662
1789811286367,btc-updown-5m-1789811100,0.04,0.97,489.51,1.01,-0.01500000000000001,-7.342650000000004,1885.9668640359662
1789811302096,btc-updown-5m-1789811100,0.04,0.97,384.12,1.01,-0.01500000000000001,-5.761800000000004,1880.2050640359662
1789811317162,btc-updown-5m-1789811100,0.04,0.96,146.43,1.0,-0.005,-0.7321500000000001,1879.4729140359661
1789811332867,btc-updown-5m-1789811100,0.05,0.96,43.0,1.01,-0.01500000000000001,-0.6450000000000005,1878.8279140359662
1789811348801,btc-updown-5m-1789811100,0.05,0.96,253.0,1.01,-0.01500000000000001,-3.7950000000000026,1875.032914035966
1789811371617,btc-updown-5m-1789811100,0.05,0.56,210.36,0.6100000000000001,0.3849999999999999,80.98859999999998,1956.021514035966
1789812735693,btc-updown-5m-1789812600,0.1,0.92,366.88,1.02,-0.02500000000000002,-9.172000000000006,1946.849514035966
1789812751761,btc-updown-5m-1789812600,0.09,0.92,311.59,1.01,-0.01500000000000001,-4.6738500000000025,1942.175664035966
1789812767653,btc-updown-5m-1789812600,0.09,0.93,555.5555555555555,1.02,-0.02500000000000002,-13.888888888888898,1928.2867751470772
1789812782820,btc-updown-5m-1789812600,0.09,0.93,555.5555555555555,1.02,-0.02500000000000002,-13.888888888888898,1914.3978862581882
1789812798299,btc-updown-5m-1789812600,0.08,0.93,325.59,1.01,-0.01500000000000001,-4.8838500000000025,1909.5140362581883
1789812813928,btc-updown-5m-1789812600,0.08,0.93,443.92,1.01,-0.01500000000000001,-6.658800000000005,1902.8552362581884
1789812829499,btc-updown-5m-1789812600,0.08,0.95,60.26,1.03,-0.035000000000000024,-2.1091000000000015,1900.7461362581885
1789812845106,btc-updown-5m-1789812600,0.06,0.96,105.16,1.02,-0.02500000000000002,-2.629000000000002,1898.1171362581886
1789812860719,btc-updown-5m-1789812600,0.05,0.97,327.99,1.02,-0.02500000000000002,-8.199750000000007,1889.9173862581886
1789812876172,btc-updown-5m-1789812600,0.04,0.6,215.66,0.64,0.355,76.5593,1966.4766862581885
1789813332015,btc-updown-5m-1789813200,0.12,0.89,395.38,1.01,-0.01500000000000001,-5.930700000000003,1960.5459862581883
1789813347551,btc-updown-5m-1789813200,0.12,0.88,158.0,1.0,-0.005,-0.79,1959.7559862581884
1789813363009,btc-updown-5m-1789813200,0.13,0.87,5.0,1.0,-0.005,-0.025,1959.7309862581883
1789813378610,btc-updown-5m-1789813200,0.14,0.87,357.1428571428571,1.01,-0.01500000000000001,-5.35714285714286,1954.3738434010454
1789813394072,btc-updown-5m-1789813200,0.14,0.87,357.1428571428571,1.01,-0.01500000000000001,-5.35714285714286,1949.0167005439025
1789813409751,btc-updown-5m-1789813200,0.14,0.87,265.21,1.01,-0.01500000000000001,-3.9781500000000025,1945.0385505439026
1789813425500,btc-updown-5m-1789813200,0.14,0.87,169.26,1.01,-0.01500000000000001,-2.5389000000000017,1942.4996505439026
1789813441239,btc-updown-5m-1789813200,0.14,0.87,52.49,1.01,-0.01500000000000001,-0.7873500000000005,1941.7123005439025
1789813457051,btc-updown-5m-1789813200,0.14,0.88,65.0,1.02,-0.02500000000000002,-1.625000000000001,1940.0873005439025
1789813472858,btc-updown-5m-1789813200,0.13,0.57,384.6153846153846,0.7,0.29500000000000004,113.46153846153847,2053.548839005441
1789814859855,btc-updown-5m-1789814700,0.06,0.95,138.0,1.01,-0.01500000000000001,-2.070000000000001,2051.478839005441
1789814875233,btc-updown-5m-1789814700,0.06,0.95,148.0,1.01,-0.01500000000000001,-2.2200000000000015,2049.258839005441
1789814890696,btc-updown-5m-1789814700,0.06,0.95,217.0,1.01,-0.01500000000000001,-3.255000000000002,2046.003839005441
1789814906455,btc-updown-5m-1789814700,0.06,0.95,155.4,1.01,-0.01500000000000001,-2.3310000000000017,2043.6728390054411
1789814921927,btc-updown-5m-1789814700,0.06,0.95,83.57,1.01,-0.01500000000000001,-1.2535500000000008,2042.4192890054412
1789814937429,btc-updown-5m-1789814700,0.06,0.95,80.82,1.01,-0.01500000000000001,-1.2123000000000006,2041.2069890054413
1789814953067,btc-updown-5m-1789814700,0.06,0.95,70.82,1.01,-0.01500000000000001,-1.0623000000000007,2040.1446890054413
1789814969153,btc-updown-5m-1789814700,0.06,0.95,125.82,1.01,-0.01500000000000001,-1.887300000000001,2038.2573890054412
1789814985190,btc-updown-5m-1789814700,0.06,0.54,60.0,0.6000000000000001,0.3949999999999999,23.699999999999996,2061.957389005441
1789815755019,btc-updown-5m-1789815600,0.06,0.95,129.43,1.01,-0.01500000000000001,-1.9414500000000015,2060.0159390054414
1789815770408,btc-updown-5m-1789815600,0.06,0.95,140.2,1.01,-0.01500000000000001,-2.103000000000001,2057.9129390054413
1789815785780,btc-updown-5m-1789815600,0.06,0.96,250.0,1.02,-0.02500000000000002,-6.250000000000004,2051.6629390054413
1789815801396,btc-updown-5m-1789815600,0.05,0.96,245.0,1.01,-0.01500000000000001,-3.6750000000000025,2047.9879390054414
1789815817351,btc-updown-5m-1789815600,0.05,0.96,229.58,1.01,-0.01500000000000001,-3.4437000000000024,2044.5442390054413
1789815833144,btc-updown-5m-1789815600,0.05,0.96,179.37,1.01,-0.01500000000000001,-2.6905500000000018,2041.8536890054413
1789815848778,btc-updown-5m-1789815600,0.05,0.97,114.28,1.02,-0.02500000000000002,-2.857000000000002,2038.9966890054413
1789815864353,btc-updown-5m-1789815600,0.04,0.97,89.99,1.01,-0.01500000000000001,-1.3498500000000009,2037.6468390054413
1789815879829,btc-updown-5m-1789815600,0.04,0.51,558.71,0.55,0.44499999999999995,248.62595,2286.272789005441
1789818541616,btc-updown-5m-1789818300,0.14,0.86,95.0,1.0,-0.005,-0.47500000000000003,2285.7977890054412
1789819633534,btc-updown-5m-1789819500,0.11,0.9,78.24,1.01,-0.01500000000000001,-1.1736000000000006,2284.624189005441
1789819648670,btc-updown-5m-1789819500,0.11,0.9,84.59,1.01,-0.01500000000000001,-1.268850000000001,2283.3553390054412
1789819664151,btc-updown-5m-1789819500,0.11,0.9,9.12,1.01,-0.01500000000000001,-0.1368000000000001,2283.218539005441
1789819679922,btc-updown-5m-1789819500,0.11,0.96,287.67,1.07,-0.07500000000000007,-21.575250000000022,2261.643289005441
1789819695789,btc-updown-5m-1789819500,0.05,0.98,161.0,1.03,-0.035000000000000024,-5.635000000000004,2256.008289005441
1789819711405,btc-updown-5m-1789819500,0.03,0.98,154.22,1.01,-0.01500000000000001,-2.3133000000000017,2253.694989005441
1789819727215,btc-updown-5m-1789819500,0.03,0.98,136.81,1.01,-0.01500000000000001,-2.0521500000000015,2251.642839005441
1789819742986,btc-updown-5m-1789819500,0.03,0.98,120.63,1.01,-0.01500000000000001,-1.8094500000000011,2249.833389005441
1789819758776,btc-updown-5m-1789819500,0.03,0.98,455.93,1.01,-0.01500000000000001,-6.838950000000005,2242.994439005441
1789819774421,btc-updown-5m-1789819500,0.03,0.98,107.8,1.01,-0.01500000000000001,-1.617000000000001,2241.377439005441
1789819790342,btc-updown-5m-1789819500,0.03,0.62,110.0,0.65,0.345,37.949999999999996,2279.3274390054407
1789820296441,btc-updown-5m-1789820100,0.14,0.87,50.0,1.01,-0.01500000000000001,-0.7500000000000004,2278.5774390054407
1789820311976,btc-updown-5m-1789820100,0.14,0.87,137.79,1.01,-0.01500000000000001,-2.0668500000000014,2276.5105890054406
1789820327765,btc-updown-5m-1789820100,0.14,0.87,124.13,1.01,-0.01500000000000001,-1.861950000000001,2274.6486390054406
1789820343476,btc-updown-5m-1789820100,0.14,0.87,150.18,1.01,-0.01500000000000001,-2.2527000000000017,2272.3959390054406
1789820359020,btc-updown-5m-1789820100,0.14,0.87,152.53,1.01,-0.01500000000000001,-2.2879500000000017,2270.1079890054407
1789820374948,btc-updown-5m-1789820100,0.14,0.36,184.39,0.5,0.495,91.27305,2361.3810390054405
1789820857124,btc-updown-5m-1789820700,0.07,0.94,159.42,1.01,-0.01500000000000001,-2.3913000000000015,2358.9897390054402
1789820872775,btc-updown-5m-1789820700,0.07,0.94,247.0,1.01,-0.01500000000000001,-3.7050000000000023,2355.2847390054403
1789820888663,btc-updown-5m-1789820700,0.07,0.93,53.63,1.0,-0.005,-0.26815,2355.0165890054404
1789820904295,btc-updown-5m-1789820700,0.08,0.93,260.36,1.01,-0.01500000000000001,-3.905400000000003,2351.1111890054403
1789820919859,btc-updown-5m-1789820700,0.08,0.93,146.27,1.01,-0.01500000000000001,-2.1940500000000016,2348.9171390054403
1789820935341,btc-updown-5m-1789820700,0.08,0.93,55.0,1.01,-0.01500000000000001,-0.8250000000000005,2348.0921390054405
1789820950982,btc-updown-5m-1789820700,0.08,0.94,81.36,1.02,-0.02500000000000002,-2.0340000000000016,2346.0581390054404
1789820966490,btc-updown-5m-1789820700,0.07,0.95,594.55,1.02,-0.02500000000000002,-14.86375000000001,2331.1943890054404
1789820981848,btc-updown-5m-1789820700,0.06,0.95,25.19,1.01,-0.01500000000000001,-0.37785000000000024,2330.8165390054405
1789820997915,btc-updown-5m-1789820700,0.06,0.44,10.0,0.5,0.495,4.95,2335.7665390054403
1789821751938,btc-updown-5m-1789821600,0.13,0.88,43.86,1.01,-0.01500000000000001,-0.6579000000000004,2335.10863900544
1789821767602,btc-updown-5m-1789821600,0.13,0.89,133.87,1.02,-0.02500000000000002,-3.346750000000003,2331.76188900544
1789821783052,btc-updown-5m-1789821600,0.12,0.89,105.0,1.01,-0.01500000000000001,-1.575000000000001,2330.18688900544
1789821798634,btc-updown-5m-1789821600,0.12,0.89,100.0,1.01,-0.01500000000000001,-1.5000000000000009,2328.68688900544
1789821814319,btc-updown-5m-1789821600,0.12,0.89,100.0,1.01,-0.01500000000000001,-1.5000000000000009,2327.18688900544
1789821829773,btc-updown-5m-1789821600,0.12,0.89,50.0,1.01,-0.01500000000000001,-0.7500000000000004,2326.43688900544
1789821845389,btc-updown-5m-1789821600,0.12,0.89,50.0,1.01,-0.01500000000000001,-0.7500000000000004,2325.68688900544
1789821860777,btc-updown-5m-1789821600,0.12,0.9,198.07,1.02,-0.02500000000000002,-4.951750000000003,2320.73513900544
1789821876160,btc-updown-5m-1789821600,0.11,0.9,159.96,1.01,-0.01500000000000001,-2.3994000000000018,2318.3357390054402
1789821891842,btc-updown-5m-1789821600,0.11,0.64,6.4,0.75,0.245,1.568,2319.9037390054405
1789822338628,btc-updown-5m-1789822200,0.06,0.95,144.35,1.01,-0.01500000000000001,-2.1652500000000012,2317.7384890054404
1789822353977,btc-updown-5m-1789822200,0.06,0.95,38.0,1.01,-0.01500000000000001,-0.5700000000000004,2317.1684890054403
1789822369568,btc-updown-5m-1789822200,0.06,0.93,24.68,0.99,0.005000000000000009,0.12340000000000022,2317.29188900544
1789822384963,btc-updown-5m-1789822200,0.08,0.93,147.42,1.01,-0.01500000000000001,-2.2113000000000014,2315.0805890054403
1789822400617,btc-updown-5m-1789822200,0.08,0.93,92.42,1.01,-0.01500000000000001,-1.386300000000001,2313.69428900544
1789822416318,btc-updown-5m-1789822200,0.08,0.92,67.42,1.0,-0.005,-0.3371,2313.35718900544
1789822431395,btc-updown-5m-1789822200,0.09,0.92,164.78,1.01,-0.01500000000000001,-2.4717000000000016,2310.88548900544
1789822446573,btc-updown-5m-1789822200,0.09,0.92,97.62,1.01,-0.01500000000000001,-1.464300000000001,2309.42118900544
1789822462553,btc-updown-5m-1789822200,0.12,0.9,183.71,1.02,-0.02500000000000002,-4.592750000000003,2304.82843900544
1789822478569,btc-updown-5m-1789822200,0.11,0.9,92.59,1.01,-0.01500000000000001,-1.388850000000001,2303.43958900544
1789822494487,btc-updown-5m-1789822200,0.11,0.54,19.59,0.65,0.345,6.75855,2310.19813900544
1789823065912,btc-updown-5m-1789822800,0.08,0.93,21.47,1.01,-0.01500000000000001,-0.32205000000000017,2309.87608900544
1789823081485,btc-updown-5m-1789822800,0.08,0.94,100.0,1.02,-0.02500000000000002,-2.5000000000000018,2307.37608900544
1789823097223,btc-updown-5m-1789822800,0.07,0.5,84.0,0.5700000000000001,0.42499999999999993,35.699999999999996,2343.07608900544
1789823850775,btc-updown-5m-1789823700,0.04,0.97,205.04,1.01,-0.01500000000000001,-3.075600000000002,2340.0004890054397
1789823866324,btc-updown-5m-1789823700,0.04,0.98,1250.0,1.02,-0.02500000000000002,-31.250000000000025,2308.7504890054397
1789823881832,btc-updown-5m-1789823700,0.03,0.98,359.5,1.01,-0.01500000000000001,-5.392500000000004,2303.35798900544
1789823897754,btc-updown-5m-1789823700,0.03,0.98,380.5,1.01,-0.01500000000000001,-5.707500000000004,2297.65048900544
1789823913347,btc-updown-5m-1789823700,0.03,0.98,379.18,1.01,-0.01500000000000001,-5.687700000000004,2291.96278900544
1789823928693,btc-updown-5m-1789823700,0.03,0.98,458.12,1.01,-0.01500000000000001,-6.871800000000005,2285.09098900544
1789823944263,btc-updown-5m-1789823700,0.03,0.97,294.0,1.0,-0.005,-1.47,2283.62098900544
1789823960104,btc-updown-5m-1789823700,0.04,0.97,87.57,1.01,-0.01500000000000001,-1.3135500000000007,2282.3074390054403
1789823975329,btc-updown-5m-1789823700,0.04,0.97,85.01,1.01,-0.01500000000000001,-1.275150000000001,2281.0322890054404
1789823990796,btc-updown-5m-1789823700,0.04,0.28,215.99,0.32,0.6749999999999999,145.79325,2426.8255390054405
1789824816763,btc-updown-5m-1789824600,0.07,0.94,3.39,1.01,-0.01500000000000001,-0.050850000000000034,2426.7746890054405
1789824832776,btc-updown-5m-1789824600,0.07,0.95,152.0,1.02,-0.02500000000000002,-3.800000000000003,2422.9746890054403
1789824848630,btc-updown-5m-1789824600,0.06,0.96,139.69,1.02,-0.02500000000000002,-3.4922500000000025,2419.4824390054405
1789824864420,btc-updown-5m-1789824600,0.05,0.97,533.99,1.02,-0.02500000000000002,-13.34975000000001,2406.1326890054406
1789824880132,btc-updown-5m-1789824600,0.04,0.97,250.65,1.01,-0.01500000000000001,-3.7597500000000026,2402.3729390054405
1789824895465,btc-updown-5m-1789824600,0.04,0.52,194.0,0.56,0.43499999999999994,84.38999999999999,2486.7629390054403
1789825740860,btc-updown-5m-1789825500,0.05,0.94,100.18,0.99,0.005000000000000009,0.5009000000000009,2487.2638390054403
1789825756626,btc-updown-5m-1789825500,0.07,0.94,80.0,1.01,-0.01500000000000001,-1.2000000000000008,2486.0638390054405
1789825772404,btc-updown-5m-1789825500,0.07,0.94,52.62,1.01,-0.01500000000000001,-0.7893000000000004,2485.2745390054406
1789825788158,btc-updown-5m-1789825500,0.07,0.5,147.59,0.5700000000000001,0.42499999999999993,62.72574999999999,2548.0002890054407
1789826019513,btc-updown-5m-1789825800,0.07,0.94,181.7,1.01,-0.01500000000000001,-2.7255000000000016,2545.2747890054407
1789826035275,btc-updown-5m-1789825800,0.07,0.94,248.42,1.01,-0.01500000000000001,-3.7263000000000024,2541.548489005441
1789826051139,btc-updown-5m-1789825800,0.07,0.95,198.42,1.02,-0.02500000000000002,-4.960500000000003,2536.5879890054407
1789826066736,btc-updown-5m-1789825800,0.06,0.95,138.99,1.01,-0.01500000000000001,-2.0848500000000016,2534.5031390054405
1789826082661,btc-updown-5m-1789825800,0.06,0.95,103.15,1.01,-0.01500000000000001,-1.5472500000000011,2532.9558890054404
1789826098262,btc-updown-5m-1789825800,0.06,0.5,103.15,0.56,0.43499999999999994,44.87025,2577.8261390054404
1789826677053,btc-updown-5m-1789826400,0.02,0.99,526.0,1.01,-0.01500000000000001,-7.890000000000005,2569.9361390054405
1789826692760,btc-updown-5m-1789826400,0.02,0.64,177.32,0.66,0.33499999999999996,59.40219999999999,2629.3383390054405
1789826845947,btc-updown-5m-1789826700,0.04,0.96,85.0,1.0,-0.005,-0.425,2628.9133390054403
1789826861665,btc-updown-5m-1789826700,0.05,0.96,69.79,1.01,-0.01500000000000001,-1.0468500000000007,2627.86648900544
1789826877030,btc-updown-5m-1789826700,0.05,0.97,743.43,1.02,-0.02500000000000002,-18.58575000000001,2609.28073900544
1789826892550,btc-updown-5m-1789826700,0.04,0.97,168.98,1.01,-0.01500000000000001,-2.5347000000000017,2606.74603900544
1789826908011,btc-updown-5m-1789826700,0.04,0.97,239.1,1.01,-0.01500000000000001,-3.5865000000000022,2603.15953900544
1789826923556,btc-updown-5m-1789826700,0.04,0.97,223.8,1.01,-0.01500000000000001,-3.3570000000000024,2599.80253900544
1789826939465,btc-updown-5m-1789826700,0.04,0.97,223.8,1.01,-0.01500000000000001,-3.3570000000000024,2596.44553900544
1789826954662,btc-updown-5m-1789826700,0.04,0.97,250.66,1.01,-0.01500000000000001,-3.7599000000000022,2592.68563900544
1789826970286,btc-updown-5m-1789826700,0.04,0.97,334.94,1.01,-0.01500000000000001,-5.024100000000003,2587.66153900544
1789826986215,btc-updown-5m-1789826700,0.04,0.48,282.48,0.52,0.475,134.178,2721.8395390054397
1789827434138,btc-updown-5m-1789827300,0.09,0.92,72.39,1.01,-0.01500000000000001,-1.0858500000000006,2720.75368900544
1789827449688,btc-updown-5m-1789827300,0.09,0.92,67.7,1.01,-0.01500000000000001,-1.0155000000000007,2719.73818900544
1789827464812,btc-updown-5m-1789827300,0.09,0.92,40.82,1.01,-0.01500000000000001,-0.6123000000000004,2719.12588900544
1789827480416,btc-updown-5m-1789827300,0.09,0.92,27.03,1.01,-0.01500000000000001,-0.4054500000000003,2718.72043900544
1789827495485,btc-updown-5m-1789827300,0.09,0.92,25.7,1.01,-0.01500000000000001,-0.38550000000000023,2718.33493900544
1789827511425,btc-updown-5m-1789827300,0.09,0.93,184.0,1.02,-0.02500000000000002,-4.600000000000003,2713.73493900544
1789827527766,btc-updown-5m-1789827300,0.08,0.93,20.0,1.01,-0.01500000000000001,-0.3000000000000002,2713.43493900544
1789827543694,btc-updown-5m-1789827300,0.08,0.93,71.84,1.01,-0.01500000000000001,-1.0776000000000008,2712.35733900544
1789827559488,btc-updown-5m-1789827300,0.08,0.94,84.0,1.02,-0.02500000000000002,-2.1000000000000014,2710.25733900544
1789827574944,btc-updown-5m-1789827300,0.07,0.6,5.0,0.6699999999999999,0.32500000000000007,1.6250000000000004,2711.88233900544
1789827711776,btc-updown-5m-1789827600,0.07,0.94,160.18,1.01,-0.01500000000000001,-2.4027000000000016,2709.47963900544
1789827726956,btc-updown-5m-1789827600,0.07,0.94,118.12,1.01,-0.01500000000000001,-1.7718000000000012,2707.70783900544
1789827742198,btc-updown-5m-1789827600,0.07,0.94,103.83,1.01,-0.01500000000000001,-1.557450000000001,2706.15038900544
1789827757721,btc-updown-5m-1789827600,0.07,0.93,250.0,1.0,-0.005,-1.25,2704.90038900544
1789827773456,btc-updown-5m-1789827600,0.09,0.93,38.23,1.02,-0.02500000000000002,-0.9557500000000007,2703.94463900544
1789827789227,btc-updown-5m-1789827600,0.08,0.7,60.0,0.7799999999999999,0.21500000000000008,12.900000000000006,2716.84463900544
1789828037166,btc-updown-5m-1789827900,0.14,0.88,357.1428571428571,1.02,-0.02500000000000002,-8.928571428571434,2707.9160675768685
1789828052614,btc-updown-5m-1789827900,0.13,0.88,160.0,1.01,-0.01500000000000001,-2.4000000000000017,2705.5160675768684
1789828068275,btc-updown-5m-1789827900,0.13,0.87,111.63,1.0,-0.005,-0.55815,2704.9579175768686
1789828083772,btc-updown-5m-1789827900,0.14,0.88,242.62,1.02,-0.02500000000000002,-6.0655000000000046,2698.8924175768684
1789828099614,btc-updown-5m-1789827900,0.13,0.88,118.36,1.01,-0.01500000000000001,-1.7754000000000012,2697.1170175768684
1789828114816,btc-updown-5m-1789827900,0.13,0.87,93.51,1.0,-0.005,-0.46755,2696.6494675768686
1789828130114,btc-updown-5m-1789827900,0.14,0.88,128.23,1.02,-0.02500000000000002,-3.2057500000000023,2693.4437175768685
1789828145857,btc-updown-5m-1789827900,0.13,0.88,10.0,1.01,-0.01500000000000001,-0.1500000000000001,2693.2937175768684
1789828161517,btc-updown-5m-1789827900,0.13,0.89,125.0,1.02,-0.02500000000000002,-3.125000000000002,2690.1687175768684
1789828177318,btc-updown-5m-1789827900,0.12,0.89,102.24,1.01,-0.01500000000000001,-1.533600000000001,2688.635117576868
1789828193354,btc-updown-5m-1789827900,0.12,0.74,341.53,0.86,0.135,46.10655,2734.741667576868
1789828419788,btc-updown-5m-1789828200,0.11,0.9,61.0,1.01,-0.01500000000000001,-0.9150000000000006,2733.826667576868
1789828436354,btc-updown-5m-1789828200,0.11,0.91,197.0,1.02,-0.02500000000000002,-4.925000000000003,2728.901667576868
1789828452274,btc-updown-5m-1789828200,0.1,0.91,197.79,1.01,-0.01500000000000001,-2.9668500000000018,2725.934817576868
1789828467805,btc-updown-5m-1789828200,0.1,0.06,5.0,0.16,0.835,4.175,2730.1098175768684
1789830135773,btc-updown-5m-1789830000,0.08,0.94,317.74,1.02,-0.02500000000000002,-7.9435000000000064,2722.1663175768686
1789830152741,btc-updown-5m-1789830000,0.07,0.94,209.87,1.01,-0.01500000000000001,-3.1480500000000022,2719.0182675768688
1789830168534,btc-updown-5m-1789830000,0.07,0.94,231.48,1.01,-0.01500000000000001,-3.472200000000002,2715.5460675768686
1789830184226,btc-updown-5m-1789830000,0.07,0.94,202.0,1.01,-0.01500000000000001,-3.030000000000002,2712.5160675768684
1789830199403,btc-updown-5m-1789830000,0.07,0.94,290.98,1.01,-0.01500000000000001,-4.364700000000004,2708.1513675768683
1789830850060,btc-updown-5m-1789830600,0.14,0.87,111.84,1.01,-0.01500000000000001,-1.677600000000001,2706.4737675768683
1789830865230,btc-updown-5m-1789830600,0.14,0.95,85.57,1.0899999999999999,-0.09499999999999986,-8.129149999999987,2698.344617576868
1789830881777,btc-updown-5m-1789830600,0.06,0.96,130.0,1.02,-0.02500000000000002,-3.250000000000002,2695.094617576868
1789830897788,btc-updown-5m-1789830600,0.05,0.45,3.22,0.5,0.495,1.5939,2696.688517576868
1789831939595,btc-updown-5m-1789831800,0.07,0.93,35.0,1.0,-0.005,-0.17500000000000002,2696.513517576868
1789831955245,btc-updown-5m-1789831800,0.08,0.93,66.43,1.01,-0.01500000000000001,-0.9964500000000007,2695.5170675768677
1789831970790,btc-updown-5m-1789831800,0.08,0.93,60.35,1.01,-0.01500000000000001,-0.9052500000000007,2694.611817576868
1789831986429,btc-updown-5m-1789831800,0.08,0.93,50.35,1.01,-0.01500000000000001,-0.7552500000000005,2693.8565675768677
1789832002097,btc-updown-5m-1789831800,0.08,0.93,45.35,1.01,-0.01500000000000001,-0.6802500000000005,2693.176317576868
1789832017492,btc-updown-5m-1789831800,0.08,0.94,105.0,1.02,-0.02500000000000002,-2.6250000000000018,2690.551317576868
1789832033030,btc-updown-5m-1789831800,0.07,0.94,135.0,1.01,-0.01500000000000001,-2.0250000000000012,2688.5263175768678
1789832048525,btc-updown-5m-1789831800,0.07,0.94,20.0,1.01,-0.01500000000000001,-0.3000000000000002,2688.2263175768676
1789832064057,btc-updown-5m-1789831800,0.07,0.95,101.46,1.02,-0.02500000000000002,-2.5365000000000015,2685.6898175768674
1789832079423,btc-updown-5m-1789831800,0.06,0.5,180.01,0.56,0.43499999999999994,78.30434999999999,2763.9941675768673
1789832325352,btc-updown-5m-1789832100,0.07,0.95,316.43,1.02,-0.02500000000000002,-7.910750000000006,2756.0834175768673
1789832340936,btc-updown-5m-1789832100,0.06,0.94,54.99,1.0,-0.005,-0.27495,2755.8084675768673
1789832356438,btc-updown-5m-1789832100,0.07,0.94,55.0,1.01,-0.01500000000000001,-0.8250000000000005,2754.9834675768675
1789832372308,btc-updown-5m-1789832100,0.07,0.95,45.0,1.02,-0.02500000000000002,-1.1250000000000009,2753.8584675768675
1789832388315,btc-updown-5m-1789832100,0.06,0.61,412.17,0.6699999999999999,0.32500000000000007,133.95525000000004,2887.8137175768675
1789832629586,btc-updown-5m-1789832400,0.02,0.99,381.0,1.01,-0.01500000000000001,-5.715000000000003,2882.0987175768673
1789832645197,btc-updown-5m-1789832400,0.02,0.99,260.85,1.01,-0.01500000000000001,-3.912750000000003,2878.1859675768674
1789832660743,btc-updown-5m-1789832400,0.02,0.98,154.74,1.0,-0.005,-0.7737,2877.412267576867
1789832676537,btc-updown-5m-1789832400,0.03,0.51,20.5,0.54,0.45499999999999996,9.327499999999999,2886.739767576867
1789833232913,btc-updown-5m-1789833000,0.14,0.87,50.0,1.01,-0.01500000000000001,-0.7500000000000004,2885.989767576867
1789833248478,btc-updown-5m-1789833000,0.14,0.87,74.66,1.01,-0.01500000000000001,-1.1199000000000008,2884.869867576867
1789833264009,btc-updown-5m-1789833000,0.14,0.87,126.94,1.01,-0.01500000000000001,-1.9041000000000012,2882.9657675768667
1789833279642,btc-updown-5m-1789833000,0.14,0.87,82.47,1.01,-0.01500000000000001,-1.2370500000000009,2881.7287175768665
1789833295290,btc-updown-5m-1789833000,0.14,0.31,357.1428571428571,0.45,0.545,194.64285714285714,3076.371574719724
1789835340704,btc-updown-5m-1789835100,0.1,0.91,158.19,1.01,-0.01500000000000001,-2.3728500000000015,3073.9987247197237
1789835355894,btc-updown-5m-1789835100,0.1,0.91,10.31,1.01,-0.01500000000000001,-0.15465000000000012,3073.8440747197237
1789835371609,btc-updown-5m-1789835100,0.1,0.94,26.3,1.04,-0.04500000000000003,-1.1835000000000009,3072.6605747197236
1789835386830,btc-updown-5m-1789835100,0.1,0.31,70.77,0.41000000000000003,0.585,41.40044999999999,3114.0610247197237
1789836096406,btc-updown-5m-1789836000,0.13,0.88,20.0,1.01,-0.01500000000000001,-0.3000000000000002,3113.7610247197235
1789836112523,btc-updown-5m-1789836000,0.13,0.88,315.02,1.01,-0.01500000000000001,-4.7253000000000025,3109.0357247197235
1789836127905,btc-updown-5m-1789836000,0.13,0.88,50.0,1.01,-0.01500000000000001,-0.7500000000000004,3108.2857247197235
1789836143490,btc-updown-5m-1789836000,0.13,0.87,162.6,1.0,-0.005,-0.813,3107.4727247197234
1789836159036,btc-updown-5m-1789836000,0.14,0.87,202.43,1.01,-0.01500000000000001,-3.036450000000002,3104.4362747197233
1789836174094,btc-updown-5m-1789836000,0.14,0.87,166.71,1.01,-0.01500000000000001,-2.5006500000000016,3101.9356247197234
1789836190035,btc-updown-5m-1789836000,0.14,0.87,99.21,1.01,-0.01500000000000001,-1.488150000000001,3100.4474747197232
1789836205553,btc-updown-5m-1789836000,0.14,0.86,99.21,1.0,-0.005,-0.49605,3099.951424719723
