id,anchor_ts_ms,hedge_ts_ms,market_slug,market_duration,direction,first_bid,first_ask,first_bid_qty,first_ask_qty,second_ask,second_ask_qty,executable_qty,pair_cost,gross_edge,market_end_ms
11416,1789765359942,1789765374995,btc-updown-5m-1789765200,5m,DOWN->UP,0.1,0.11,444.62,98.56,0.9,483.99,98.56,1.01,-0.010000000000000009,1789765500000
11470,1789765375566,1789765390643,btc-updown-5m-1789765200,5m,DOWN->UP,0.1,0.11,523.99,223.79,0.9,495.95,223.79,1.01,-0.010000000000000009,1789765500000
11524,1789765390643,1789765405676,btc-updown-5m-1789765200,5m,DOWN->UP,0.1,0.11,495.95,253.79,0.9,166.4,166.4,1.01,-0.010000000000000009,1789765500000
11580,1789765405676,1789765420753,btc-updown-5m-1789765200,5m,DOWN->UP,0.1,0.11,166.4,657.05,0.9,155.4,155.4,1.01,-0.010000000000000009,1789765500000
11636,1789765420928,1789765436050,btc-updown-5m-1789765200,5m,DOWN->UP,0.1,0.11,155.4,947.23,0.9,325.96,325.96,1.01,-0.010000000000000009,1789765500000
11696,1789765436494,1789765451590,btc-updown-5m-1789765200,5m,DOWN->UP,0.1,0.11,352.28,806.68,0.9,480.66,480.66,1.01,-0.010000000000000009,1789765500000
11756,1789765452147,1789765467183,btc-updown-5m-1789765200,5m,DOWN->UP,0.1,0.11,449.27,679.47,0.9,235.23,235.23,1.01,-0.010000000000000009,1789765500000
11814,1789765467922,1789765482978,btc-updown-5m-1789765200,5m,DOWN->UP,0.1,0.11,235.23,944.22,0.91,95.0,95.0,1.02,-0.020000000000000018,1789765500000
11874,1789765483599,1789765498664,btc-updown-5m-1789765200,5m,DOWN->UP,0.09,0.1,95.0,1173.99,0.91,100.0,100.0,1.01,-0.010000000000000009,1789765500000
11930,1789765498797,1789765513834,btc-updown-5m-1789765200,5m,DOWN->UP,0.09,0.1,100.0,1455.04,0.57,111.46,111.46,0.6699999999999999,0.33000000000000007,1789765500000
12836,1789765741765,1789765756815,btc-updown-5m-1789765500,5m,DOWN->UP,0.06,0.07,412.13,7.0,0.93,183.74,7.0,1.0,0.0,1789765800000
12898,1789765757479,1789765772552,btc-updown-5m-1789765500,5m,DOWN->UP,0.07,0.08,183.74,227.0,0.94,199.77,199.77,1.02,-0.020000000000000018,1789765800000
12958,1789765773058,1789765788065,btc-updown-5m-1789765500,5m,DOWN->UP,0.06,0.07,209.77,167.0,0.94,188.59,167.0,1.01,-0.010000000000000009,1789765800000
13014,1789765788917,1789765803979,btc-updown-5m-1789765500,5m,DOWN->UP,0.06,0.07,183.43,207.0,0.28,371.82,207.0,0.35000000000000003,0.6499999999999999,1789765800000
16036,1789766650992,1789766666015,btc-updown-5m-1789766400,5m,DOWN->UP,0.11,0.14,92.0,19.16,0.92,37.49,19.16,1.06,-0.06000000000000005,1789766700000
16096,1789766666619,1789766681643,btc-updown-5m-1789766400,5m,DOWN->UP,0.08,0.1,24.06,50.0,0.94,609.75,50.0,1.04,-0.040000000000000036,1789766700000
16170,1789766682038,1789766703624,btc-updown-5m-1789766400,5m,DOWN->UP,0.06,0.09,609.75,67.38,0.5,135.2,67.38,0.59,0.41000000000000003,1789766700000
22634,1789768449781,1789768464781,btc-updown-5m-1789768200,5m,DOWN->UP,0.02,0.03,225.85,593.55,0.98,136.33,136.33,1.01,-0.010000000000000009,1789768500000
22694,1789768465395,1789768480396,btc-updown-5m-1789768200,5m,DOWN->UP,0.02,0.03,136.33,694.2,0.98,16.33,16.33,1.01,-0.010000000000000009,1789768500000
22752,1789768481257,1789768496281,btc-updown-5m-1789768200,5m,DOWN->UP,0.02,0.03,16.33,801.3,0.99,2938.8,801.3,1.02,-0.020000000000000018,1789768500000
22812,1789768496797,1789768511816,btc-updown-5m-1789768200,5m,DOWN->UP,0.01,0.02,2938.8,600.37,0.58,423.73,423.73,0.6,0.4,1789768500000
23706,1789768731390,1789768746406,btc-updown-5m-1789768500,5m,DOWN->UP,0.03,0.04,792.7,134.99,0.97,478.42,134.99,1.01,-0.010000000000000009,1789768800000
23766,1789768747005,1789768762014,btc-updown-5m-1789768500,5m,DOWN->UP,0.03,0.04,478.42,167.23,0.97,548.42,167.23,1.01,-0.010000000000000009,1789768800000
23828,1789768762883,1789768777900,btc-updown-5m-1789768500,5m,DOWN->UP,0.03,0.04,548.42,157.14,0.97,583.72,157.14,1.01,-0.010000000000000009,1789768800000
23888,1789768778640,1789768793683,btc-updown-5m-1789768500,5m,DOWN->UP,0.03,0.04,563.72,452.49,0.97,219.84,219.84,1.01,-0.010000000000000009,1789768800000
23948,1789768794467,1789768809490,btc-updown-5m-1789768500,5m,DOWN->UP,0.03,0.04,214.84,566.49,0.49,160.1,160.1,0.53,0.47,1789768800000
37314,1789772608976,1789772624027,btc-updown-5m-1789772400,5m,DOWN->UP,0.13,0.14,164.0,149.0,0.87,485.08,149.0,1.01,-0.010000000000000009,1789772700000
37374,1789772624721,1789772639744,btc-updown-5m-1789772400,5m,DOWN->UP,0.13,0.14,485.08,546.36,0.87,595.54,546.36,1.01,-0.010000000000000009,1789772700000
37432,1789772640395,1789772655411,btc-updown-5m-1789772400,5m,DOWN->UP,0.13,0.14,595.54,260.99,0.87,785.71,260.99,1.01,-0.010000000000000009,1789772700000
37494,1789772656040,1789772671370,btc-updown-5m-1789772400,5m,DOWN->UP,0.13,0.14,785.71,171.0,0.87,29.29,29.29,1.01,-0.010000000000000009,1789772700000
37584,1789772675638,1789772704942,btc-updown-5m-1789772400,5m,DOWN->UP,0.13,0.14,29.29,695.45,0.45,757.99,695.45,0.5900000000000001,0.4099999999999999,1789772700000
39578,1789773246231,1789773261256,btc-updown-5m-1789773000,5m,DOWN->UP,0.04,0.05,464.07,504.0,0.96,501.33,501.33,1.01,-0.010000000000000009,1789773300000
39638,1789773261808,1789773276845,btc-updown-5m-1789773000,5m,DOWN->UP,0.04,0.05,551.33,189.78,0.96,606.68,189.78,1.01,-0.010000000000000009,1789773300000
39698,1789773277565,1789773292573,btc-updown-5m-1789773000,5m,DOWN->UP,0.04,0.05,606.68,718.78,0.96,538.35,538.35,1.01,-0.010000000000000009,1789773300000
39758,1789773293109,1789773308110,btc-updown-5m-1789773000,5m,DOWN->UP,0.04,0.05,538.35,190.41,0.57,296.44,190.41,0.62,0.38,1789773300000
49064,1789775849650,1789775864787,btc-updown-5m-1789775700,5m,DOWN->UP,0.07,0.08,741.63,616.95,0.93,707.32,616.95,1.01,-0.010000000000000009,1789776000000
49124,1789775865448,1789775880490,btc-updown-5m-1789775700,5m,DOWN->UP,0.07,0.08,707.32,620.82,0.92,30.0,30.0,1.0,0.0,1789776000000
49180,1789775880571,1789775895623,btc-updown-5m-1789775700,5m,DOWN->UP,0.08,0.09,30.0,400.8,0.93,185.0,185.0,1.02,-0.020000000000000018,1789776000000
49236,1789775895623,1789775910697,btc-updown-5m-1789775700,5m,DOWN->UP,0.07,0.08,185.0,164.99,0.91,58.27,58.27,0.99,0.010000000000000009,1789776000000
49294,1789775911109,1789775926111,btc-updown-5m-1789775700,5m,DOWN->UP,0.09,0.1,58.27,202.82,0.92,145.0,145.0,1.02,-0.020000000000000018,1789776000000
49348,1789775926111,1789775942036,btc-updown-5m-1789775700,5m,DOWN->UP,0.08,0.09,145.0,84.99,0.92,25.0,25.0,1.01,-0.010000000000000009,1789776000000
49396,1789775942036,1789775957039,btc-updown-5m-1789775700,5m,DOWN->UP,0.08,0.09,25.0,68.78,0.92,5.0,5.0,1.01,-0.010000000000000009,1789776000000
49444,1789775958519,1789775973534,btc-updown-5m-1789775700,5m,DOWN->UP,0.08,0.09,5.0,168.34,0.93,72.54,72.54,1.02,-0.020000000000000018,1789776000000
49498,1789775974353,1789775989432,btc-updown-5m-1789775700,5m,DOWN->UP,0.07,0.08,62.54,269.8,0.93,37.45,37.45,1.01,-0.010000000000000009,1789776000000
49558,1789775990100,1789776005137,btc-updown-5m-1789775700,5m,DOWN->UP,0.07,0.08,112.45,186.93,0.61,339.2,186.93,0.69,0.31000000000000005,1789776000000
51340,1789776473231,1789776488249,btc-updown-5m-1789776300,5m,DOWN->UP,0.06,0.07,20.0,472.54,0.94,20.0,20.0,1.01,-0.010000000000000009,1789776600000
51396,1789776489389,1789776504401,btc-updown-5m-1789776300,5m,DOWN->UP,0.06,0.07,20.0,577.54,0.94,75.0,75.0,1.01,-0.010000000000000009,1789776600000
51458,1789776505354,1789776520396,btc-updown-5m-1789776300,5m,DOWN->UP,0.06,0.07,75.0,356.7,0.94,809.7,356.7,1.01,-0.010000000000000009,1789776600000
51516,1789776520984,1789776536013,btc-updown-5m-1789776300,5m,DOWN->UP,0.06,0.07,967.7,39.03,0.76,172.85,39.03,0.8300000000000001,0.16999999999999993,1789776600000
52354,1789776742369,1789776757412,btc-updown-5m-1789776600,5m,DOWN->UP,0.13,0.14,193.17,214.0,0.87,202.72,202.72,1.01,-0.010000000000000009,1789776900000
52414,1789776757979,1789776773003,btc-updown-5m-1789776600,5m,DOWN->UP,0.13,0.14,202.72,364.4,0.87,85.0,85.0,1.01,-0.010000000000000009,1789776900000
52470,1789776773161,1789776788181,btc-updown-5m-1789776600,5m,DOWN->UP,0.13,0.14,85.0,603.22,0.98,1049.15,603.22,1.12,-0.1200000000000001,1789776900000
52532,1789776789162,1789776804221,btc-updown-5m-1789776600,5m,DOWN->UP,0.02,0.03,1049.15,522.8,0.98,1342.62,522.8,1.01,-0.010000000000000009,1789776900000
52592,1789776804970,1789776820016,btc-updown-5m-1789776600,5m,DOWN->UP,0.02,0.03,1336.62,309.57,0.99,9176.07,309.57,1.02,-0.020000000000000018,1789776900000
52652,1789776820626,1789776835627,btc-updown-5m-1789776600,5m,DOWN->UP,0.01,0.02,9176.07,288.23,0.98,379.33,288.23,1.0,0.0,1789776900000
52710,1789776836472,1789776851509,btc-updown-5m-1789776600,5m,DOWN->UP,0.02,0.03,247.59,610.47,0.98,492.79,492.79,1.01,-0.010000000000000009,1789776900000
52768,1789776851509,1789776866522,btc-updown-5m-1789776600,5m,DOWN->UP,0.02,0.03,492.79,747.48,0.98,1804.26,747.48,1.01,-0.010000000000000009,1789776900000
52822,1789776867295,1789776882309,btc-updown-5m-1789776600,5m,DOWN->UP,0.02,0.03,1804.26,354.8,0.96,44.99,44.99,0.99,0.010000000000000009,1789776900000
52884,1789776882873,1789776897933,btc-updown-5m-1789776600,5m,DOWN->UP,0.05,0.06,20.0,176.0,0.94,136.95,136.95,1.0,0.0,1789776900000
52944,1789776898784,1789776913825,btc-updown-5m-1789776600,5m,DOWN->UP,0.06,0.07,153.62,392.77,0.55,10.0,10.0,0.6200000000000001,0.3799999999999999,1789776900000
53488,1789777042133,1789777057146,btc-updown-5m-1789776900,5m,DOWN->UP,0.11,0.12,746.38,85.0,0.89,765.07,85.0,1.01,-0.010000000000000009,1789777200000
53550,1789777057542,1789777072620,btc-updown-5m-1789776900,5m,DOWN->UP,0.11,0.12,765.07,110.0,0.89,704.07,110.0,1.01,-0.010000000000000009,1789777200000
53608,1789777073111,1789777088254,btc-updown-5m-1789776900,5m,DOWN->UP,0.11,0.12,704.07,365.43,0.88,546.66,365.43,1.0,0.0,1789777200000
53664,1789777089061,1789777104083,btc-updown-5m-1789776900,5m,DOWN->UP,0.12,0.13,546.66,99.62,0.88,638.26,99.62,1.01,-0.010000000000000009,1789777200000
53724,1789777104826,1789777119873,btc-updown-5m-1789776900,5m,DOWN->UP,0.12,0.13,633.26,118.0,0.88,50.97,50.97,1.01,-0.010000000000000009,1789777200000
53782,1789777119986,1789777135194,btc-updown-5m-1789776900,5m,DOWN->UP,0.12,0.13,50.97,915.75,0.89,199.94,199.94,1.02,-0.020000000000000018,1789777200000
53842,1789777135702,1789777150726,btc-updown-5m-1789776900,5m,DOWN->UP,0.11,0.12,199.94,586.58,0.89,55.0,55.0,1.01,-0.010000000000000009,1789777200000
53902,1789777151211,1789777166251,btc-updown-5m-1789776900,5m,DOWN->UP,0.11,0.12,60.0,664.44,0.9,250.0,250.0,1.02,-0.020000000000000018,1789777200000
53988,1789777171918,1789777201129,btc-updown-5m-1789776900,5m,DOWN->UP,0.1,0.11,200.47,505.78,0.58,50.0,50.0,0.69,0.31000000000000005,1789777200000
54944,1789777446719,1789777461792,btc-updown-5m-1789777200,5m,DOWN->UP,0.03,0.04,87.69,376.62,0.97,299.27,299.27,1.01,-0.010000000000000009,1789777500000
55004,1789777462663,1789777477672,btc-updown-5m-1789777200,5m,DOWN->UP,0.03,0.04,149.27,101.77,0.96,311.2,101.77,1.0,0.0,1789777500000
55062,1789777477933,1789777492960,btc-updown-5m-1789777200,5m,DOWN->UP,0.04,0.05,311.2,219.0,0.97,45.0,45.0,1.02,-0.020000000000000018,1789777500000
55122,1789777493786,1789777508789,btc-updown-5m-1789777200,5m,DOWN->UP,0.03,0.04,60.0,361.66,0.44,142.9,142.9,0.48,0.52,1789777500000
57818,1789778339330,1789778354372,btc-updown-5m-1789778100,5m,DOWN->UP,0.02,0.03,634.89,691.58,0.98,398.82,398.82,1.01,-0.010000000000000009,1789778400000
57878,1789778354971,1789778369985,btc-updown-5m-1789778100,5m,DOWN->UP,0.02,0.03,373.95,700.05,0.98,209.71,209.71,1.01,-0.010000000000000009,1789778400000
57936,1789778370358,1789778385411,btc-updown-5m-1789778100,5m,DOWN->UP,0.02,0.03,209.71,780.35,0.99,3160.67,780.35,1.02,-0.020000000000000018,1789778400000
57998,1789778386010,1789778401729,btc-updown-5m-1789778100,5m,DOWN->UP,0.01,0.02,3160.67,366.0,0.51,93.49,93.49,0.53,0.47,1789778400000
58964,1789778641299,1789778656576,btc-updown-5m-1789778400,5m,DOWN->UP,0.07,0.08,80.76,51.87,0.93,36.58,36.58,1.01,-0.010000000000000009,1789778700000
59022,1789778656930,1789778671972,btc-updown-5m-1789778400,5m,DOWN->UP,0.07,0.08,51.58,101.87,0.93,595.49,101.87,1.01,-0.010000000000000009,1789778700000
59082,1789778672737,1789778687775,btc-updown-5m-1789778400,5m,DOWN->UP,0.07,0.08,610.49,10.0,0.92,141.9,10.0,1.0,0.0,1789778700000
59140,1789778687874,1789778703092,btc-updown-5m-1789778400,5m,DOWN->UP,0.08,0.09,98.9,63.0,0.47,53.0,53.0,0.5599999999999999,0.44000000000000006,1789778700000
61802,1789779462445,1789779477479,btc-updown-5m-1789779300,5m,DOWN->UP,0.1,0.11,629.88,831.52,0.9,484.82,484.82,1.01,-0.010000000000000009,1789779600000
61836,1789779478257,1789779493290,btc-updown-5m-1789779300,5m,DOWN->UP,0.1,0.11,484.82,584.04,0.9,467.62,467.62,1.01,-0.010000000000000009,1789779600000
61866,1789779494134,1789779509247,btc-updown-5m-1789779300,5m,DOWN->UP,0.1,0.11,467.62,710.54,0.9,457.62,457.62,1.01,-0.010000000000000009,1789779600000
61894,1789779509434,1789779524547,btc-updown-5m-1789779300,5m,DOWN->UP,0.1,0.11,457.62,716.44,0.9,476.5,476.5,1.01,-0.010000000000000009,1789779600000
61920,1789779524714,1789779540153,btc-updown-5m-1789779300,5m,DOWN->UP,0.1,0.11,476.5,618.82,0.9,476.5,476.5,1.01,-0.010000000000000009,1789779600000
61944,1789779540153,1789779558950,btc-updown-5m-1789779300,5m,DOWN->UP,0.1,0.11,476.5,723.08,0.9,408.47,408.47,1.01,-0.010000000000000009,1789779600000
61970,1789779558950,1789779574199,btc-updown-5m-1789779300,5m,DOWN->UP,0.1,0.11,408.47,817.1,0.9,403.47,403.47,1.01,-0.010000000000000009,1789779600000
61992,1789779574437,1789779590282,btc-updown-5m-1789779300,5m,DOWN->UP,0.1,0.11,403.47,718.1,0.9,403.47,403.47,1.01,-0.010000000000000009,1789779600000
62016,1789779590282,1789779605394,btc-updown-5m-1789779300,5m,DOWN->UP,0.1,0.11,403.47,703.1,0.67,338.96,338.96,0.78,0.21999999999999997,1789779600000
70110,1789781971768,1789781986790,btc-updown-5m-1789781700,5m,DOWN->UP,0.02,0.03,684.55,140.35,0.98,260.74,140.35,1.01,-0.010000000000000009,1789782000000
70168,1789781987259,1789782002282,btc-updown-5m-1789781700,5m,DOWN->UP,0.02,0.03,273.24,420.89,0.47,20.0,20.0,0.5,0.5,1789782000000
71088,1789782234122,1789782249134,btc-updown-5m-1789782000,5m,DOWN->UP,0.04,0.05,130.0,346.99,0.96,95.0,95.0,1.01,-0.010000000000000009,1789782300000
71118,1789782249722,1789782264742,btc-updown-5m-1789782000,5m,DOWN->UP,0.04,0.05,110.0,474.25,0.96,100.0,100.0,1.01,-0.010000000000000009,1789782300000
71148,1789782265220,1789782280298,btc-updown-5m-1789782000,5m,DOWN->UP,0.04,0.05,100.0,469.25,0.96,50.0,50.0,1.01,-0.010000000000000009,1789782300000
71178,1789782280692,1789782295759,btc-updown-5m-1789782000,5m,DOWN->UP,0.04,0.05,40.0,484.25,0.97,539.34,484.25,1.02,-0.020000000000000018,1789782300000
71208,1789782296221,1789782311458,btc-updown-5m-1789782000,5m,DOWN->UP,0.03,0.04,539.34,234.57,0.49,80.82,80.82,0.53,0.47,1789782300000
71564,1789782393885,1789782408919,btc-updown-5m-1789782300,5m,DOWN->UP,0.07,0.08,79.83,726.92,0.94,377.0,377.0,1.02,-0.020000000000000018,1789782600000
71624,1789782409345,1789782424699,btc-updown-5m-1789782300,5m,DOWN->UP,0.06,0.07,372.0,234.99,0.94,92.32,92.32,1.01,-0.010000000000000009,1789782600000
71682,1789782425007,1789782440061,btc-updown-5m-1789782300,5m,DOWN->UP,0.06,0.07,92.32,230.71,0.94,150.32,150.32,1.01,-0.010000000000000009,1789782600000
71742,1789782440885,1789782455942,btc-updown-5m-1789782300,5m,DOWN->UP,0.06,0.07,74.32,621.13,0.94,21.38,21.38,1.01,-0.010000000000000009,1789782600000
71802,1789782456439,1789782471465,btc-updown-5m-1789782300,5m,DOWN->UP,0.06,0.07,21.38,876.12,0.95,630.75,630.75,1.02,-0.020000000000000018,1789782600000
71862,1789782472325,1789782487365,btc-updown-5m-1789782300,5m,DOWN->UP,0.05,0.06,615.75,80.32,0.94,214.82,80.32,1.0,0.0,1789782600000
71922,1789782488070,1789782503070,btc-updown-5m-1789782300,5m,DOWN->UP,0.06,0.07,231.82,707.22,0.94,149.6,149.6,1.01,-0.010000000000000009,1789782600000
71982,1789782503446,1789782518507,btc-updown-5m-1789782300,5m,DOWN->UP,0.06,0.07,149.6,788.0,0.94,77.89,77.89,1.01,-0.010000000000000009,1789782600000
72042,1789782519251,1789782534265,btc-updown-5m-1789782300,5m,DOWN->UP,0.06,0.07,99.8,724.08,0.94,96.29,96.29,1.01,-0.010000000000000009,1789782600000
72102,1789782534959,1789782550006,btc-updown-5m-1789782300,5m,DOWN->UP,0.06,0.07,91.29,674.4,0.94,141.29,141.29,1.01,-0.010000000000000009,1789782600000
72158,1789782550508,1789782565543,btc-updown-5m-1789782300,5m,DOWN->UP,0.06,0.07,134.9,668.54,0.95,273.36,273.36,1.02,-0.020000000000000018,1789782600000
72218,1789782565931,1789782580970,btc-updown-5m-1789782300,5m,DOWN->UP,0.05,0.06,273.36,190.99,0.95,265.97,190.99,1.01,-0.010000000000000009,1789782600000
72278,1789782581564,1789782596598,btc-updown-5m-1789782300,5m,DOWN->UP,0.05,0.06,260.97,589.21,0.95,313.21,313.21,1.01,-0.010000000000000009,1789782600000
72336,1789782596692,1789782611815,btc-updown-5m-1789782300,5m,DOWN->UP,0.05,0.06,313.21,784.21,0.64,110.86,110.86,0.7,0.30000000000000004,1789782600000
77116,1789783937540,1789783952637,btc-updown-5m-1789783800,5m,DOWN->UP,0.12,0.13,23.0,480.4,0.88,21.86,21.86,1.01,-0.010000000000000009,1789784100000
77168,1789783952637,1789783967656,btc-updown-5m-1789783800,5m,DOWN->UP,0.12,0.13,21.86,543.4,0.88,157.0,157.0,1.01,-0.010000000000000009,1789784100000
77228,1789783968337,1789783983367,btc-updown-5m-1789783800,5m,DOWN->UP,0.12,0.13,152.0,455.2,0.88,542.16,455.2,1.01,-0.010000000000000009,1789784100000
77290,1789783983786,1789783999489,btc-updown-5m-1789783800,5m,DOWN->UP,0.12,0.13,542.16,94.0,0.88,507.16,94.0,1.01,-0.010000000000000009,1789784100000
77344,1789783999489,1789784014509,btc-updown-5m-1789783800,5m,DOWN->UP,0.12,0.13,507.16,89.0,0.97,782.29,89.0,1.1,-0.10000000000000009,1789784100000
77404,1789784015164,1789784030169,btc-updown-5m-1789783800,5m,DOWN->UP,0.03,0.04,832.29,182.93,0.96,386.33,182.93,1.0,0.0,1789784100000
77466,1789784030967,1789784046001,btc-updown-5m-1789783800,5m,DOWN->UP,0.04,0.05,406.33,191.0,0.96,1379.28,191.0,1.01,-0.010000000000000009,1789784100000
77520,1789784046321,1789784061353,btc-updown-5m-1789783800,5m,DOWN->UP,0.04,0.05,1379.28,69.59,0.95,245.0,69.59,1.0,0.0,1789784100000
77580,1789784061971,1789784076992,btc-updown-5m-1789783800,5m,DOWN->UP,0.05,0.06,315.48,124.0,0.95,566.15,124.0,1.01,-0.010000000000000009,1789784100000
77622,1789784077817,1789784092956,btc-updown-5m-1789783800,5m,DOWN->UP,0.05,0.06,494.15,216.43,0.95,389.34,216.43,1.01,-0.010000000000000009,1789784100000
77670,1789784093538,1789784108553,btc-updown-5m-1789783800,5m,DOWN->UP,0.05,0.06,444.34,345.34,0.39,1734.75,345.34,0.45,0.55,1789784100000
97292,1789789478077,1789789493131,btc-updown-5m-1789789200,5m,DOWN->UP,0.01,0.02,15.0,23.0,0.98,669.13,23.0,1.0,0.0,1789789500000
97352,1789789493618,1789789508629,btc-updown-5m-1789789200,5m,DOWN->UP,0.02,0.03,714.13,188.3,0.6,448.33,188.3,0.63,0.37,1789789500000
98280,1789789737087,1789789752112,btc-updown-5m-1789789500,5m,DOWN->UP,0.03,0.04,446.8,108.58,0.97,139.99,108.58,1.01,-0.010000000000000009,1789789800000
98342,1789789752758,1789789767800,btc-updown-5m-1789789500,5m,DOWN->UP,0.03,0.04,139.99,374.87,0.98,1105.45,374.87,1.02,-0.020000000000000018,1789789800000
98402,1789789768542,1789789783618,btc-updown-5m-1789789500,5m,DOWN->UP,0.02,0.03,1180.45,295.0,0.98,1010.02,295.0,1.01,-0.010000000000000009,1789789800000
98462,1789789784430,1789789799444,btc-updown-5m-1789789500,5m,DOWN->UP,0.02,0.03,1010.02,366.94,0.98,755.79,366.94,1.01,-0.010000000000000009,1789789800000
101772,1789790654068,1789790669092,btc-updown-5m-1789790400,5m,DOWN->UP,0.05,0.06,1970.28,997.05,0.95,1898.16,997.05,1.01,-0.010000000000000009,1789790700000
101832,1789790669601,1789790684640,btc-updown-5m-1789790400,5m,DOWN->UP,0.05,0.06,1898.16,1071.04,0.95,514.49,514.49,1.01,-0.010000000000000009,1789790700000
101896,1789790685205,1789790701761,btc-updown-5m-1789790400,5m,DOWN->UP,0.05,0.06,519.49,1232.63,0.44,63.0,63.0,0.5,0.5,1789790700000
102544,1789790855772,1789790871020,btc-updown-5m-1789790700,5m,DOWN->UP,0.06,0.07,38.75,355.85,0.94,23.58,23.58,1.01,-0.010000000000000009,1789791000000
102604,1789790871442,1789790886455,btc-updown-5m-1789790700,5m,DOWN->UP,0.06,0.07,23.58,229.42,0.94,75.0,75.0,1.01,-0.010000000000000009,1789791000000
102664,1789790886919,1789790901956,btc-updown-5m-1789790700,5m,DOWN->UP,0.06,0.07,75.0,232.23,0.95,226.63,226.63,1.02,-0.020000000000000018,1789791000000
102724,1789790902272,1789790917298,btc-updown-5m-1789790700,5m,DOWN->UP,0.05,0.06,221.63,85.53,0.95,94.63,85.53,1.01,-0.010000000000000009,1789791000000
102780,1789790917471,1789790932477,btc-updown-5m-1789790700,5m,DOWN->UP,0.05,0.06,94.63,374.03,0.96,267.0,267.0,1.02,-0.020000000000000018,1789791000000
102840,1789790933171,1789790948204,btc-updown-5m-1789790700,5m,DOWN->UP,0.04,0.05,206.79,298.98,0.96,191.79,191.79,1.01,-0.010000000000000009,1789791000000
102894,1789790948918,1789790963924,btc-updown-5m-1789790700,5m,DOWN->UP,0.04,0.05,241.79,525.79,0.97,573.35,525.79,1.02,-0.020000000000000018,1789791000000
102950,1789790964085,1789790979167,btc-updown-5m-1789790700,5m,DOWN->UP,0.03,0.04,523.35,283.19,0.97,454.51,283.19,1.01,-0.010000000000000009,1789791000000
103022,1789790979762,1789791000686,btc-updown-5m-1789790700,5m,DOWN->UP,0.03,0.04,454.51,102.2,0.38,343.45,102.2,0.42,0.5800000000000001,1789791000000
110300,1789792960938,1789792975989,btc-updown-5m-1789792800,5m,DOWN->UP,0.03,0.04,527.06,601.98,0.97,417.35,417.35,1.01,-0.010000000000000009,1789793100000
110356,1789792975989,1789792991052,btc-updown-5m-1789792800,5m,DOWN->UP,0.03,0.04,417.35,639.53,0.97,510.37,510.37,1.01,-0.010000000000000009,1789793100000
110416,1789792991942,1789793007000,btc-updown-5m-1789792800,5m,DOWN->UP,0.03,0.04,510.37,538.2,0.98,885.14,538.2,1.02,-0.020000000000000018,1789793100000
110476,1789793007519,1789793022632,btc-updown-5m-1789792800,5m,DOWN->UP,0.02,0.03,885.14,221.3,0.97,279.73,221.3,1.0,0.0,1789793100000
110534,1789793023529,1789793038532,btc-updown-5m-1789792800,5m,DOWN->UP,0.03,0.04,454.73,445.08,0.97,496.4,445.08,1.01,-0.010000000000000009,1789793100000
110592,1789793039502,1789793054540,btc-updown-5m-1789792800,5m,DOWN->UP,0.03,0.04,501.4,475.08,0.97,185.05,185.05,1.01,-0.010000000000000009,1789793100000
110654,1789793055518,1789793070624,btc-updown-5m-1789792800,5m,DOWN->UP,0.03,0.04,185.05,788.7,0.97,95.0,95.0,1.01,-0.010000000000000009,1789793100000
110710,1789793070711,1789793085720,btc-updown-5m-1789792800,5m,DOWN->UP,0.03,0.04,95.0,938.59,0.98,534.9,534.9,1.02,-0.020000000000000018,1789793100000
110768,1789793086547,1789793101571,btc-updown-5m-1789792800,5m,DOWN->UP,0.02,0.03,584.9,576.0,0.37,70.0,70.0,0.4,0.6,1789793100000
112780,1789793621770,1789793636782,btc-updown-5m-1789793400,5m,DOWN->UP,0.05,0.06,157.0,527.27,0.96,1436.52,527.27,1.02,-0.020000000000000018,1789793700000
112840,1789793637465,1789793652769,btc-updown-5m-1789793400,5m,DOWN->UP,0.04,0.05,1436.52,288.0,0.96,530.93,288.0,1.01,-0.010000000000000009,1789793700000
112898,1789793653292,1789793668345,btc-updown-5m-1789793400,5m,DOWN->UP,0.04,0.05,515.93,341.51,0.96,614.31,341.51,1.01,-0.010000000000000009,1789793700000
112958,1789793669045,1789793684048,btc-updown-5m-1789793400,5m,DOWN->UP,0.04,0.05,658.26,191.93,0.96,470.57,191.93,1.01,-0.010000000000000009,1789793700000
113018,1789793684490,1789793699532,btc-updown-5m-1789793400,5m,DOWN->UP,0.04,0.05,135.56,342.53,0.97,1659.71,342.53,1.02,-0.020000000000000018,1789793700000
118170,1789795148931,1789795163970,btc-updown-5m-1789794900,5m,DOWN->UP,0.13,0.14,50.0,70.66,0.87,51.95,51.95,1.01,-0.010000000000000009,1789795200000
118230,1789795164381,1789795179439,btc-updown-5m-1789794900,5m,DOWN->UP,0.13,0.14,51.95,531.21,0.87,20.72,20.72,1.01,-0.010000000000000009,1789795200000
118290,1789795180243,1789795195267,btc-updown-5m-1789794900,5m,DOWN->UP,0.13,0.14,20.72,648.9,0.87,20.72,20.72,1.01,-0.010000000000000009,1789795200000
118348,1789795196135,1789795211186,btc-updown-5m-1789794900,5m,DOWN->UP,0.13,0.14,20.72,541.76,0.31,153.0,153.0,0.45,0.55,1789795200000
120164,1789795680632,1789795695676,btc-updown-5m-1789795500,5m,DOWN->UP,0.13,0.14,70.0,190.0,0.87,68.85,68.85,1.01,-0.010000000000000009,1789795800000
120224,1789795696407,1789795711443,btc-updown-5m-1789795500,5m,DOWN->UP,0.13,0.14,68.85,641.05,0.87,15.0,15.0,1.01,-0.010000000000000009,1789795800000
120284,1789795712312,1789795727312,btc-updown-5m-1789795500,5m,DOWN->UP,0.13,0.14,15.0,745.05,0.91,120.0,120.0,1.05,-0.050000000000000044,1789795800000
120344,1789795727818,1789795742850,btc-updown-5m-1789795500,5m,DOWN->UP,0.09,0.11,120.0,93.0,0.91,144.24,93.0,1.02,-0.020000000000000018,1789795800000
120402,1789795743660,1789795758687,btc-updown-5m-1789795500,5m,DOWN->UP,0.09,0.1,149.24,163.07,0.91,368.5,163.07,1.01,-0.010000000000000009,1789795800000
125862,1789797233002,1789797248010,btc-updown-5m-1789797000,5m,DOWN->UP,0.03,0.04,270.75,499.82,0.97,240.18,240.18,1.01,-0.010000000000000009,1789797300000
125922,1789797248563,1789797263572,btc-updown-5m-1789797000,5m,DOWN->UP,0.03,0.04,253.68,592.86,0.98,1153.67,592.86,1.02,-0.020000000000000018,1789797300000
125982,1789797264072,1789797279237,btc-updown-5m-1789797000,5m,DOWN->UP,0.02,0.03,1168.77,345.0,0.98,1128.2,345.0,1.01,-0.010000000000000009,1789797300000
126042,1789797279507,1789797294548,btc-updown-5m-1789797000,5m,DOWN->UP,0.02,0.03,1128.2,366.59,0.98,1064.27,366.59,1.01,-0.010000000000000009,1789797300000
126102,1789797295260,1789797310283,btc-updown-5m-1789797000,5m,DOWN->UP,0.02,0.03,1039.28,439.67,0.55,115.35,115.35,0.5800000000000001,0.41999999999999993,1789797300000
127836,1789797752481,1789797767525,btc-updown-5m-1789797600,5m,DOWN->UP,0.08,0.09,509.9,268.19,0.92,259.34,259.34,1.01,-0.010000000000000009,1789797900000
127896,1789797767944,1789797782960,btc-updown-5m-1789797600,5m,DOWN->UP,0.08,0.09,259.34,1367.69,0.92,249.99,249.99,1.01,-0.010000000000000009,1789797900000
127954,1789797783373,1789797798492,btc-updown-5m-1789797600,5m,DOWN->UP,0.08,0.09,249.99,987.89,0.92,268.27,268.27,1.01,-0.010000000000000009,1789797900000
128014,1789797798934,1789797813934,btc-updown-5m-1789797600,5m,DOWN->UP,0.08,0.09,268.27,205.47,0.92,213.39,205.47,1.01,-0.010000000000000009,1789797900000
128074,1789797814456,1789797829658,btc-updown-5m-1789797600,5m,DOWN->UP,0.08,0.09,213.39,309.76,0.93,90.0,90.0,1.02,-0.020000000000000018,1789797900000
128134,1789797830523,1789797845551,btc-updown-5m-1789797600,5m,DOWN->UP,0.07,0.08,90.0,313.57,0.93,125.0,125.0,1.01,-0.010000000000000009,1789797900000
128190,1789797846023,1789797861073,btc-updown-5m-1789797600,5m,DOWN->UP,0.07,0.08,125.0,389.28,0.94,314.85,314.85,1.02,-0.020000000000000018,1789797900000
128244,1789797861492,1789797876564,btc-updown-5m-1789797600,5m,DOWN->UP,0.06,0.07,294.85,55.0,0.94,150.0,55.0,1.01,-0.010000000000000009,1789797900000
128304,1789797876893,1789797891912,btc-updown-5m-1789797600,5m,DOWN->UP,0.06,0.07,150.0,124.34,0.94,85.68,85.68,1.01,-0.010000000000000009,1789797900000
128364,1789797892218,1789797907250,btc-updown-5m-1789797600,5m,DOWN->UP,0.06,0.07,70.68,302.04,0.46,688.99,302.04,0.53,0.47,1789797900000
128940,1789798046133,1789798061196,btc-updown-5m-1789797900,5m,DOWN->UP,0.09,0.1,35.0,775.97,0.91,36.02,36.02,1.01,-0.010000000000000009,1789798200000
129000,1789798061882,1789798076925,btc-updown-5m-1789797900,5m,DOWN->UP,0.09,0.1,36.02,893.51,0.92,330.17,330.17,1.02,-0.020000000000000018,1789798200000
129060,1789798077631,1789798092645,btc-updown-5m-1789797900,5m,DOWN->UP,0.08,0.09,355.17,543.69,0.92,286.59,286.59,1.01,-0.010000000000000009,1789798200000
129120,1789798093116,1789798108156,btc-updown-5m-1789797900,5m,DOWN->UP,0.08,0.09,286.59,585.66,0.92,170.08,170.08,1.01,-0.010000000000000009,1789798200000
129180,1789798108572,1789798123583,btc-updown-5m-1789797900,5m,DOWN->UP,0.08,0.09,170.08,634.92,0.92,531.66,531.66,1.01,-0.010000000000000009,1789798200000
129240,1789798124450,1789798139499,btc-updown-5m-1789797900,5m,DOWN->UP,0.08,0.09,531.66,181.25,0.92,1291.8,181.25,1.01,-0.010000000000000009,1789798200000
129300,1789798140151,1789798155176,btc-updown-5m-1789797900,5m,DOWN->UP,0.08,0.09,1156.8,2.56,0.9,323.58,2.56,0.99,0.010000000000000009,1789798200000
129360,1789798155734,1789798170779,btc-updown-5m-1789797900,5m,DOWN->UP,0.1,0.11,323.58,540.04,0.9,377.27,377.27,1.01,-0.010000000000000009,1789798200000
129420,1789798171238,1789798186283,btc-updown-5m-1789797900,5m,DOWN->UP,0.1,0.11,382.68,844.58,0.9,225.71,225.71,1.01,-0.010000000000000009,1789798200000
129478,1789798186998,1789798202296,btc-updown-5m-1789797900,5m,DOWN->UP,0.1,0.11,225.71,378.53,0.33,640.66,378.53,0.44,0.56,1789798200000
135578,1789799847926,1789799862942,btc-updown-5m-1789799700,5m,DOWN->UP,0.04,0.05,239.91,518.7,0.97,1137.98,518.7,1.02,-0.020000000000000018,1789800000000
135638,1789799863487,1789799878500,btc-updown-5m-1789799700,5m,DOWN->UP,0.03,0.04,1117.98,180.0,0.97,1120.98,180.0,1.01,-0.010000000000000009,1789800000000
135698,1789799878835,1789799893849,btc-updown-5m-1789799700,5m,DOWN->UP,0.03,0.04,1140.98,85.0,0.97,990.33,85.0,1.01,-0.010000000000000009,1789800000000
135758,1789799894149,1789799909175,btc-updown-5m-1789799700,5m,DOWN->UP,0.03,0.04,990.33,144.62,0.96,1968.33,144.62,1.0,0.0,1789800000000
135818,1789799909760,1789799924763,btc-updown-5m-1789799700,5m,DOWN->UP,0.04,0.05,1669.49,321.37,0.96,164.0,164.0,1.01,-0.010000000000000009,1789800000000
135878,1789799925242,1789799940250,btc-updown-5m-1789799700,5m,DOWN->UP,0.04,0.05,164.0,673.87,0.96,391.97,391.97,1.01,-0.010000000000000009,1789800000000
135938,1789799940843,1789799955875,btc-updown-5m-1789799700,5m,DOWN->UP,0.04,0.05,396.97,214.86,0.96,122.95,122.95,1.01,-0.010000000000000009,1789800000000
136000,1789799956335,1789799971541,btc-updown-5m-1789799700,5m,DOWN->UP,0.04,0.05,122.95,602.16,0.96,68.0,68.0,1.01,-0.010000000000000009,1789800000000
136060,1789799971983,1789799986997,btc-updown-5m-1789799700,5m,DOWN->UP,0.04,0.05,62.79,685.48,0.96,62.79,62.79,1.01,-0.010000000000000009,1789800000000
136120,1789799987793,1789800002807,btc-updown-5m-1789799700,5m,DOWN->UP,0.04,0.05,62.79,715.05,0.47,138.36,138.36,0.52,0.48,1789800000000
138266,1789800549654,1789800564710,btc-updown-5m-1789800300,5m,DOWN->UP,0.1,0.11,45.0,67.0,0.9,6.53,6.53,1.01,-0.010000000000000009,1789800600000
140444,1789801147188,1789801162222,btc-updown-5m-1789800900,5m,DOWN->UP,0.13,0.14,554.0,6.66,0.86,282.33,6.66,1.0,0.0,1789801200000
141306,1789801374657,1789801389669,btc-updown-5m-1789801200,5m,DOWN->UP,0.13,0.14,100.0,65.0,0.9,711.85,65.0,1.04,-0.040000000000000036,1789801500000
141368,1789801390349,1789801405382,btc-updown-5m-1789801200,5m,DOWN->UP,0.11,0.12,22.0,39.99,0.88,346.63,39.99,1.0,0.0,1789801500000
141428,1789801406032,1789801421093,btc-updown-5m-1789801200,5m,DOWN->UP,0.12,0.13,396.63,236.72,0.88,335.86,236.72,1.01,-0.010000000000000009,1789801500000
141488,1789801421779,1789801436809,btc-updown-5m-1789801200,5m,DOWN->UP,0.12,0.13,340.86,224.55,0.88,338.61,224.55,1.01,-0.010000000000000009,1789801500000
141604,1789801452262,1789801482053,btc-updown-5m-1789801200,5m,DOWN->UP,0.002,0.01,7.0,6174.13,0.999,7.0,7.0,1.009,-0.008999999999999897,1789801500000
141642,1789801482053,1789801497130,btc-updown-5m-1789801200,5m,DOWN->UP,0.001,0.002,7.0,1.0,0.999,7.0,1.0,1.001,-0.0009999999999998899,1789801500000
141702,1789801497642,1789801512702,btc-updown-5m-1789801200,5m,DOWN->UP,0.001,0.01,7.0,5949.84,0.5,24.68,24.68,0.51,0.49,1789801500000
144434,1789802332385,1789802347461,btc-updown-5m-1789802100,5m,DOWN->UP,0.01,0.02,230.0,441.0,0.99,4610.08,441.0,1.01,-0.010000000000000009,1789802400000
144494,1789802347818,1789802362854,btc-updown-5m-1789802100,5m,DOWN->UP,0.01,0.02,4610.08,422.0,0.99,4835.07,422.0,1.01,-0.010000000000000009,1789802400000
144554,1789802363147,1789802378159,btc-updown-5m-1789802100,5m,DOWN->UP,0.01,0.02,4835.07,321.3,0.99,5376.07,321.3,1.01,-0.010000000000000009,1789802400000
144612,1789802378795,1789802393837,btc-updown-5m-1789802100,5m,DOWN->UP,0.01,0.02,5125.07,128.8,0.99,5582.81,128.8,1.01,-0.010000000000000009,1789802400000
144670,1789802394792,1789802409810,btc-updown-5m-1789802100,5m,DOWN->UP,0.01,0.02,5387.82,253.8,0.31,15.0,15.0,0.33,0.6699999999999999,1789802400000
147798,1789803252089,1789803267142,btc-updown-5m-1789803000,5m,DOWN->UP,0.01,0.02,3088.56,365.93,0.99,2539.41,365.93,1.01,-0.010000000000000009,1789803300000
147858,1789803267765,1789803282791,btc-updown-5m-1789803000,5m,DOWN->UP,0.01,0.02,2539.41,320.65,0.99,3747.23,320.65,1.01,-0.010000000000000009,1789803300000
147918,1789803283589,1789803298598,btc-updown-5m-1789803000,5m,DOWN->UP,0.01,0.02,3742.23,320.65,0.95,232.64,232.64,0.97,0.030000000000000027,1789803300000
147978,1789803298886,1789803313915,btc-updown-5m-1789803000,5m,DOWN->UP,0.05,0.06,232.64,180.4,0.45,108.37,108.37,0.51,0.49,1789803300000
150046,1789803840968,1789803855981,btc-updown-5m-1789803600,5m,DOWN->UP,0.06,0.07,150.87,444.36,0.95,176.59,176.59,1.02,-0.020000000000000018,1789803900000
150106,1789803856815,1789803871850,btc-updown-5m-1789803600,5m,DOWN->UP,0.05,0.06,159.0,247.07,0.95,57.0,57.0,1.01,-0.010000000000000009,1789803900000
150166,1789803872444,1789803887459,btc-updown-5m-1789803600,5m,DOWN->UP,0.05,0.06,57.0,504.07,0.96,28.57,28.57,1.02,-0.020000000000000018,1789803900000
150208,1789803888167,1789803903194,btc-updown-5m-1789803600,5m,DOWN->UP,0.04,0.05,28.57,186.07,0.49,34.65,34.65,0.54,0.45999999999999996,1789803900000
151898,1789804338110,1789804353130,btc-updown-5m-1789804200,5m,DOWN->UP,0.1,0.11,90.0,843.82,0.9,100.83,100.83,1.01,-0.010000000000000009,1789804500000
151958,1789804353466,1789804368518,btc-updown-5m-1789804200,5m,DOWN->UP,0.1,0.11,100.83,861.69,0.91,127.81,127.81,1.02,-0.020000000000000018,1789804500000
152018,1789804368957,1789804383964,btc-updown-5m-1789804200,5m,DOWN->UP,0.09,0.1,127.81,374.46,0.91,396.55,374.46,1.01,-0.010000000000000009,1789804500000
152078,1789804384627,1789804399656,btc-updown-5m-1789804200,5m,DOWN->UP,0.09,0.1,421.55,260.0,0.91,140.0,140.0,1.01,-0.010000000000000009,1789804500000
152136,1789804400479,1789804415524,btc-updown-5m-1789804200,5m,DOWN->UP,0.09,0.1,140.0,1564.98,0.91,15.0,15.0,1.01,-0.010000000000000009,1789804500000
152194,1789804415524,1789804430542,btc-updown-5m-1789804200,5m,DOWN->UP,0.09,0.1,15.0,1559.98,0.91,40.42,40.42,1.01,-0.010000000000000009,1789804500000
152254,1789804431172,1789804446218,btc-updown-5m-1789804200,5m,DOWN->UP,0.09,0.1,35.02,1548.14,0.92,904.13,904.13,1.02,-0.020000000000000018,1789804500000
152314,1789804446631,1789804461644,btc-updown-5m-1789804200,5m,DOWN->UP,0.08,0.09,492.4,330.12,0.92,446.07,330.12,1.01,-0.010000000000000009,1789804500000
152376,1789804462094,1789804478578,btc-updown-5m-1789804200,5m,DOWN->UP,0.08,0.09,483.57,277.0,0.92,478.08,277.0,1.01,-0.010000000000000009,1789804500000
152430,1789804478578,1789804493610,btc-updown-5m-1789804200,5m,DOWN->UP,0.08,0.09,478.08,288.06,0.92,490.28,288.06,1.01,-0.010000000000000009,1789804500000
152486,1789804493990,1789804509006,btc-updown-5m-1789804200,5m,DOWN->UP,0.08,0.09,467.81,351.43,0.7,61.0,61.0,0.7899999999999999,0.21000000000000008,1789804500000
153362,1789804726919,1789804741930,btc-updown-5m-1789804500,5m,DOWN->UP,0.13,0.14,101.95,133.99,0.87,150.3,133.99,1.01,-0.010000000000000009,1789804800000
153422,1789804742259,1789804757274,btc-updown-5m-1789804500,5m,DOWN->UP,0.13,0.14,140.0,355.1,0.87,556.65,355.1,1.01,-0.010000000000000009,1789804800000
153480,1789804757798,1789804772818,btc-updown-5m-1789804500,5m,DOWN->UP,0.13,0.14,561.65,244.0,0.87,673.59,244.0,1.01,-0.010000000000000009,1789804800000
153542,1789804773614,1789804788689,btc-updown-5m-1789804500,5m,DOWN->UP,0.13,0.14,696.4,240.0,0.87,208.49,208.49,1.01,-0.010000000000000009,1789804800000
153600,1789804789600,1789804804693,btc-updown-5m-1789804500,5m,DOWN->UP,0.13,0.14,208.49,100.85,0.41,5.0,5.0,0.55,0.44999999999999996,1789804800000
155176,1789805230944,1789805246012,btc-updown-5m-1789805100,5m,DOWN->UP,0.08,0.09,58.03,883.77,0.93,306.56,306.56,1.02,-0.020000000000000018,1789805400000
155234,1789805246488,1789805261582,btc-updown-5m-1789805100,5m,DOWN->UP,0.07,0.08,316.56,328.95,0.93,313.87,313.87,1.01,-0.010000000000000009,1789805400000
155294,1789805262059,1789805277244,btc-updown-5m-1789805100,5m,DOWN->UP,0.07,0.08,308.56,240.49,0.93,206.56,206.56,1.01,-0.010000000000000009,1789805400000
155356,1789805277848,1789805292882,btc-updown-5m-1789805100,5m,DOWN->UP,0.07,0.08,206.56,307.47,0.93,206.56,206.56,1.01,-0.010000000000000009,1789805400000
155414,1789805293520,1789805308561,btc-updown-5m-1789805100,5m,DOWN->UP,0.07,0.08,206.56,304.95,0.93,5.0,5.0,1.01,-0.010000000000000009,1789805400000
155476,1789805309866,1789805324926,btc-updown-5m-1789805100,5m,DOWN->UP,0.07,0.08,5.0,707.44,0.95,95.6,95.6,1.03,-0.030000000000000027,1789805400000
155532,1789805325030,1789805340046,btc-updown-5m-1789805100,5m,DOWN->UP,0.05,0.07,95.6,142.33,0.96,220.0,142.33,1.03,-0.030000000000000027,1789805400000
155588,1789805340133,1789805355151,btc-updown-5m-1789805100,5m,DOWN->UP,0.04,0.06,220.0,727.77,0.96,224.57,224.57,1.02,-0.020000000000000018,1789805400000
155648,1789805355649,1789805370699,btc-updown-5m-1789805100,5m,DOWN->UP,0.04,0.05,224.57,559.08,0.96,309.31,309.31,1.01,-0.010000000000000009,1789805400000
155708,1789805371101,1789805386121,btc-updown-5m-1789805100,5m,DOWN->UP,0.04,0.05,309.31,460.82,0.96,305.31,305.31,1.01,-0.010000000000000009,1789805400000
155768,1789805387103,1789805402116,btc-updown-5m-1789805100,5m,DOWN->UP,0.04,0.05,230.31,518.73,0.59,207.0,207.0,0.64,0.36,1789805400000
156360,1789805542424,1789805557595,btc-updown-5m-1789805400,5m,DOWN->UP,0.13,0.14,164.78,133.32,0.87,166.84,133.32,1.01,-0.010000000000000009,1789805700000
156422,1789805558224,1789805573303,btc-updown-5m-1789805400,5m,DOWN->UP,0.13,0.14,166.84,742.74,0.88,413.22,413.22,1.02,-0.020000000000000018,1789805700000
156480,1789805573854,1789805588896,btc-updown-5m-1789805400,5m,DOWN->UP,0.12,0.13,413.22,24.84,0.88,355.0,24.84,1.01,-0.010000000000000009,1789805700000
156542,1789805589819,1789805604862,btc-updown-5m-1789805400,5m,DOWN->UP,0.12,0.13,355.0,73.02,0.88,83.03,73.02,1.01,-0.010000000000000009,1789805700000
156598,1789805605838,1789805620852,btc-updown-5m-1789805400,5m,DOWN->UP,0.12,0.13,83.03,410.81,0.89,101.0,101.0,1.02,-0.020000000000000018,1789805700000
156658,1789805621581,1789805636625,btc-updown-5m-1789805400,5m,DOWN->UP,0.11,0.12,101.0,485.42,0.9,154.25,154.25,1.02,-0.020000000000000018,1789805700000
156720,1789805637244,1789805652370,btc-updown-5m-1789805400,5m,DOWN->UP,0.1,0.11,154.25,383.23,0.91,262.74,262.74,1.02,-0.020000000000000018,1789805700000
156778,1789805652998,1789805668006,btc-updown-5m-1789805400,5m,DOWN->UP,0.09,0.1,262.74,168.32,0.91,228.0,168.32,1.01,-0.010000000000000009,1789805700000
156836,1789805668006,1789805683032,btc-updown-5m-1789805400,5m,DOWN->UP,0.09,0.1,228.0,352.5,0.91,171.08,171.08,1.01,-0.010000000000000009,1789805700000
156896,1789805683472,1789805701457,btc-updown-5m-1789805400,5m,DOWN->UP,0.09,0.1,171.08,422.82,0.39,273.69,273.69,0.49,0.51,1789805700000
158260,1789806077239,1789806092252,btc-updown-5m-1789806000,5m,DOWN->UP,0.05,0.06,852.39,12.0,0.94,658.21,12.0,1.0,0.0,1789806300000
158318,1789806093481,1789806108503,btc-updown-5m-1789806000,5m,DOWN->UP,0.06,0.07,664.87,181.0,0.94,538.32,181.0,1.01,-0.010000000000000009,1789806300000
158372,1789806109665,1789806124685,btc-updown-5m-1789806000,5m,DOWN->UP,0.06,0.07,538.32,271.64,0.94,463.65,271.64,1.01,-0.010000000000000009,1789806300000
158432,1789806125455,1789806140489,btc-updown-5m-1789806000,5m,DOWN->UP,0.06,0.07,458.57,177.64,0.94,106.0,106.0,1.01,-0.010000000000000009,1789806300000
158486,1789806140489,1789806155529,btc-updown-5m-1789806000,5m,DOWN->UP,0.06,0.07,106.0,344.74,0.96,190.0,190.0,1.03,-0.030000000000000027,1789806300000
158546,1789806156381,1789806171514,btc-updown-5m-1789806000,5m,DOWN->UP,0.04,0.07,190.0,612.51,0.97,464.48,464.48,1.04,-0.040000000000000036,1789806300000
158604,1789806171514,1789806186522,btc-updown-5m-1789806000,5m,DOWN->UP,0.03,0.05,464.48,547.44,0.97,389.27,389.27,1.02,-0.020000000000000018,1789806300000
158664,1789806187390,1789806202512,btc-updown-5m-1789806000,5m,DOWN->UP,0.03,0.04,389.27,401.43,0.97,55.22,55.22,1.01,-0.010000000000000009,1789806300000
158718,1789806203242,1789806218255,btc-updown-5m-1789806000,5m,DOWN->UP,0.03,0.04,55.22,1326.26,0.97,103.88,103.88,1.01,-0.010000000000000009,1789806300000
158778,1789806219152,1789806234194,btc-updown-5m-1789806000,5m,DOWN->UP,0.03,0.04,103.88,527.4,0.98,1057.84,527.4,1.02,-0.020000000000000018,1789806300000
162044,1789807145187,1789807160223,btc-updown-5m-1789806900,5m,DOWN->UP,0.02,0.03,863.1,301.32,0.98,599.21,301.32,1.01,-0.010000000000000009,1789807200000
162102,1789807160877,1789807175935,btc-updown-5m-1789806900,5m,DOWN->UP,0.02,0.03,594.21,352.98,0.98,367.91,352.98,1.01,-0.010000000000000009,1789807200000
162162,1789807176399,1789807191446,btc-updown-5m-1789806900,5m,DOWN->UP,0.02,0.03,357.91,502.98,0.98,266.7,266.7,1.01,-0.010000000000000009,1789807200000
162222,1789807192027,1789807207138,btc-updown-5m-1789806900,5m,DOWN->UP,0.02,0.03,266.7,808.97,0.4,49.99,49.99,0.43000000000000005,0.57,1789807200000
164320,1789807740692,1789807755835,btc-updown-5m-1789807500,5m,DOWN->UP,0.05,0.06,167.57,77.0,0.95,138.0,77.0,1.01,-0.010000000000000009,1789807800000
164380,1789807756236,1789807771270,btc-updown-5m-1789807500,5m,DOWN->UP,0.05,0.06,143.0,67.0,0.95,258.31,67.0,1.01,-0.010000000000000009,1789807800000
164440,1789807772004,1789807787035,btc-updown-5m-1789807500,5m,DOWN->UP,0.05,0.06,258.31,118.16,0.95,47.97,47.97,1.01,-0.010000000000000009,1789807800000
164500,1789807787893,1789807802923,btc-updown-5m-1789807500,5m,DOWN->UP,0.05,0.06,57.97,357.63,0.5,5.0,5.0,0.56,0.43999999999999995,1789807800000
167560,1789808614267,1789808629300,btc-updown-5m-1789808400,5m,DOWN->UP,0.06,0.07,316.96,91.72,0.94,303.33,91.72,1.01,-0.010000000000000009,1789808700000
167620,1789808629850,1789808644866,btc-updown-5m-1789808400,5m,DOWN->UP,0.06,0.07,303.33,91.72,0.93,84.0,84.0,1.0,0.0,1789808700000
167680,1789808645270,1789808660309,btc-updown-5m-1789808400,5m,DOWN->UP,0.07,0.08,142.33,677.83,0.93,328.55,328.55,1.01,-0.010000000000000009,1789808700000
167740,1789808661188,1789808676201,btc-updown-5m-1789808400,5m,DOWN->UP,0.07,0.08,358.55,605.88,0.93,218.27,218.27,1.01,-0.010000000000000009,1789808700000
167800,1789808676608,1789808691648,btc-updown-5m-1789808400,5m,DOWN->UP,0.07,0.08,218.27,660.88,0.93,109.14,109.14,1.01,-0.010000000000000009,1789808700000
167860,1789808692102,1789808707134,btc-updown-5m-1789808400,5m,DOWN->UP,0.07,0.08,184.14,786.85,0.5,232.16,232.16,0.58,0.42000000000000004,1789808700000
168404,1789808834562,1789808849578,btc-updown-5m-1789808700,5m,DOWN->UP,0.07,0.08,390.75,800.35,0.93,488.79,488.79,1.01,-0.010000000000000009,1789809000000
168464,1789808850009,1789808865055,btc-updown-5m-1789808700,5m,DOWN->UP,0.07,0.08,488.79,645.35,0.93,434.79,434.79,1.01,-0.010000000000000009,1789809000000
168524,1789808865438,1789808880482,btc-updown-5m-1789808700,5m,DOWN->UP,0.07,0.08,434.79,777.71,0.93,326.88,326.88,1.01,-0.010000000000000009,1789809000000
168584,1789808880928,1789808896279,btc-updown-5m-1789808700,5m,DOWN->UP,0.07,0.08,326.88,729.31,0.93,306.82,306.82,1.01,-0.010000000000000009,1789809000000
168640,1789808896758,1789808911825,btc-updown-5m-1789808700,5m,DOWN->UP,0.07,0.08,306.82,704.02,0.93,455.25,455.25,1.01,-0.010000000000000009,1789809000000
168690,1789808913196,1789808928217,btc-updown-5m-1789808700,5m,DOWN->UP,0.07,0.08,455.25,639.02,0.93,378.25,378.25,1.01,-0.010000000000000009,1789809000000
168748,1789808928513,1789808943685,btc-updown-5m-1789808700,5m,DOWN->UP,0.07,0.08,306.82,689.02,0.93,350.82,350.82,1.01,-0.010000000000000009,1789809000000
168800,1789808943933,1789808958940,btc-updown-5m-1789808700,5m,DOWN->UP,0.07,0.08,350.82,649.02,0.93,510.67,510.67,1.01,-0.010000000000000009,1789809000000
171788,1789809820251,1789809835290,btc-updown-5m-1789809600,5m,DOWN->UP,0.01,0.02,12.0,99.0,0.99,1524.3,99.0,1.01,-0.010000000000000009,1789809900000
171848,1789809835939,1789809850985,btc-updown-5m-1789809600,5m,DOWN->UP,0.01,0.02,1519.3,85.37,0.99,1992.28,85.37,1.01,-0.010000000000000009,1789809900000
171908,1789809851813,1789809866851,btc-updown-5m-1789809600,5m,DOWN->UP,0.01,0.02,1992.28,85.37,0.99,1787.28,85.37,1.01,-0.010000000000000009,1789809900000
171966,1789809867060,1789809882085,btc-updown-5m-1789809600,5m,DOWN->UP,0.01,0.02,1787.28,20.37,0.98,642.24,20.37,1.0,0.0,1789809900000
172026,1789809882847,1789809897874,btc-updown-5m-1789809600,5m,DOWN->UP,0.02,0.03,642.24,315.2,0.98,726.24,315.2,1.01,-0.010000000000000009,1789809900000
172084,1789809898574,1789809913592,btc-updown-5m-1789809600,5m,DOWN->UP,0.02,0.03,726.24,315.2,0.62,97.77,97.77,0.65,0.35,1789809900000
176838,1789811223161,1789811238196,btc-updown-5m-1789811100,5m,DOWN->UP,0.03,0.04,1559.44,343.0,0.97,1565.53,343.0,1.01,-0.010000000000000009,1789811400000
176898,1789811239227,1789811254256,btc-updown-5m-1789811100,5m,DOWN->UP,0.03,0.04,1615.53,145.0,0.97,1540.61,145.0,1.01,-0.010000000000000009,1789811400000
176956,1789811254608,1789811269647,btc-updown-5m-1789811100,5m,DOWN->UP,0.03,0.04,1540.61,195.0,0.97,1500.27,195.0,1.01,-0.010000000000000009,1789811400000
177018,1789811270468,1789811285510,btc-updown-5m-1789811100,5m,DOWN->UP,0.03,0.04,1500.27,406.42,0.97,926.79,406.42,1.01,-0.010000000000000009,1789811400000
177078,1789811286367,1789811301460,btc-updown-5m-1789811100,5m,DOWN->UP,0.03,0.04,920.89,489.51,0.97,962.38,489.51,1.01,-0.010000000000000009,1789811400000
177138,1789811302096,1789811317162,btc-updown-5m-1789811100,5m,DOWN->UP,0.03,0.04,962.38,384.12,0.97,1178.38,384.12,1.01,-0.010000000000000009,1789811400000
177194,1789811317162,1789811332190,btc-updown-5m-1789811100,5m,DOWN->UP,0.03,0.04,1178.38,146.43,0.96,368.16,146.43,1.0,0.0,1789811400000
177252,1789811332867,1789811347886,btc-updown-5m-1789811100,5m,DOWN->UP,0.04,0.05,368.16,43.0,0.96,788.52,43.0,1.01,-0.010000000000000009,1789811400000
177312,1789811348801,1789811363803,btc-updown-5m-1789811100,5m,DOWN->UP,0.04,0.05,788.52,253.0,0.96,702.17,253.0,1.01,-0.010000000000000009,1789811400000
177408,1789811371617,1789811401435,btc-updown-5m-1789811100,5m,DOWN->UP,0.04,0.05,543.1,563.89,0.56,210.36,210.36,0.6100000000000001,0.3899999999999999,1789811400000
182396,1789812735693,1789812750909,btc-updown-5m-1789812600,5m,DOWN->UP,0.09,0.1,5.0,923.52,0.92,366.88,366.88,1.02,-0.020000000000000018,1789812900000
182454,1789812751761,1789812766772,btc-updown-5m-1789812600,5m,DOWN->UP,0.08,0.09,366.88,415.55,0.92,311.59,311.59,1.01,-0.010000000000000009,1789812900000
182516,1789812767653,1789812782703,btc-updown-5m-1789812600,5m,DOWN->UP,0.08,0.09,288.86,607.87,0.93,802.23,607.87,1.02,-0.020000000000000018,1789812900000
182572,1789812782820,1789812797878,btc-updown-5m-1789812600,5m,DOWN->UP,0.07,0.09,802.23,577.75,0.93,886.38,577.75,1.02,-0.020000000000000018,1789812900000
182630,1789812798299,1789812813359,btc-updown-5m-1789812600,5m,DOWN->UP,0.07,0.08,886.38,325.59,0.93,798.84,325.59,1.01,-0.010000000000000009,1789812900000
182690,1789812813928,1789812828933,btc-updown-5m-1789812600,5m,DOWN->UP,0.07,0.08,798.84,443.92,0.93,474.15,443.92,1.01,-0.010000000000000009,1789812900000
182750,1789812829499,1789812844544,btc-updown-5m-1789812600,5m,DOWN->UP,0.07,0.08,17.0,608.39,0.95,60.26,60.26,1.03,-0.030000000000000027,1789812900000
182810,1789812845106,1789812860364,btc-updown-5m-1789812600,5m,DOWN->UP,0.05,0.06,60.26,105.16,0.96,154.57,105.16,1.02,-0.020000000000000018,1789812900000
182868,1789812860719,1789812875732,btc-updown-5m-1789812600,5m,DOWN->UP,0.04,0.05,154.57,327.99,0.97,865.88,327.99,1.02,-0.020000000000000018,1789812900000
182954,1789812876172,1789812904077,btc-updown-5m-1789812600,5m,DOWN->UP,0.03,0.04,1448.41,215.66,0.6,653.11,215.66,0.64,0.36,1789812900000
184632,1789813332015,1789813347049,btc-updown-5m-1789813200,5m,DOWN->UP,0.11,0.12,125.31,395.38,0.89,571.12,395.38,1.01,-0.010000000000000009,1789813500000
184692,1789813347551,1789813362569,btc-updown-5m-1789813200,5m,DOWN->UP,0.11,0.12,580.34,291.0,0.88,158.0,158.0,1.0,0.0,1789813500000
184752,1789813363009,1789813378058,btc-updown-5m-1789813200,5m,DOWN->UP,0.12,0.13,268.0,5.0,0.87,466.33,5.0,1.0,0.0,1789813500000
184810,1789813378610,1789813393658,btc-updown-5m-1789813200,5m,DOWN->UP,0.13,0.14,486.33,616.0,0.87,709.55,616.0,1.01,-0.010000000000000009,1789813500000
184870,1789813394072,1789813409149,btc-updown-5m-1789813200,5m,DOWN->UP,0.13,0.14,709.55,790.54,0.87,533.28,533.28,1.01,-0.010000000000000009,1789813500000
184930,1789813409751,1789813424771,btc-updown-5m-1789813200,5m,DOWN->UP,0.13,0.14,533.28,820.54,0.87,265.21,265.21,1.01,-0.010000000000000009,1789813500000
184990,1789813425500,1789813440518,btc-updown-5m-1789813200,5m,DOWN->UP,0.13,0.14,265.21,865.97,0.87,169.26,169.26,1.01,-0.010000000000000009,1789813500000
185050,1789813441239,1789813456298,btc-updown-5m-1789813200,5m,DOWN->UP,0.13,0.14,169.26,1070.97,0.87,52.49,52.49,1.01,-0.010000000000000009,1789813500000
185110,1789813457051,1789813472158,btc-updown-5m-1789813200,5m,DOWN->UP,0.13,0.14,52.49,1134.36,0.88,65.0,65.0,1.02,-0.020000000000000018,1789813500000
185198,1789813472858,1789813502552,btc-updown-5m-1789813200,5m,DOWN->UP,0.12,0.13,65.0,801.85,0.57,481.99,481.99,0.7,0.30000000000000004,1789813500000
190238,1789814859855,1789814874863,btc-updown-5m-1789814700,5m,DOWN->UP,0.05,0.06,583.89,138.0,0.95,553.89,138.0,1.01,-0.010000000000000009,1789815000000
190298,1789814875233,1789814890274,btc-updown-5m-1789814700,5m,DOWN->UP,0.05,0.06,553.89,148.0,0.95,527.73,148.0,1.01,-0.010000000000000009,1789815000000
190358,1789814890696,1789814905761,btc-updown-5m-1789814700,5m,DOWN->UP,0.05,0.06,527.73,217.0,0.95,550.4,217.0,1.01,-0.010000000000000009,1789815000000
190418,1789814906455,1789814921466,btc-updown-5m-1789814700,5m,DOWN->UP,0.05,0.06,550.4,311.8,0.95,155.4,155.4,1.01,-0.010000000000000009,1789815000000
190478,1789814921927,1789814936960,btc-updown-5m-1789814700,5m,DOWN->UP,0.05,0.06,149.9,922.83,0.95,83.57,83.57,1.01,-0.010000000000000009,1789815000000
190538,1789814937429,1789814952446,btc-updown-5m-1789814700,5m,DOWN->UP,0.05,0.06,83.57,455.81,0.95,80.82,80.82,1.01,-0.010000000000000009,1789815000000
190598,1789814953067,1789814968121,btc-updown-5m-1789814700,5m,DOWN->UP,0.05,0.06,80.82,487.21,0.95,70.82,70.82,1.01,-0.010000000000000009,1789815000000
190658,1789814969153,1789814984338,btc-updown-5m-1789814700,5m,DOWN->UP,0.05,0.06,75.82,473.87,0.95,125.82,125.82,1.01,-0.010000000000000009,1789815000000
190718,1789814985190,1789815000455,btc-updown-5m-1789814700,5m,DOWN->UP,0.05,0.06,125.82,493.87,0.54,60.0,60.0,0.6000000000000001,0.3999999999999999,1789815000000
193510,1789815755019,1789815770038,btc-updown-5m-1789815600,5m,DOWN->UP,0.05,0.06,153.0,679.85,0.95,129.43,129.43,1.01,-0.010000000000000009,1789815900000
193570,1789815770408,1789815785424,btc-updown-5m-1789815600,5m,DOWN->UP,0.05,0.06,129.43,749.43,0.95,140.2,140.2,1.01,-0.010000000000000009,1789815900000
193630,1789815785780,1789815800813,btc-updown-5m-1789815600,5m,DOWN->UP,0.05,0.06,140.2,737.08,0.96,250.0,250.0,1.02,-0.020000000000000018,1789815900000
193688,1789815801396,1789815816436,btc-updown-5m-1789815600,5m,DOWN->UP,0.04,0.05,250.0,287.0,0.96,245.0,245.0,1.01,-0.010000000000000009,1789815900000
193748,1789815817351,1789815832373,btc-updown-5m-1789815600,5m,DOWN->UP,0.04,0.05,245.0,502.6,0.96,229.58,229.58,1.01,-0.010000000000000009,1789815900000
193808,1789815833144,1789815848153,btc-updown-5m-1789815600,5m,DOWN->UP,0.04,0.05,229.58,459.6,0.96,179.37,179.37,1.01,-0.010000000000000009,1789815900000
193870,1789815848778,1789815863866,btc-updown-5m-1789815600,5m,DOWN->UP,0.04,0.05,179.37,594.17,0.97,114.28,114.28,1.02,-0.020000000000000018,1789815900000
193928,1789815864353,1789815879380,btc-updown-5m-1789815600,5m,DOWN->UP,0.03,0.04,114.28,89.99,0.97,185.15,89.99,1.01,-0.010000000000000009,1789815900000
194006,1789815879829,1789815903471,btc-updown-5m-1789815600,5m,DOWN->UP,0.03,0.04,190.15,558.71,0.51,623.32,558.71,0.55,0.44999999999999996,1789815900000
203682,1789818541616,1789818556632,btc-updown-5m-1789818300,5m,DOWN->UP,0.13,0.14,252.47,232.03,0.86,95.0,95.0,1.0,0.0,1789818600000
207842,1789819633534,1789819648567,btc-updown-5m-1789819500,5m,DOWN->UP,0.1,0.11,308.8,78.24,0.9,212.01,78.24,1.01,-0.010000000000000009,1789819800000
207898,1789819648670,1789819663675,btc-updown-5m-1789819500,5m,DOWN->UP,0.1,0.11,212.01,179.32,0.9,84.59,84.59,1.01,-0.010000000000000009,1789819800000
207958,1789819664151,1789819679189,btc-updown-5m-1789819500,5m,DOWN->UP,0.1,0.11,84.59,864.78,0.9,9.12,9.12,1.01,-0.010000000000000009,1789819800000
208018,1789819679922,1789819694933,btc-updown-5m-1789819500,5m,DOWN->UP,0.1,0.11,9.12,953.15,0.96,287.67,287.67,1.07,-0.07000000000000006,1789819800000
208078,1789819695789,1789819710829,btc-updown-5m-1789819500,5m,DOWN->UP,0.04,0.05,282.67,1342.45,0.98,161.0,161.0,1.03,-0.030000000000000027,1789819800000
208138,1789819711405,1789819726440,btc-updown-5m-1789819500,5m,DOWN->UP,0.02,0.03,161.0,296.66,0.98,154.22,154.22,1.01,-0.010000000000000009,1789819800000
208198,1789819727215,1789819742269,btc-updown-5m-1789819500,5m,DOWN->UP,0.02,0.03,154.22,401.0,0.98,136.81,136.81,1.01,-0.010000000000000009,1789819800000
208260,1789819742986,1789819758015,btc-updown-5m-1789819500,5m,DOWN->UP,0.02,0.03,136.81,587.66,0.98,120.63,120.63,1.01,-0.010000000000000009,1789819800000
208320,1789819758776,1789819773798,btc-updown-5m-1789819500,5m,DOWN->UP,0.02,0.03,120.63,537.8,0.98,455.93,455.93,1.01,-0.010000000000000009,1789819800000
208380,1789819774421,1789819789446,btc-updown-5m-1789819500,5m,DOWN->UP,0.02,0.03,455.93,107.8,0.98,627.94,107.8,1.01,-0.010000000000000009,1789819800000
208440,1789819790342,1789819805372,btc-updown-5m-1789819500,5m,DOWN->UP,0.02,0.03,632.94,110.0,0.62,115.67,110.0,0.65,0.35,1789819800000
210362,1789820296441,1789820311459,btc-updown-5m-1789820100,5m,DOWN->UP,0.13,0.14,266.28,50.0,0.87,95.49,50.0,1.01,-0.010000000000000009,1789820400000
210422,1789820311976,1789820327017,btc-updown-5m-1789820100,5m,DOWN->UP,0.13,0.14,95.49,285.44,0.87,137.79,137.79,1.01,-0.010000000000000009,1789820400000
210482,1789820327765,1789820342785,btc-updown-5m-1789820100,5m,DOWN->UP,0.13,0.14,149.2,208.21,0.87,124.13,124.13,1.01,-0.010000000000000009,1789820400000
210542,1789820343476,1789820358532,btc-updown-5m-1789820100,5m,DOWN->UP,0.13,0.14,145.66,166.62,0.87,150.18,150.18,1.01,-0.010000000000000009,1789820400000
210602,1789820359020,1789820374034,btc-updown-5m-1789820100,5m,DOWN->UP,0.13,0.14,156.52,166.62,0.87,152.53,152.53,1.01,-0.010000000000000009,1789820400000
210676,1789820374948,1789820402879,btc-updown-5m-1789820100,5m,DOWN->UP,0.13,0.14,152.41,184.39,0.36,307.65,184.39,0.5,0.5,1789820400000
212452,1789820857124,1789820872164,btc-updown-5m-1789820700,5m,DOWN->UP,0.06,0.07,236.72,159.42,0.94,242.69,159.42,1.01,-0.010000000000000009,1789821000000
212512,1789820872775,1789820887849,btc-updown-5m-1789820700,5m,DOWN->UP,0.06,0.07,237.69,247.0,0.94,357.77,247.0,1.01,-0.010000000000000009,1789821000000
212572,1789820888663,1789820903668,btc-updown-5m-1789820700,5m,DOWN->UP,0.06,0.07,362.77,53.63,0.93,228.34,53.63,1.0,0.0,1789821000000
212620,1789820904295,1789820919327,btc-updown-5m-1789820700,5m,DOWN->UP,0.07,0.08,238.34,313.43,0.93,260.36,260.36,1.01,-0.010000000000000009,1789821000000
212648,1789820919859,1789820934863,btc-updown-5m-1789820700,5m,DOWN->UP,0.07,0.08,260.36,146.27,0.93,416.97,146.27,1.01,-0.010000000000000009,1789821000000
212678,1789820935341,1789820950369,btc-updown-5m-1789820700,5m,DOWN->UP,0.07,0.08,386.97,171.27,0.93,55.0,55.0,1.01,-0.010000000000000009,1789821000000
212708,1789820950982,1789820966098,btc-updown-5m-1789820700,5m,DOWN->UP,0.07,0.08,55.0,906.04,0.94,81.36,81.36,1.02,-0.020000000000000018,1789821000000
212738,1789820966490,1789820981574,btc-updown-5m-1789820700,5m,DOWN->UP,0.06,0.07,81.36,930.81,0.95,594.55,594.55,1.02,-0.020000000000000018,1789821000000
212768,1789820981848,1789820996943,btc-updown-5m-1789820700,5m,DOWN->UP,0.05,0.06,594.55,25.19,0.95,580.69,25.19,1.01,-0.010000000000000009,1789821000000
212798,1789820997915,1789821012931,btc-updown-5m-1789820700,5m,DOWN->UP,0.05,0.06,580.69,10.0,0.44,64.99,10.0,0.5,0.5,1789821000000
215598,1789821751938,1789821766968,btc-updown-5m-1789821600,5m,DOWN->UP,0.12,0.13,48.86,1369.2,0.88,43.86,43.86,1.01,-0.010000000000000009,1789821900000
215656,1789821767602,1789821782638,btc-updown-5m-1789821600,5m,DOWN->UP,0.12,0.13,43.86,671.23,0.89,133.87,133.87,1.02,-0.020000000000000018,1789821900000
215716,1789821783052,1789821798124,btc-updown-5m-1789821600,5m,DOWN->UP,0.11,0.12,133.87,452.96,0.89,105.0,105.0,1.01,-0.010000000000000009,1789821900000
215774,1789821798634,1789821813696,btc-updown-5m-1789821600,5m,DOWN->UP,0.11,0.12,105.0,542.53,0.89,100.0,100.0,1.01,-0.010000000000000009,1789821900000
215834,1789821814319,1789821829330,btc-updown-5m-1789821600,5m,DOWN->UP,0.11,0.12,100.0,565.5,0.89,100.0,100.0,1.01,-0.010000000000000009,1789821900000
215894,1789821829773,1789821844823,btc-updown-5m-1789821600,5m,DOWN->UP,0.11,0.12,100.0,646.53,0.89,50.0,50.0,1.01,-0.010000000000000009,1789821900000
215956,1789821845389,1789821860474,btc-updown-5m-1789821600,5m,DOWN->UP,0.11,0.12,50.0,697.53,0.89,50.0,50.0,1.01,-0.010000000000000009,1789821900000
216000,1789821860777,1789821875787,btc-updown-5m-1789821600,5m,DOWN->UP,0.11,0.12,50.0,760.5,0.9,198.07,198.07,1.02,-0.020000000000000018,1789821900000
216030,1789821876160,1789821891185,btc-updown-5m-1789821600,5m,DOWN->UP,0.1,0.11,203.82,523.45,0.9,159.96,159.96,1.01,-0.010000000000000009,1789821900000
216060,1789821891842,1789821906871,btc-updown-5m-1789821600,5m,DOWN->UP,0.1,0.11,159.96,1220.0,0.64,6.4,6.4,0.75,0.25,1789821900000
217594,1789822338628,1789822353674,btc-updown-5m-1789822200,5m,DOWN->UP,0.05,0.06,445.39,144.35,0.95,453.39,144.35,1.01,-0.010000000000000009,1789822500000
217654,1789822353977,1789822368977,btc-updown-5m-1789822200,5m,DOWN->UP,0.05,0.06,453.39,38.0,0.95,616.37,38.0,1.01,-0.010000000000000009,1789822500000
217714,1789822369568,1789822384600,btc-updown-5m-1789822200,5m,DOWN->UP,0.05,0.06,616.37,24.68,0.93,472.98,24.68,0.99,0.010000000000000009,1789822500000
217774,1789822384963,1789822400029,btc-updown-5m-1789822200,5m,DOWN->UP,0.07,0.08,487.98,147.42,0.93,601.14,147.42,1.01,-0.010000000000000009,1789822500000
217834,1789822400617,1789822415663,btc-updown-5m-1789822200,5m,DOWN->UP,0.07,0.08,601.14,92.42,0.93,746.47,92.42,1.01,-0.010000000000000009,1789822500000
217892,1789822416318,1789822431323,btc-updown-5m-1789822200,5m,DOWN->UP,0.07,0.08,746.47,67.42,0.92,442.98,67.42,1.0,0.0,1789822500000
217950,1789822431395,1789822446440,btc-updown-5m-1789822200,5m,DOWN->UP,0.08,0.09,442.98,164.78,0.92,1109.98,164.78,1.01,-0.010000000000000009,1789822500000
218006,1789822446573,1789822461615,btc-updown-5m-1789822200,5m,DOWN->UP,0.08,0.09,1109.98,97.62,0.92,1336.74,97.62,1.01,-0.010000000000000009,1789822500000
218064,1789822462553,1789822478008,btc-updown-5m-1789822200,5m,DOWN->UP,0.09,0.12,142.99,230.1,0.9,183.71,183.71,1.02,-0.020000000000000018,1789822500000
218122,1789822478569,1789822493626,btc-updown-5m-1789822200,5m,DOWN->UP,0.1,0.11,178.71,168.58,0.9,92.59,92.59,1.01,-0.010000000000000009,1789822500000
218182,1789822494487,1789822509535,btc-updown-5m-1789822200,5m,DOWN->UP,0.1,0.11,92.59,211.07,0.54,19.59,19.59,0.65,0.35,1789822500000
220360,1789823065912,1789823080951,btc-updown-5m-1789822800,5m,DOWN->UP,0.07,0.08,29.0,157.5,0.93,21.47,21.47,1.01,-0.010000000000000009,1789823100000
220420,1789823081485,1789823096519,btc-updown-5m-1789822800,5m,DOWN->UP,0.07,0.08,21.47,240.0,0.94,100.0,100.0,1.02,-0.020000000000000018,1789823100000
220480,1789823097223,1789823112267,btc-updown-5m-1789822800,5m,DOWN->UP,0.06,0.07,29.0,84.0,0.5,120.12,84.0,0.5700000000000001,0.42999999999999994,1789823100000
223082,1789823850775,1789823865809,btc-updown-5m-1789823700,5m,DOWN->UP,0.03,0.04,215.42,1171.44,0.97,205.04,205.04,1.01,-0.010000000000000009,1789824000000
223142,1789823866324,1789823881367,btc-updown-5m-1789823700,5m,DOWN->UP,0.03,0.04,205.04,1268.78,0.98,1421.84,1268.78,1.02,-0.020000000000000018,1789824000000
223202,1789823881832,1789823896843,btc-updown-5m-1789823700,5m,DOWN->UP,0.02,0.03,1421.84,359.5,0.98,2226.49,359.5,1.01,-0.010000000000000009,1789824000000
223262,1789823897754,1789823912783,btc-updown-5m-1789823700,5m,DOWN->UP,0.02,0.03,2226.49,380.5,0.98,1503.31,380.5,1.01,-0.010000000000000009,1789824000000
223322,1789823913347,1789823928350,btc-updown-5m-1789823700,5m,DOWN->UP,0.02,0.03,2079.18,379.18,0.98,1475.92,379.18,1.01,-0.010000000000000009,1789824000000
223378,1789823928693,1789823943730,btc-updown-5m-1789823700,5m,DOWN->UP,0.02,0.03,1395.1,458.12,0.98,3250.15,458.12,1.01,-0.010000000000000009,1789824000000
223438,1789823944263,1789823959329,btc-updown-5m-1789823700,5m,DOWN->UP,0.02,0.03,3250.15,294.0,0.97,2234.56,294.0,1.0,0.0,1789824000000
223498,1789823960104,1789823975161,btc-updown-5m-1789823700,5m,DOWN->UP,0.03,0.04,2282.25,87.57,0.97,741.93,87.57,1.01,-0.010000000000000009,1789824000000
223554,1789823975329,1789823990348,btc-updown-5m-1789823700,5m,DOWN->UP,0.03,0.04,741.93,85.01,0.97,1497.0,85.01,1.01,-0.010000000000000009,1789824000000
223610,1789823990796,1789824005826,btc-updown-5m-1789823700,5m,DOWN->UP,0.03,0.04,1491.96,230.3,0.28,215.99,215.99,0.32,0.6799999999999999,1789824000000
226652,1789824816763,1789824831797,btc-updown-5m-1789824600,5m,DOWN->UP,0.06,0.07,14.03,694.99,0.94,3.39,3.39,1.01,-0.010000000000000009,1789824900000
226712,1789824832776,1789824847798,btc-updown-5m-1789824600,5m,DOWN->UP,0.06,0.07,3.39,844.99,0.95,152.0,152.0,1.02,-0.020000000000000018,1789824900000
226774,1789824848630,1789824863708,btc-updown-5m-1789824600,5m,DOWN->UP,0.05,0.06,147.0,683.99,0.96,139.69,139.69,1.02,-0.020000000000000018,1789824900000
226832,1789824864420,1789824879468,btc-updown-5m-1789824600,5m,DOWN->UP,0.04,0.05,144.69,533.99,0.97,914.39,533.99,1.02,-0.020000000000000018,1789824900000
226894,1789824880132,1789824895168,btc-updown-5m-1789824600,5m,DOWN->UP,0.03,0.04,914.39,250.65,0.97,1040.61,250.65,1.01,-0.010000000000000009,1789824900000
226954,1789824895465,1789824910538,btc-updown-5m-1789824600,5m,DOWN->UP,0.03,0.04,1040.61,194.0,0.52,213.99,194.0,0.56,0.43999999999999995,1789824900000
230094,1789825740860,1789825755877,btc-updown-5m-1789825500,5m,DOWN->UP,0.04,0.05,189.0,144.0,0.94,100.18,100.18,0.99,0.010000000000000009,1789825800000
230154,1789825756626,1789825771638,btc-updown-5m-1789825500,5m,DOWN->UP,0.06,0.07,105.18,98.0,0.94,80.0,80.0,1.01,-0.010000000000000009,1789825800000
230214,1789825772404,1789825787448,btc-updown-5m-1789825500,5m,DOWN->UP,0.06,0.07,80.0,388.0,0.94,52.62,52.62,1.01,-0.010000000000000009,1789825800000
230274,1789825788158,1789825803180,btc-updown-5m-1789825500,5m,DOWN->UP,0.06,0.07,52.62,642.42,0.5,147.59,147.59,0.5700000000000001,0.42999999999999994,1789825800000
231150,1789826019513,1789826034515,btc-updown-5m-1789825800,5m,DOWN->UP,0.06,0.07,375.23,197.0,0.94,181.7,181.7,1.01,-0.010000000000000009,1789826100000
231208,1789826035275,1789826050307,btc-updown-5m-1789825800,5m,DOWN->UP,0.06,0.07,230.16,248.42,0.94,385.47,248.42,1.01,-0.010000000000000009,1789826100000
231270,1789826051139,1789826066226,btc-updown-5m-1789825800,5m,DOWN->UP,0.06,0.07,197.7,198.42,0.95,513.56,198.42,1.02,-0.020000000000000018,1789826100000
231326,1789826066736,1789826082661,btc-updown-5m-1789825800,5m,DOWN->UP,0.05,0.06,521.45,138.99,0.95,594.26,138.99,1.01,-0.010000000000000009,1789826100000
231386,1789826082661,1789826097744,btc-updown-5m-1789825800,5m,DOWN->UP,0.05,0.06,594.26,103.15,0.95,554.55,103.15,1.01,-0.010000000000000009,1789826100000
231444,1789826098262,1789826113265,btc-updown-5m-1789825800,5m,DOWN->UP,0.05,0.06,552.28,103.15,0.5,1082.42,103.15,0.56,0.43999999999999995,1789826100000
233524,1789826677053,1789826692111,btc-updown-5m-1789826400,5m,DOWN->UP,0.01,0.02,3017.29,526.0,0.99,2815.13,526.0,1.01,-0.010000000000000009,1789826700000
233584,1789826692760,1789826707771,btc-updown-5m-1789826400,5m,DOWN->UP,0.01,0.02,2805.13,182.43,0.64,177.32,177.32,0.66,0.33999999999999997,1789826700000
234126,1789826845947,1789826860962,btc-updown-5m-1789826700,5m,DOWN->UP,0.03,0.04,1484.53,100.0,0.96,85.0,85.0,1.0,0.0,1789827000000
234188,1789826861665,1789826876709,btc-updown-5m-1789826700,5m,DOWN->UP,0.04,0.05,85.0,767.67,0.96,69.79,69.79,1.01,-0.010000000000000009,1789827000000
234248,1789826877030,1789826892316,btc-updown-5m-1789826700,5m,DOWN->UP,0.04,0.05,69.79,743.43,0.97,1035.44,743.43,1.02,-0.020000000000000018,1789827000000
234306,1789826892550,1789826907556,btc-updown-5m-1789826700,5m,DOWN->UP,0.03,0.04,1035.44,168.98,0.97,1418.99,168.98,1.01,-0.010000000000000009,1789827000000
234366,1789826908011,1789826923062,btc-updown-5m-1789826700,5m,DOWN->UP,0.03,0.04,1413.97,239.1,0.97,1409.05,239.1,1.01,-0.010000000000000009,1789827000000
234428,1789826923556,1789826938613,btc-updown-5m-1789826700,5m,DOWN->UP,0.03,0.04,1404.05,223.8,0.97,1206.82,223.8,1.01,-0.010000000000000009,1789827000000
234488,1789826939465,1789826954507,btc-updown-5m-1789826700,5m,DOWN->UP,0.03,0.04,1206.82,223.8,0.97,1106.7,223.8,1.01,-0.010000000000000009,1789827000000
234544,1789826954662,1789826969721,btc-updown-5m-1789826700,5m,DOWN->UP,0.03,0.04,1106.7,250.66,0.97,345.1,250.66,1.01,-0.010000000000000009,1789827000000
234604,1789826970286,1789826985317,btc-updown-5m-1789826700,5m,DOWN->UP,0.03,0.04,345.1,793.37,0.97,334.94,334.94,1.01,-0.010000000000000009,1789827000000
234666,1789826986215,1789827002584,btc-updown-5m-1789826700,5m,DOWN->UP,0.03,0.04,334.94,762.36,0.48,282.48,282.48,0.52,0.48,1789827000000
236362,1789827434138,1789827449295,btc-updown-5m-1789827300,5m,DOWN->UP,0.08,0.09,563.88,72.39,0.92,572.79,72.39,1.01,-0.010000000000000009,1789827600000
236420,1789827449688,1789827464717,btc-updown-5m-1789827300,5m,DOWN->UP,0.08,0.09,572.79,94.75,0.92,67.7,67.7,1.01,-0.010000000000000009,1789827600000
236476,1789827464812,1789827479850,btc-updown-5m-1789827300,5m,DOWN->UP,0.08,0.09,67.7,446.33,0.92,40.82,40.82,1.01,-0.010000000000000009,1789827600000
236536,1789827480416,1789827495485,btc-updown-5m-1789827300,5m,DOWN->UP,0.08,0.09,40.82,533.33,0.92,27.03,27.03,1.01,-0.010000000000000009,1789827600000
236592,1789827495485,1789827510488,btc-updown-5m-1789827300,5m,DOWN->UP,0.08,0.09,27.03,589.21,0.92,25.7,25.7,1.01,-0.010000000000000009,1789827600000
236654,1789827511425,1789827526463,btc-updown-5m-1789827300,5m,DOWN->UP,0.08,0.09,25.7,655.94,0.93,184.0,184.0,1.02,-0.020000000000000018,1789827600000
236714,1789827527766,1789827542866,btc-updown-5m-1789827300,5m,DOWN->UP,0.07,0.08,184.0,717.49,0.93,20.0,20.0,1.01,-0.010000000000000009,1789827600000
236774,1789827543694,1789827558700,btc-updown-5m-1789827300,5m,DOWN->UP,0.07,0.08,40.0,758.77,0.93,71.84,71.84,1.01,-0.010000000000000009,1789827600000
236834,1789827559488,1789827574526,btc-updown-5m-1789827300,5m,DOWN->UP,0.07,0.08,41.84,793.77,0.94,84.0,84.0,1.02,-0.020000000000000018,1789827600000
236902,1789827574944,1789827600664,btc-updown-5m-1789827300,5m,DOWN->UP,0.06,0.07,34.0,223.99,0.6,5.0,5.0,0.6699999999999999,0.33000000000000007,1789827600000
237356,1789827711776,1789827726792,btc-updown-5m-1789827600,5m,DOWN->UP,0.06,0.07,722.44,160.18,0.94,787.96,160.18,1.01,-0.010000000000000009,1789827900000
237408,1789827726956,1789827741965,btc-updown-5m-1789827600,5m,DOWN->UP,0.06,0.07,792.96,118.12,0.94,797.96,118.12,1.01,-0.010000000000000009,1789827900000
237462,1789827742198,1789827757501,btc-updown-5m-1789827600,5m,DOWN->UP,0.06,0.07,797.96,103.83,0.94,1470.04,103.83,1.01,-0.010000000000000009,1789827900000
237522,1789827757721,1789827772731,btc-updown-5m-1789827600,5m,DOWN->UP,0.06,0.07,1492.04,250.0,0.93,433.02,250.0,1.0,0.0,1789827900000
237582,1789827773456,1789827788479,btc-updown-5m-1789827600,5m,DOWN->UP,0.07,0.09,688.02,38.23,0.93,1043.99,38.23,1.02,-0.020000000000000018,1789827900000
237642,1789827789227,1789827804228,btc-updown-5m-1789827600,5m,DOWN->UP,0.07,0.08,1043.99,60.0,0.7,555.19,60.0,0.7799999999999999,0.22000000000000008,1789827900000
238442,1789828037166,1789828052187,btc-updown-5m-1789827900,5m,DOWN->UP,0.13,0.14,10.0,511.7,0.88,533.03,511.7,1.02,-0.020000000000000018,1789828200000
238470,1789828052614,1789828067667,btc-updown-5m-1789827900,5m,DOWN->UP,0.12,0.13,408.03,160.0,0.88,261.93,160.0,1.01,-0.010000000000000009,1789828200000
238500,1789828068275,1789828083338,btc-updown-5m-1789827900,5m,DOWN->UP,0.12,0.13,261.93,155.0,0.87,111.63,111.63,1.0,0.0,1789828200000
238530,1789828083772,1789828098779,btc-updown-5m-1789827900,5m,DOWN->UP,0.13,0.14,111.63,242.62,0.88,248.23,242.62,1.02,-0.020000000000000018,1789828200000
238560,1789828099614,1789828114636,btc-updown-5m-1789827900,5m,DOWN->UP,0.12,0.13,253.83,118.36,0.88,175.3,118.36,1.01,-0.010000000000000009,1789828200000
238588,1789828114816,1789828129888,btc-updown-5m-1789827900,5m,DOWN->UP,0.12,0.13,175.3,119.0,0.87,93.51,93.51,1.0,0.0,1789828200000
238618,1789828130114,1789828145136,btc-updown-5m-1789827900,5m,DOWN->UP,0.13,0.14,88.51,432.77,0.88,128.23,128.23,1.02,-0.020000000000000018,1789828200000
238648,1789828145857,1789828160868,btc-updown-5m-1789827900,5m,DOWN->UP,0.12,0.13,135.26,248.99,0.88,10.0,10.0,1.01,-0.010000000000000009,1789828200000
238678,1789828161517,1789828176570,btc-updown-5m-1789827900,5m,DOWN->UP,0.12,0.13,10.0,1282.8,0.89,125.0,125.0,1.02,-0.020000000000000018,1789828200000
238708,1789828177318,1789828192350,btc-updown-5m-1789827900,5m,DOWN->UP,0.11,0.12,141.0,258.99,0.89,102.24,102.24,1.01,-0.010000000000000009,1789828200000
238736,1789828193354,1789828208370,btc-updown-5m-1789827900,5m,DOWN->UP,0.11,0.12,102.24,563.75,0.74,341.53,341.53,0.86,0.14,1789828200000
239554,1789828419788,1789828436354,btc-updown-5m-1789828200,5m,DOWN->UP,0.1,0.11,181.29,493.57,0.9,61.0,61.0,1.01,-0.010000000000000009,1789828500000
239608,1789828436354,1789828451402,btc-updown-5m-1789828200,5m,DOWN->UP,0.1,0.11,61.0,583.57,0.91,197.0,197.0,1.02,-0.020000000000000018,1789828500000
239668,1789828452274,1789828467305,btc-updown-5m-1789828200,5m,DOWN->UP,0.09,0.1,227.0,363.22,0.91,197.79,197.79,1.01,-0.010000000000000009,1789828500000
239726,1789828467805,1789828483044,btc-updown-5m-1789828200,5m,DOWN->UP,0.09,0.1,197.79,517.59,0.06,5.0,5.0,0.16,0.84,1789828500000
245568,1789830135773,1789830150786,btc-updown-5m-1789830000,5m,DOWN->UP,0.07,0.08,11.76,317.74,0.94,684.07,317.74,1.02,-0.020000000000000018,1789830300000
245622,1789830152741,1789830167775,btc-updown-5m-1789830000,5m,DOWN->UP,0.06,0.07,681.96,241.24,0.94,209.87,209.87,1.01,-0.010000000000000009,1789830300000
245680,1789830168534,1789830183540,btc-updown-5m-1789830000,5m,DOWN->UP,0.06,0.07,214.87,231.48,0.94,980.96,231.48,1.01,-0.010000000000000009,1789830300000
245740,1789830184226,1789830199403,btc-updown-5m-1789830000,5m,DOWN->UP,0.06,0.07,978.29,202.0,0.94,270.98,202.0,1.01,-0.010000000000000009,1789830300000
245798,1789830199403,1789830214606,btc-updown-5m-1789830000,5m,DOWN->UP,0.06,0.07,270.98,332.0,0.94,290.98,290.98,1.01,-0.010000000000000009,1789830300000
247782,1789830850060,1789830865107,btc-updown-5m-1789830600,5m,DOWN->UP,0.13,0.14,84.99,111.84,0.87,254.11,111.84,1.01,-0.010000000000000009,1789830900000
247810,1789830865230,1789830880271,btc-updown-5m-1789830600,5m,DOWN->UP,0.13,0.14,254.11,110.19,0.95,85.57,85.57,1.0899999999999999,-0.08999999999999986,1789830900000
247840,1789830881777,1789830896824,btc-updown-5m-1789830600,5m,DOWN->UP,0.05,0.06,85.57,143.38,0.96,130.0,130.0,1.02,-0.020000000000000018,1789830900000
247870,1789830897788,1789830912843,btc-updown-5m-1789830600,5m,DOWN->UP,0.04,0.05,135.0,104.0,0.45,3.22,3.22,0.5,0.5,1789830900000
251388,1789831939595,1789831954649,btc-updown-5m-1789831800,5m,DOWN->UP,0.06,0.07,364.34,35.0,0.93,215.58,35.0,1.0,0.0,1789832100000
251446,1789831955245,1789831970266,btc-updown-5m-1789831800,5m,DOWN->UP,0.07,0.08,215.58,500.68,0.93,66.43,66.43,1.01,-0.010000000000000009,1789832100000
251506,1789831970790,1789831985832,btc-updown-5m-1789831800,5m,DOWN->UP,0.07,0.08,66.43,632.71,0.93,60.35,60.35,1.01,-0.010000000000000009,1789832100000
251564,1789831986429,1789832001440,btc-updown-5m-1789831800,5m,DOWN->UP,0.07,0.08,60.35,652.71,0.93,50.35,50.35,1.01,-0.010000000000000009,1789832100000
251626,1789832002097,1789832017139,btc-updown-5m-1789831800,5m,DOWN->UP,0.07,0.08,50.35,654.63,0.93,45.35,45.35,1.01,-0.010000000000000009,1789832100000
251686,1789832017492,1789832032531,btc-updown-5m-1789831800,5m,DOWN->UP,0.07,0.08,45.35,657.63,0.94,105.0,105.0,1.02,-0.020000000000000018,1789832100000
251744,1789832033030,1789832048072,btc-updown-5m-1789831800,5m,DOWN->UP,0.06,0.07,100.0,367.93,0.94,135.0,135.0,1.01,-0.010000000000000009,1789832100000
251804,1789832048525,1789832063531,btc-updown-5m-1789831800,5m,DOWN->UP,0.06,0.07,135.0,646.79,0.94,20.0,20.0,1.01,-0.010000000000000009,1789832100000
251864,1789832064057,1789832079083,btc-updown-5m-1789831800,5m,DOWN->UP,0.06,0.07,20.0,735.59,0.95,101.46,101.46,1.02,-0.020000000000000018,1789832100000
251940,1789832079423,1789832102192,btc-updown-5m-1789831800,5m,DOWN->UP,0.05,0.06,101.46,469.47,0.5,180.01,180.01,0.56,0.43999999999999995,1789832100000
252832,1789832325352,1789832340417,btc-updown-5m-1789832100,5m,DOWN->UP,0.06,0.07,628.68,316.43,0.95,884.24,316.43,1.02,-0.020000000000000018,1789832400000
252892,1789832340936,1789832355961,btc-updown-5m-1789832100,5m,DOWN->UP,0.05,0.06,884.24,54.99,0.94,90.0,54.99,1.0,0.0,1789832400000
252952,1789832356438,1789832371465,btc-updown-5m-1789832100,5m,DOWN->UP,0.06,0.07,95.0,1143.44,0.94,55.0,55.0,1.01,-0.010000000000000009,1789832400000
253012,1789832372308,1789832387385,btc-updown-5m-1789832100,5m,DOWN->UP,0.06,0.07,55.0,1206.15,0.95,45.0,45.0,1.02,-0.020000000000000018,1789832400000
253072,1789832388315,1789832403407,btc-updown-5m-1789832100,5m,DOWN->UP,0.05,0.06,45.0,757.99,0.61,412.17,412.17,0.6699999999999999,0.33000000000000007,1789832400000
253518,1789832629586,1789832644623,btc-updown-5m-1789832400,5m,DOWN->UP,0.01,0.02,200.0,381.0,0.99,2545.0,381.0,1.01,-0.010000000000000009,1789832700000
253546,1789832645197,1789832660203,btc-updown-5m-1789832400,5m,DOWN->UP,0.01,0.02,2566.0,260.85,0.99,2760.45,260.85,1.01,-0.010000000000000009,1789832700000
253576,1789832660743,1789832675747,btc-updown-5m-1789832400,5m,DOWN->UP,0.01,0.02,2760.45,154.74,0.98,489.33,154.74,1.0,0.0,1789832700000
253594,1789832676537,1789832701019,btc-updown-5m-1789832400,5m,DOWN->UP,0.02,0.03,489.33,69.45,0.51,20.5,20.5,0.54,0.45999999999999996,1789832700000
255408,1789833232913,1789833247937,btc-updown-5m-1789833000,5m,DOWN->UP,0.13,0.14,15.0,50.0,0.87,96.0,50.0,1.01,-0.010000000000000009,1789833300000
255466,1789833248478,1789833263537,btc-updown-5m-1789833000,5m,DOWN->UP,0.13,0.14,96.0,186.65,0.87,74.66,74.66,1.01,-0.010000000000000009,1789833300000
255526,1789833264009,1789833279033,btc-updown-5m-1789833000,5m,DOWN->UP,0.13,0.14,87.63,437.59,0.87,126.94,126.94,1.01,-0.010000000000000009,1789833300000
255584,1789833279642,1789833294671,btc-updown-5m-1789833000,5m,DOWN->UP,0.13,0.14,126.94,581.48,0.87,82.47,82.47,1.01,-0.010000000000000009,1789833300000
255644,1789833295290,1789833310355,btc-updown-5m-1789833000,5m,DOWN->UP,0.13,0.14,82.47,708.65,0.31,366.06,366.06,0.45,0.55,1789833300000
262198,1789835340704,1789835355894,btc-updown-5m-1789835100,5m,DOWN->UP,0.09,0.1,179.18,201.0,0.91,158.19,158.19,1.01,-0.010000000000000009,1789835400000
262252,1789835355894,1789835371026,btc-updown-5m-1789835100,5m,DOWN->UP,0.09,0.1,158.19,88.56,0.91,10.31,10.31,1.01,-0.010000000000000009,1789835400000
262312,1789835371609,1789835386658,btc-updown-5m-1789835100,5m,DOWN->UP,0.09,0.1,10.31,173.56,0.94,26.3,26.3,1.04,-0.040000000000000036,1789835400000
262368,1789835386830,1789835401858,btc-updown-5m-1789835100,5m,DOWN->UP,0.06,0.1,26.3,820.56,0.31,70.77,70.77,0.41000000000000003,0.59,1789835400000
265000,1789836096406,1789836111453,btc-updown-5m-1789836000,5m,DOWN->UP,0.12,0.13,5.0,315.02,0.88,20.0,20.0,1.01,-0.010000000000000009,1789836300000
265058,1789836112523,1789836127542,btc-updown-5m-1789836000,5m,DOWN->UP,0.12,0.13,20.0,315.02,0.88,774.89,315.02,1.01,-0.010000000000000009,1789836300000
265118,1789836127905,1789836142945,btc-updown-5m-1789836000,5m,DOWN->UP,0.12,0.13,724.89,50.0,0.88,633.97,50.0,1.01,-0.010000000000000009,1789836300000
265178,1789836143490,1789836158528,btc-updown-5m-1789836000,5m,DOWN->UP,0.12,0.13,633.97,162.6,0.87,1457.33,162.6,1.0,0.0,1789836300000
265236,1789836159036,1789836174094,btc-updown-5m-1789836000,5m,DOWN->UP,0.13,0.14,1597.33,202.43,0.87,442.94,202.43,1.01,-0.010000000000000009,1789836300000
265294,1789836174094,1789836189100,btc-updown-5m-1789836000,5m,DOWN->UP,0.13,0.14,442.94,166.71,0.87,558.94,166.71,1.01,-0.010000000000000009,1789836300000
265354,1789836190035,1789836205080,btc-updown-5m-1789836000,5m,DOWN->UP,0.13,0.14,558.94,99.21,0.87,512.94,99.21,1.01,-0.010000000000000009,1789836300000
265414,1789836205553,1789836220562,btc-updown-5m-1789836000,5m,DOWN->UP,0.13,0.14,512.94,99.21,0.86,456.33,99.21,1.0,0.0,1789836300000
