anchor_ts_ms,hedge_ts_ms,market_end_ms,market_slug,leg1_budget,first_ask,second_ask,qty,leg1_cost,leg2_cost,friction,total_cost,pair_cost_net,payout,pnl
1789765359942,1789765374995,1789765500000,btc-updown-5m-1789765200,20.0,0.11,0.9,98.56,10.8416,88.70400000000001,0.4928,100.03840000000001,1.015,98.56,-1.4784000000000077
1789765375566,1789765390643,1789765500000,btc-updown-5m-1789765200,20.0,0.11,0.9,181.8181818181818,20.0,163.63636363636363,0.9090909090909091,184.54545454545453,1.015,181.8181818181818,-2.7272727272727195
1789765390643,1789765405676,1789765500000,btc-updown-5m-1789765200,20.0,0.11,0.9,166.4,18.304000000000002,149.76000000000002,0.8320000000000001,168.89600000000002,1.015,166.4,-2.4960000000000093
1789765405676,1789765420753,1789765500000,btc-updown-5m-1789765200,20.0,0.11,0.9,29.133661476644928,3.204702762430942,26.220295328980434,0.14566830738322464,29.5706663987946,1.015,29.133661476644928,-0.4370049221496721
1789765741765,1789765756815,1789765800000,btc-updown-5m-1789765500,20.0,0.07,0.93,7.0,0.49000000000000005,6.510000000000001,0.035,7.035000000000001,1.005,7.0,-0.03500000000000103
1789765757479,1789765772552,1789765800000,btc-updown-5m-1789765500,20.0,0.08,0.94,199.77,15.981600000000002,187.78379999999999,0.9988500000000001,204.76425,1.025,199.77,-4.994249999999994
1789765773058,1789765788065,1789765800000,btc-updown-5m-1789765500,20.0,0.07,0.94,167.0,11.690000000000001,156.98,0.835,169.505,1.015,167.0,-2.5049999999999955
1789765788917,1789765803979,1789765800000,btc-updown-5m-1789765500,20.0,0.07,0.28,207.0,14.490000000000002,57.96000000000001,1.035,73.48500000000001,0.35500000000000004,207.0,133.515
1789766650992,1789766666015,1789766700000,btc-updown-5m-1789766400,20.0,0.14,0.92,19.16,2.6824000000000003,17.627200000000002,0.0958,20.405400000000004,1.065,19.16,-1.2454000000000036
1789766666619,1789766681643,1789766700000,btc-updown-5m-1789766400,20.0,0.1,0.94,50.0,5.0,47.0,0.25,52.25,1.045,50.0,-2.25
1789766682038,1789766703624,1789766700000,btc-updown-5m-1789766400,20.0,0.09,0.5,67.38,6.0642,33.69,0.3369,40.0911,0.595,67.38,27.288899999999998
1789768449781,1789768464781,1789768500000,btc-updown-5m-1789768200,20.0,0.03,0.98,136.33,4.0899,133.60340000000002,0.6816500000000001,138.37495,1.015,136.33,-2.04495
1789768465395,1789768480396,1789768500000,btc-updown-5m-1789768200,20.0,0.03,0.98,16.33,0.48989999999999995,16.0034,0.08164999999999999,16.574949999999998,1.015,16.33,-0.24494999999999933
1789768481257,1789768496281,1789768500000,btc-updown-5m-1789768200,20.0,0.03,0.99,434.34753094957455,13.030425928487237,430.0040556400788,2.1717376547478726,445.2062192233139,1.025,434.34753094957455,-10.858688273739347
1789768731390,1789768746406,1789768800000,btc-updown-5m-1789768500,20.0,0.04,0.97,134.99,5.3996,130.9403,0.67495,137.01485,1.015,134.99,-2.0248499999999865
1789768747005,1789768762014,1789768800000,btc-updown-5m-1789768500,20.0,0.04,0.97,167.23,6.6892,162.2131,0.83615,169.73845,1.015,167.23,-2.5084500000000105
1789768762883,1789768777900,1789768800000,btc-updown-5m-1789768500,20.0,0.04,0.97,157.14,6.2856,152.42579999999998,0.7857,159.49709999999996,1.015,157.14,-2.357099999999974
1789768778640,1789768793683,1789768800000,btc-updown-5m-1789768500,20.0,0.04,0.97,105.45726251238423,4.218290500495369,102.2935446370127,0.5272863125619212,107.03912145007,1.015,105.45726251238423,-1.581858937685766
1789772608976,1789772624027,1789772700000,btc-updown-5m-1789772400,20.0,0.14,0.87,142.85714285714283,20.0,124.28571428571426,0.7142857142857142,145.0,1.015,142.85714285714283,-2.142857142857167
1789772624721,1789772639744,1789772700000,btc-updown-5m-1789772400,20.0,0.14,0.87,142.85714285714283,20.0,124.28571428571426,0.7142857142857142,145.0,1.015,142.85714285714283,-2.142857142857167
1789772640395,1789772655411,1789772700000,btc-updown-5m-1789772400,20.0,0.14,0.87,142.85714285714283,20.0,124.28571428571426,0.7142857142857142,145.0,1.015,142.85714285714283,-2.142857142857167
1789772656040,1789772671370,1789772700000,btc-updown-5m-1789772400,20.0,0.14,0.87,29.29,4.1006,25.4823,0.14645,29.72935,1.015,29.29,-0.439350000000001
1789772675638,1789772704942,1789772700000,btc-updown-5m-1789772400,20.0,0.14,0.45,142.85714285714283,20.0,64.28571428571428,0.7142857142857142,84.99999999999999,0.5950000000000001,142.85714285714283,57.85714285714285
1789773246231,1789773261256,1789773300000,btc-updown-5m-1789773000,20.0,0.05,0.96,400.0,20.0,384.0,2.0,406.0,1.015,400.0,-6.0
1789773261808,1789773276845,1789773300000,btc-updown-5m-1789773000,20.0,0.05,0.96,189.78,9.489,182.1888,0.9489000000000001,192.6267,1.015,189.78,-2.8466999999999985
1789773277565,1789773292573,1789773300000,btc-updown-5m-1789773000,20.0,0.05,0.96,2.5795984584292846,0.12897992292146424,2.476414520092113,0.012897992292146424,2.6182924353057238,1.015,2.5795984584292846,-0.03869397687643916
1789773293109,1789773308110,1789773300000,btc-updown-5m-1789773000,20.0,0.05,0.57,11.089245324631007,0.5544622662315504,6.320869835039673,0.055446226623155036,6.930778327894378,0.625,11.089245324631007,4.158466996736628
1789775849650,1789775864787,1789776000000,btc-updown-5m-1789775700,20.0,0.08,0.93,250.0,20.0,232.5,1.25,253.75,1.015,250.0,-3.75
1789775865448,1789775880490,1789776000000,btc-updown-5m-1789775700,20.0,0.08,0.92,30.0,2.4,27.6,0.15,30.15,1.005,30.0,-0.14999999999999858
1789775880571,1789775895623,1789776000000,btc-updown-5m-1789775700,20.0,0.09,0.93,185.0,16.65,172.05,0.925,189.62500000000003,1.025,185.0,-4.625000000000028
1789775895623,1789775910697,1789776000000,btc-updown-5m-1789775700,20.0,0.08,0.91,58.27,4.6616,53.02570000000001,0.29135,57.97865000000001,0.995,58.27,0.2913499999999942
1789775911109,1789775926111,1789776000000,btc-updown-5m-1789775700,20.0,0.1,0.92,59.35224212981071,5.935224212981072,54.60406275942586,0.2967612106490536,60.83604818305598,1.025,59.35224212981071,-1.4838060532452673
1789776473231,1789776488249,1789776600000,btc-updown-5m-1789776300,20.0,0.07,0.94,20.0,1.4000000000000001,18.799999999999997,0.1,20.299999999999997,1.015,20.0,-0.29999999999999716
1789776489389,1789776504401,1789776600000,btc-updown-5m-1789776300,20.0,0.07,0.94,75.0,5.250000000000001,70.5,0.375,76.125,1.015,75.0,-1.125
1789776505354,1789776520396,1789776600000,btc-updown-5m-1789776300,20.0,0.07,0.94,285.71428571428567,20.0,268.5714285714285,1.4285714285714284,289.99999999999994,1.015,285.71428571428567,-4.285714285714278
1789776520984,1789776536013,1789776600000,btc-updown-5m-1789776300,20.0,0.07,0.76,39.03,2.7321000000000004,29.6628,0.19515000000000002,32.59005,0.8350000000000001,39.03,6.439950000000003
1789776742369,1789776757412,1789776900000,btc-updown-5m-1789776600,20.0,0.14,0.87,142.85714285714283,20.0,124.28571428571426,0.7142857142857142,145.0,1.015,142.85714285714283,-2.142857142857167
1789776757979,1789776773003,1789776900000,btc-updown-5m-1789776600,20.0,0.14,0.87,85.0,11.9,73.95,0.425,86.275,1.015,85.0,-1.2750000000000057
1789776773161,1789776788181,1789776900000,btc-updown-5m-1789776600,20.0,0.14,0.98,142.85714285714283,20.0,139.99999999999997,0.7142857142857142,160.7142857142857,1.125,142.85714285714283,-17.85714285714286
1789776789162,1789776804221,1789776900000,btc-updown-5m-1789776600,20.0,0.03,0.98,146.65570629567452,4.399671188870236,143.72259216976101,0.7332785314783726,148.8555418901096,1.015,146.65570629567452,-2.1998355944350863
1789777042133,1789777057146,1789777200000,btc-updown-5m-1789776900,20.0,0.12,0.89,85.0,10.2,75.65,0.425,86.275,1.015,85.0,-1.2750000000000057
1789777057542,1789777072620,1789777200000,btc-updown-5m-1789776900,20.0,0.12,0.89,110.0,13.2,97.9,0.55,111.65,1.015,110.0,-1.6500000000000057
1789777073111,1789777088254,1789777200000,btc-updown-5m-1789776900,20.0,0.12,0.88,166.66666666666669,20.0,146.66666666666669,0.8333333333333335,167.50000000000003,1.005,166.66666666666669,-0.8333333333333428
1789777089061,1789777104083,1789777200000,btc-updown-5m-1789776900,20.0,0.13,0.88,99.62,12.950600000000001,87.6656,0.49810000000000004,101.11429999999999,1.015,99.62,-1.4942999999999813
1789777104826,1789777119873,1789777200000,btc-updown-5m-1789776900,20.0,0.13,0.88,40.70215487322697,5.291280133519506,35.817896288439734,0.20351077436613485,41.31268719632538,1.015,40.70215487322697,-0.6105323230984112
1789777446719,1789777461792,1789777500000,btc-updown-5m-1789777200,20.0,0.04,0.97,299.27,11.970799999999999,290.2919,1.4963499999999998,303.75905,1.015,299.27,-4.48905000000002
1789777462663,1789777477672,1789777500000,btc-updown-5m-1789777200,20.0,0.04,0.96,101.77,4.0708,97.69919999999999,0.50885,102.27884999999999,1.005,101.77,-0.5088499999999954
1789777477933,1789777492960,1789777500000,btc-updown-5m-1789777200,20.0,0.05,0.97,45.0,2.25,43.65,0.225,46.125,1.025,45.0,-1.125
1789777493786,1789777508789,1789777500000,btc-updown-5m-1789777200,20.0,0.04,0.44,84.3107225615588,3.372428902462352,37.09671792708588,0.421553612807794,40.89070044235602,0.485,84.3107225615588,43.420022119202784
1789778339330,1789778354372,1789778400000,btc-updown-5m-1789778100,20.0,0.03,0.98,398.82,11.964599999999999,390.8436,1.9941,404.8023,1.015,398.82,-5.982300000000009
1789778354971,1789778369985,1789778400000,btc-updown-5m-1789778100,20.0,0.03,0.98,106.26391461410365,3.1879174384231095,104.13863632182158,0.5313195730705182,107.85787333331521,1.015,106.26391461410365,-1.5939587192115567
1789778641299,1789778656576,1789778700000,btc-updown-5m-1789778400,20.0,0.08,0.93,36.58,2.9264,34.0194,0.1829,37.128699999999995,1.015,36.58,-0.5486999999999966
1789778656930,1789778671972,1789778700000,btc-updown-5m-1789778400,20.0,0.08,0.93,101.87,8.149600000000001,94.73910000000001,0.5093500000000001,103.39805000000001,1.015,101.87,-1.5280500000000075
1789778672737,1789778687775,1789778700000,btc-updown-5m-1789778400,20.0,0.08,0.92,10.0,0.8,9.200000000000001,0.05,10.050000000000002,1.005,10.0,-0.05000000000000249
1789778687874,1789778703092,1789778700000,btc-updown-5m-1789778400,20.0,0.09,0.47,53.0,4.77,24.91,0.265,29.945,0.565,53.0,23.055
1789779462445,1789779477479,1789779600000,btc-updown-5m-1789779300,20.0,0.11,0.9,181.8181818181818,20.0,163.63636363636363,0.9090909090909091,184.54545454545453,1.015,181.8181818181818,-2.7272727272727195
1789779478257,1789779493290,1789779600000,btc-updown-5m-1789779300,20.0,0.11,0.9,181.8181818181818,20.0,163.63636363636363,0.9090909090909091,184.54545454545453,1.015,181.8181818181818,-2.7272727272727195
1789779494134,1789779509247,1789779600000,btc-updown-5m-1789779300,20.0,0.11,0.9,153.3319950532536,16.866519455857894,137.99879554792824,0.766659975266268,155.6319749790524,1.015,153.3319950532536,-2.2999799257987945
1789781971768,1789781986790,1789782000000,btc-updown-5m-1789781700,20.0,0.03,0.98,140.35,4.2105,137.54299999999998,0.70175,142.45524999999998,1.015,140.35,-2.105249999999984
1789781987259,1789782002282,1789782000000,btc-updown-5m-1789781700,20.0,0.03,0.47,20.0,0.6,9.399999999999999,0.1,10.099999999999998,0.505,20.0,9.900000000000002
1789782234122,1789782249134,1789782300000,btc-updown-5m-1789782000,20.0,0.05,0.96,95.0,4.75,91.2,0.47500000000000003,96.425,1.015,95.0,-1.4249999999999972
1789782249722,1789782264742,1789782300000,btc-updown-5m-1789782000,20.0,0.05,0.96,100.0,5.0,96.0,0.5,101.5,1.015,100.0,-1.5
1789782265220,1789782280298,1789782300000,btc-updown-5m-1789782000,20.0,0.05,0.96,50.0,2.5,48.0,0.25,50.75,1.015,50.0,-0.75
1789782280692,1789782295759,1789782300000,btc-updown-5m-1789782000,20.0,0.05,0.97,225.266338122217,11.263316906110852,218.5083479785505,1.126331690611085,230.89799657527243,1.025,225.266338122217,-5.631658453055422
1789782393885,1789782408919,1789782600000,btc-updown-5m-1789782300,20.0,0.08,0.94,250.0,20.0,235.0,1.25,256.25,1.025,250.0,-6.25
1789782409345,1789782424699,1789782600000,btc-updown-5m-1789782300,20.0,0.07,0.94,92.32,6.4624,86.78079999999999,0.46159999999999995,93.70479999999999,1.015,92.32,-1.3847999999999985
1789782425007,1789782440061,1789782600000,btc-updown-5m-1789782300,20.0,0.07,0.94,109.98427314520319,7.698899120164224,103.38521675649099,0.5499213657260159,111.63403724238124,1.015,109.98427314520319,-1.6497640971780498
1789783937540,1789783952637,1789784100000,btc-updown-5m-1789783800,20.0,0.13,0.88,21.86,2.8418,19.2368,0.1093,22.1879,1.015,21.86,-0.32789999999999964
1789783952637,1789783967656,1789784100000,btc-updown-5m-1789783800,20.0,0.13,0.88,153.84615384615384,20.0,135.3846153846154,0.7692307692307692,156.15384615384616,1.015,153.84615384615384,-2.307692307692321
1789783968337,1789783983367,1789784100000,btc-updown-5m-1789783800,20.0,0.13,0.88,153.84615384615384,20.0,135.3846153846154,0.7692307692307692,156.15384615384616,1.015,153.84615384615384,-2.307692307692321
1789783983786,1789783999489,1789784100000,btc-updown-5m-1789783800,20.0,0.13,0.88,94.0,12.22,82.72,0.47000000000000003,95.41,1.015,94.0,-1.4099999999999966
1789784015164,1789784030169,1789784100000,btc-updown-5m-1789783800,20.0,0.04,0.96,0.3441060485106013,0.013764241940424051,0.3303418065701772,0.0017205302425530064,0.34582657875315426,1.005,0.3441060485106013,-0.0017205302425529756
1789784046321,1789784061353,1789784100000,btc-updown-5m-1789783800,20.0,0.05,0.95,0.9450905286238168,0.047254526431190845,0.8978360021926259,0.004725452643119084,0.9498159812669359,1.005,0.9450905286238168,-0.004725452643119077
1789789478077,1789789493131,1789789500000,btc-updown-5m-1789789200,20.0,0.02,0.98,23.0,0.46,22.54,0.115,23.115,1.005,23.0,-0.11499999999999844
1789789493618,1789789508629,1789789500000,btc-updown-5m-1789789200,20.0,0.03,0.6,188.3,5.649,112.98,0.9415000000000001,119.57050000000001,0.635,188.3,68.7295
1789789737087,1789789752112,1789789800000,btc-updown-5m-1789789500,20.0,0.04,0.97,108.58,4.3432,105.3226,0.5429,110.2087,1.015,108.58,-1.628699999999995
1789789752758,1789789767800,1789789800000,btc-updown-5m-1789789500,20.0,0.04,0.98,374.87,14.9948,367.3726,1.87435,384.24174999999997,1.025,374.87,-9.371749999999963
1789790654068,1789790669092,1789790700000,btc-updown-5m-1789790400,20.0,0.06,0.95,333.33333333333337,20.0,316.6666666666667,1.666666666666667,338.33333333333337,1.015,333.33333333333337,-5.0
1789790669601,1789790684640,1789790700000,btc-updown-5m-1789790400,20.0,0.06,0.95,131.28891532449177,7.877334919469506,124.72446955826717,0.6564445766224588,133.25824905435914,1.015,131.28891532449177,-1.9693337298673725
1789790855772,1789790871020,1789791000000,btc-updown-5m-1789790700,20.0,0.07,0.94,23.58,1.6506,22.1652,0.11789999999999999,23.933699999999998,1.015,23.58,-0.3536999999999999
1789790871442,1789790886455,1789791000000,btc-updown-5m-1789790700,20.0,0.07,0.94,75.0,5.250000000000001,70.5,0.375,76.125,1.015,75.0,-1.125
1789790886919,1789790901956,1789791000000,btc-updown-5m-1789790700,20.0,0.07,0.95,226.63,15.8641,215.2985,1.13315,232.29575,1.025,226.63,-5.665750000000003
1789790902272,1789790917298,1789791000000,btc-updown-5m-1789790700,20.0,0.06,0.95,85.53,5.1318,81.2535,0.42765000000000003,86.81295,1.015,85.53,-1.2829499999999996
1789790917471,1789790932477,1789791000000,btc-updown-5m-1789790700,20.0,0.06,0.96,8.702970025761902,0.522178201545714,8.354851224731425,0.043514850128809505,8.920544276405948,1.025,8.702970025761902,-0.21757425064404678
1789792960938,1789792975989,1789793100000,btc-updown-5m-1789792800,20.0,0.04,0.97,411.4321128469353,16.45728451387741,399.0891494615272,2.0571605642346764,417.6035945396393,1.015,411.4321128469353,-6.171481692703992
1789793621770,1789793636782,1789793700000,btc-updown-5m-1789793400,20.0,0.06,0.96,333.33333333333337,20.0,320.0,1.666666666666667,341.6666666666667,1.025,333.33333333333337,-8.333333333333314
1789793637465,1789793652769,1789793700000,btc-updown-5m-1789793400,20.0,0.05,0.96,57.59131806020991,2.8795659030104956,55.287665337801506,0.28795659030104953,58.45518783111305,1.015,57.59131806020991,-0.8638697709031433
1789795148931,1789795163970,1789795200000,btc-updown-5m-1789794900,20.0,0.14,0.87,51.95,7.2730000000000015,45.1965,0.25975000000000004,52.72925,1.015,51.95,-0.7792499999999976
1789795164381,1789795179439,1789795200000,btc-updown-5m-1789794900,20.0,0.14,0.87,20.72,2.9008000000000003,18.0264,0.1036,21.0308,1.015,20.72,-0.3108000000000004
1789795180243,1789795195267,1789795200000,btc-updown-5m-1789794900,20.0,0.14,0.87,20.72,2.9008000000000003,18.0264,0.1036,21.0308,1.015,20.72,-0.3108000000000004
1789795196135,1789795211186,1789795200000,btc-updown-5m-1789794900,20.0,0.14,0.31,142.85714285714283,20.0,44.28571428571428,0.7142857142857142,64.99999999999999,0.455,142.85714285714283,77.85714285714285
1789795680632,1789795695676,1789795800000,btc-updown-5m-1789795500,20.0,0.14,0.87,68.85,9.639,59.899499999999996,0.34425,69.88275,1.015,68.85,-1.0327500000000072
1789795696407,1789795711443,1789795800000,btc-updown-5m-1789795500,20.0,0.14,0.87,15.0,2.1,13.05,0.075,15.225,1.015,15.0,-0.22499999999999964
1789795712312,1789795727312,1789795800000,btc-updown-5m-1789795500,20.0,0.14,0.91,120.0,16.8,109.2,0.6,126.6,1.055,120.0,-6.599999999999994
1789795727818,1789795742850,1789795800000,btc-updown-5m-1789795500,20.0,0.11,0.91,93.0,10.23,84.63000000000001,0.465,95.32500000000002,1.025,93.0,-2.325000000000017
1789795743660,1789795758687,1789795800000,btc-updown-5m-1789795500,20.0,0.1,0.91,122.798977111271,12.2798977111271,111.74706917125661,0.6139948855563551,124.64096176794007,1.015,122.798977111271,-1.8419846566690694
1789797233002,1789797248010,1789797300000,btc-updown-5m-1789797000,20.0,0.04,0.97,240.18,9.6072,232.9746,1.2009,243.7827,1.015,240.18,-3.6026999999999987
1789797248563,1789797263572,1789797300000,btc-updown-5m-1789797000,20.0,0.04,0.98,159.28352200127574,6.371340880051029,156.09785156125022,0.7964176100063787,163.26561005130765,1.025,159.28352200127574,-3.982088050031905
1789797752481,1789797767525,1789797900000,btc-updown-5m-1789797600,20.0,0.09,0.92,222.22222222222223,20.0,204.44444444444446,1.1111111111111112,225.55555555555557,1.015,222.22222222222223,-3.333333333333343
1789797767944,1789797782960,1789797900000,btc-updown-5m-1789797600,20.0,0.09,0.92,168.82475651789568,15.194228086610611,155.31877599646404,0.8441237825894784,171.35712786566415,1.015,168.82475651789568,-2.532371347768475
1789798046133,1789798061196,1789798200000,btc-updown-5m-1789797900,20.0,0.1,0.91,36.02,3.6020000000000003,32.778200000000005,0.1801,36.560300000000005,1.015,36.02,-0.540300000000002
1789798061882,1789798076925,1789798200000,btc-updown-5m-1789797900,20.0,0.1,0.92,200.0,20.0,184.0,1.0,205.0,1.025,200.0,-5.0
1789798077631,1789798092645,1789798200000,btc-updown-5m-1789797900,20.0,0.09,0.92,127.22725757922736,11.450453182130461,117.04907697288917,0.6361362878961367,129.13566644291578,1.015,127.22725757922736,-1.9084088636884218
1789798140151,1789798155176,1789798200000,btc-updown-5m-1789797900,20.0,0.09,0.9,2.56,0.2304,2.3040000000000003,0.0128,2.5472,0.995,2.56,0.012799999999999923
1789799847926,1789799862942,1789800000000,btc-updown-5m-1789799700,20.0,0.05,0.97,356.82421146750806,17.841210573375403,346.11948512348283,1.7841210573375403,365.74481675419577,1.025,356.82421146750806,-8.920605286687703
1789800549654,1789800564710,1789800600000,btc-updown-5m-1789800300,20.0,0.11,0.9,6.53,0.7183,5.877000000000001,0.03265,6.627950000000001,1.015,6.53,-0.09795000000000087
1789801147188,1789801162222,1789801200000,btc-updown-5m-1789800900,20.0,0.14,0.86,6.66,0.9324000000000001,5.7276,0.0333,6.6933,1.005,6.66,-0.03329999999999966
1789801374657,1789801389669,1789801500000,btc-updown-5m-1789801200,20.0,0.14,0.9,65.0,9.100000000000001,58.5,0.325,67.925,1.045,65.0,-2.924999999999997
1789801390349,1789801405382,1789801500000,btc-updown-5m-1789801200,20.0,0.12,0.88,39.99,4.7988,35.1912,0.19995000000000002,40.18995,1.005,39.99,-0.19995000000000118
1789801406032,1789801421093,1789801500000,btc-updown-5m-1789801200,20.0,0.13,0.88,153.84615384615384,20.0,135.3846153846154,0.7692307692307692,156.15384615384616,1.015,153.84615384615384,-2.307692307692321
1789801421779,1789801436809,1789801500000,btc-updown-5m-1789801200,20.0,0.13,0.88,79.61973015353367,10.350564919959377,70.06536253510963,0.3980986507676683,80.81402610583667,1.015,79.61973015353367,-1.1942959523030083
1789801482053,1789801497130,1789801500000,btc-updown-5m-1789801200,20.0,0.002,0.999,0.01195219123505976,2.3904382470119523e-05,0.011940239043824701,5.976095617529881e-05,0.01202390438247012,1.0059999999999998,0.01195219123505976,-7.171314741035925e-05
1789802332385,1789802347461,1789802400000,btc-updown-5m-1789802100,20.0,0.02,0.99,331.3044572821141,6.626089145642282,327.99141270929294,1.6565222864105704,336.27402414134576,1.015,331.3044572821141,-4.969566859231691
1789803252089,1789803267142,1789803300000,btc-updown-5m-1789803000,20.0,0.02,0.99,325.6828311520731,6.513656623041462,322.42600284055237,1.6284141557603655,330.5680736193542,1.015,325.6828311520731,-4.885242467281103
1789803840968,1789803855981,1789803900000,btc-updown-5m-1789803600,20.0,0.07,0.95,176.59,12.361300000000002,167.7605,0.88295,181.00475,1.025,176.59,-4.414749999999998
1789803856815,1789803871850,1789803900000,btc-updown-5m-1789803600,20.0,0.06,0.95,57.0,3.42,54.15,0.28500000000000003,57.855,1.015,57.0,-0.8549999999999969
1789803872444,1789803887459,1789803900000,btc-updown-5m-1789803600,20.0,0.06,0.96,28.57,1.7142,27.4272,0.14285,29.284249999999997,1.025,28.57,-0.7142499999999963
1789803888167,1789803903194,1789803900000,btc-updown-5m-1789803600,20.0,0.05,0.49,34.65,1.7325,16.9785,0.17325,18.884249999999998,0.545,34.65,15.76575
1789804338110,1789804353130,1789804500000,btc-updown-5m-1789804200,20.0,0.11,0.9,100.83,11.0913,90.747,0.50415,102.34245,1.015,100.83,-1.5124500000000012
1789804353466,1789804368518,1789804500000,btc-updown-5m-1789804200,20.0,0.11,0.91,127.81,14.0591,116.3071,0.63905,131.00525,1.025,127.81,-3.1952499999999873
1789804368957,1789804383964,1789804500000,btc-updown-5m-1789804200,20.0,0.1,0.91,59.49871358142048,5.949871358142048,54.14382935909264,0.2974935679071024,60.39119428514179,1.015,59.49871358142048,-0.8924807037213114
1789804726919,1789804741930,1789804800000,btc-updown-5m-1789804500,20.0,0.14,0.87,133.99,18.758600000000005,116.57130000000001,0.66995,135.99985,1.015,133.99,-2.00985
1789804742259,1789804757274,1789804800000,btc-updown-5m-1789804500,20.0,0.14,0.87,142.85714285714283,20.0,124.28571428571426,0.7142857142857142,145.0,1.015,142.85714285714283,-2.142857142857167
1789805230944,1789805246012,1789805400000,btc-updown-5m-1789805100,20.0,0.09,0.93,222.22222222222223,20.0,206.66666666666669,1.1111111111111112,227.7777777777778,1.025,222.22222222222223,-5.555555555555571
1789805246488,1789805261582,1789805400000,btc-updown-5m-1789805100,20.0,0.08,0.93,37.852889045752164,3.028231123660173,35.20318681254952,0.18926444522876082,38.420682381438446,1.015,37.852889045752164,-0.5677933356862823
1789805542424,1789805557595,1789805700000,btc-updown-5m-1789805400,20.0,0.14,0.87,133.32,18.6648,115.9884,0.6666,135.3198,1.015,133.32,-1.9997999999999934
1789805558224,1789805573303,1789805700000,btc-updown-5m-1789805400,20.0,0.14,0.88,118.46400519921777,16.58496072789049,104.24832457531163,0.5923200259960888,121.4256053291982,1.025,118.46400519921777,-2.9616001299804395
1789806077239,1789806092252,1789806300000,btc-updown-5m-1789806000,20.0,0.06,0.94,12.0,0.72,11.28,0.06,12.06,1.005,12.0,-0.0600000000000005
1789806093481,1789806108503,1789806300000,btc-updown-5m-1789806000,20.0,0.07,0.94,181.0,12.670000000000002,170.14,0.905,183.715,1.015,181.0,-2.7150000000000034
1789806109665,1789806124685,1789806300000,btc-updown-5m-1789806000,20.0,0.07,0.94,40.750697101190525,2.852548797083337,38.30565527511909,0.20375348550595263,41.36195755770838,1.015,40.750697101190525,-0.6112604565178543
1789806125455,1789806140489,1789806300000,btc-updown-5m-1789806000,20.0,0.07,0.94,1.5011197607709645,0.10507838325396752,1.4110525751247065,0.007505598803854823,1.5236365571825288,1.015,1.5011197607709645,-0.022516796411564233
1789807145187,1789807160223,1789807200000,btc-updown-5m-1789806900,20.0,0.03,0.98,230.59101059227416,6.917730317768225,225.97919038042866,1.1529550529613708,234.04987575115825,1.015,230.59101059227416,-3.4588651588840946
1789807740692,1789807755835,1789807800000,btc-updown-5m-1789807500,20.0,0.06,0.95,77.0,4.62,73.14999999999999,0.385,78.155,1.015,77.0,-1.1550000000000011
1789807756236,1789807771270,1789807800000,btc-updown-5m-1789807500,20.0,0.06,0.95,67.0,4.02,63.65,0.335,68.005,1.015,67.0,-1.0049999999999955
1789807772004,1789807787035,1789807800000,btc-updown-5m-1789807500,20.0,0.06,0.95,47.97,2.8781999999999996,45.5715,0.23985,48.68955,1.015,47.97,-0.7195499999999981
1789807787893,1789807802923,1789807800000,btc-updown-5m-1789807500,20.0,0.06,0.5,5.0,0.3,2.5,0.025,2.8249999999999997,0.5650000000000001,5.0,2.1750000000000003
1789808614267,1789808629300,1789808700000,btc-updown-5m-1789808400,20.0,0.07,0.94,91.72,6.420400000000001,86.21679999999999,0.4586,93.0958,1.015,91.72,-1.3757999999999981
1789808629850,1789808644866,1789808700000,btc-updown-5m-1789808400,20.0,0.07,0.93,84.0,5.880000000000001,78.12,0.42,84.42,1.005,84.0,-0.4200000000000017
1789808645270,1789808660309,1789808700000,btc-updown-5m-1789808400,20.0,0.08,0.93,16.26651908483414,1.3013215267867313,15.127862748895751,0.0813325954241707,16.510516871106653,1.015,16.26651908483414,-0.24399778627251223
1789808834562,1789808849578,1789809000000,btc-updown-5m-1789808700,20.0,0.08,0.93,191.08130237181456,15.286504189745164,177.70561120578756,0.9554065118590728,193.9475219073918,1.015,191.08130237181456,-2.866219535577244
1789809820251,1789809835290,1789809900000,btc-updown-5m-1789809600,20.0,0.02,0.99,99.0,1.98,98.01,0.495,100.48500000000001,1.015,99.0,-1.4850000000000136
1789809835939,1789809850985,1789809900000,btc-updown-5m-1789809600,20.0,0.02,0.99,85.37,1.7074,84.5163,0.42685,86.65055000000001,1.015,85.37,-1.2805500000000052
1789809851813,1789809866851,1789809900000,btc-updown-5m-1789809600,20.0,0.02,0.99,3.877338248071818,0.07754676496143637,3.8385648655911,0.01938669124035909,3.9354983217928954,1.015,3.877338248071818,-0.05816007372107723
1789809867060,1789809882085,1789809900000,btc-updown-5m-1789809600,20.0,0.02,0.98,0.4137326066185601,0.008274652132371201,0.4054579544861889,0.0020686630330928003,0.41580126965165287,1.005,0.4137326066185601,-0.002068663033092777
1789811223161,1789811238196,1789811400000,btc-updown-5m-1789811100,20.0,0.04,0.97,179.51770807839875,7.18070832313595,174.1321768360468,0.8975885403919938,182.21047369957475,1.015,179.51770807839875,-2.692765621175994
1789812735693,1789812750909,1789812900000,btc-updown-5m-1789812600,20.0,0.1,0.92,172.93473275020477,17.293473275020478,159.0999541301884,0.8646736637510238,177.25810106895992,1.025,172.93473275020477,-4.3233683187551435
1789813332015,1789813347049,1789813500000,btc-updown-5m-1789813200,20.0,0.12,0.89,166.66666666666669,20.0,148.33333333333334,0.8333333333333335,169.16666666666669,1.015,166.66666666666669,-2.5
1789813363009,1789813378058,1789813500000,btc-updown-5m-1789813200,20.0,0.13,0.87,3.3016828400146196,0.42921876920190055,2.872464070812719,0.0165084142000731,3.318191254214693,1.005,3.3016828400146196,-0.016508414200073318
1789814859855,1789814874863,1789815000000,btc-updown-5m-1789814700,20.0,0.06,0.95,138.0,8.28,131.1,0.6900000000000001,140.07,1.015,138.0,-2.069999999999993
1789814875233,1789814890274,1789815000000,btc-updown-5m-1789814700,20.0,0.06,0.95,22.13502058154621,1.3281012348927725,21.0282695524689,0.11067510290773105,22.467045890269404,1.015,22.13502058154621,-0.3320253087231926
1789815755019,1789815770038,1789815900000,btc-updown-5m-1789815600,20.0,0.06,0.95,129.43,7.7658000000000005,122.9585,0.64715,131.37145,1.015,129.43,-1.9414500000000032
1789815770408,1789815785424,1789815900000,btc-updown-5m-1789815600,20.0,0.06,0.95,6.215393581992466,0.37292361491954795,5.904623902892843,0.03107696790996233,6.308624485722354,1.015,6.215393581992466,-0.09323090372988752
1789818541616,1789818556632,1789818600000,btc-updown-5m-1789818300,20.0,0.14,0.86,95.0,13.3,81.7,0.47500000000000003,95.475,1.005,95.0,-0.4749999999999943
1789819633534,1789819648567,1789819800000,btc-updown-5m-1789819500,20.0,0.11,0.9,78.24,8.606399999999999,70.416,0.3912,79.41359999999999,1.015,78.24,-1.1735999999999933
1789819648670,1789819663675,1789819800000,btc-updown-5m-1789819500,20.0,0.11,0.9,40.65806646786856,4.472387311465542,36.592259821081704,0.2032903323393428,41.267937464886586,1.015,40.65806646786856,-0.609870997018028
1789820296441,1789820311459,1789820400000,btc-updown-5m-1789820100,20.0,0.14,0.87,50.0,7.000000000000001,43.5,0.25,50.75,1.015,50.0,-0.75
1789820311976,1789820327017,1789820400000,btc-updown-5m-1789820100,20.0,0.14,0.87,55.09956473458932,7.713939062842506,47.93662131909271,0.2754978236729466,55.926058205608165,1.015,55.09956473458932,-0.8264934710188427
1789820857124,1789820872164,1789821000000,btc-updown-5m-1789820700,20.0,0.07,0.94,108.38305668996374,7.586813968297462,101.88007328856591,0.5419152834498187,110.0088025403132,1.015,108.38305668996374,-1.6257458503494604
1789820997915,1789821012931,1789821000000,btc-updown-5m-1789820700,20.0,0.06,0.44,0.7685178821973347,0.04611107293184008,0.3381478681668273,0.003842589410986674,0.38810153050965407,0.505,0.7685178821973347,0.3804163516876807
1789821751938,1789821766968,1789821900000,btc-updown-5m-1789821600,20.0,0.13,0.88,43.86,5.7018,38.5968,0.2193,44.5179,1.015,43.86,-0.6578999999999979
1789821767602,1789821782638,1789821900000,btc-updown-5m-1789821600,20.0,0.13,0.89,40.961171707319785,5.324952321951573,36.45544281951461,0.20480585853659894,41.98520100000278,1.025,40.961171707319785,-1.0240292926829966
1789822338628,1789822353674,1789822500000,btc-updown-5m-1789822200,20.0,0.06,0.95,82.45114728377807,4.947068837026684,78.32858991958916,0.41225573641889035,83.68791449303474,1.015,82.45114728377807,-1.2367672092566693
1789822353977,1789822368977,1789822500000,btc-updown-5m-1789822200,20.0,0.06,0.95,0.8533430741477427,0.05120058444886456,0.8106759204403555,0.004266715370738714,0.8661432202599588,1.015,0.8533430741477427,-0.012800146112216138
1789822369568,1789822384600,1789822500000,btc-updown-5m-1789822200,20.0,0.06,0.93,0.4027089265161636,0.024162535590969814,0.37451930166003217,0.002013544632580818,0.4006953818835828,0.995,0.4027089265161636,0.0020135446325807993
1789823065912,1789823080951,1789823100000,btc-updown-5m-1789822800,20.0,0.08,0.93,21.47,1.7176,19.9671,0.10735,21.79205,1.015,21.47,-0.32205000000000084
1789823081485,1789823096519,1789823100000,btc-updown-5m-1789822800,20.0,0.08,0.94,36.25503487034575,2.9004027896276603,34.079732778125006,0.18127517435172877,37.161410742104394,1.025,36.25503487034575,-0.906375871758641
1789823850775,1789823865809,1789824000000,btc-updown-5m-1789823700,20.0,0.04,0.97,40.01357422599564,1.6005429690398256,38.81316699921577,0.2000678711299782,40.61377783938558,1.015,40.01357422599564,-0.6002036133899367
1789824816763,1789824831797,1789824900000,btc-updown-5m-1789824600,20.0,0.07,0.94,3.39,0.23730000000000004,3.1866,0.01695,3.4408499999999997,1.015,3.39,-0.05084999999999962
