market_slug,first_ts,duration
btc-updown-15m-1789764300,1789764300375,15m
btc-updown-5m-1789764300,1789764305303,5m
btc-updown-5m-1789764600,1789764600398,5m
btc-updown-5m-1789764900,1789764900763,5m
btc-updown-5m-1789765200,1789765200486,5m
btc-updown-15m-1789765200,1789765200614,15m
btc-updown-5m-1789765500,1789765500933,5m
btc-updown-5m-1789765800,1789765801838,5m
btc-updown-15m-1789766100,1789766101746,15m
btc-updown-5m-1789766100,1789766101903,5m
btc-updown-5m-1789766400,1789766404121,5m
btc-updown-5m-1789766700,1789766703624,5m
btc-updown-15m-1789767000,1789767000871,15m
btc-updown-5m-1789767000,1789767001742,5m
btc-updown-5m-1789767300,1789767300534,5m
btc-updown-5m-1789767600,1789767600827,5m
btc-updown-5m-1789767900,1789767900788,5m
btc-updown-15m-1789767900,1789767901219,15m
btc-updown-5m-1789768200,1789768200823,5m
btc-updown-5m-1789768500,1789768502180,5m
btc-updown-15m-1789768800,1789768801170,15m
btc-updown-5m-1789768800,1789768801546,5m
btc-updown-5m-1789769100,1789769102499,5m
btc-updown-5m-1789769400,1789769400803,5m
btc-updown-5m-1789769700,1789769701205,5m
btc-updown-15m-1789769700,1789769701982,15m
btc-updown-5m-1789770000,1789770001696,5m
btc-updown-5m-1789770300,1789770300367,5m
btc-updown-15m-1789770600,1789770601903,15m
btc-updown-5m-1789770600,1789770602056,5m
btc-updown-5m-1789770900,1789770904450,5m
btc-updown-5m-1789771200,1789771201933,5m
btc-updown-5m-1789771500,1789771501571,5m
btc-updown-15m-1789771500,1789771501624,15m
btc-updown-5m-1789771800,1789771800365,5m
btc-updown-5m-1789772100,1789772100408,5m
btc-updown-5m-1789772400,1789772400286,5m
btc-updown-15m-1789772400,1789772401232,15m
btc-updown-5m-1789772700,1789772704942,5m
btc-updown-5m-1789773000,1789773001612,5m
btc-updown-5m-1789773300,1789773302123,5m
btc-updown-15m-1789773300,1789773302198,15m
btc-updown-5m-1789773600,1789773600694,5m
btc-updown-5m-1789773900,1789773901572,5m
btc-updown-15m-1789774200,1789774200768,15m
btc-updown-5m-1789774200,1789774203405,5m
btc-updown-5m-1789774500,1789774501208,5m
btc-updown-5m-1789774800,1789774801964,5m
btc-updown-5m-1789775100,1789775102091,5m
btc-updown-15m-1789775100,1789775102226,15m
btc-updown-5m-1789775400,1789775404849,5m
btc-updown-5m-1789775700,1789775701061,5m
btc-updown-15m-1789776000,1789776001379,15m
btc-updown-5m-1789776000,1789776004629,5m
btc-updown-5m-1789776300,1789776302207,5m
btc-updown-5m-1789776600,1789776600361,5m
btc-updown-15m-1789776900,1789776900766,15m
btc-updown-5m-1789776900,1789776901091,5m
btc-updown-5m-1789777200,1789777201129,5m
btc-updown-5m-1789777500,1789777501141,5m
btc-updown-15m-1789777800,1789777800736,15m
btc-updown-5m-1789777800,1789777800901,5m
btc-updown-5m-1789778100,1789778100383,5m
btc-updown-5m-1789778400,1789778401729,5m
btc-updown-5m-1789778700,1789778701786,5m
btc-updown-15m-1789778700,1789778701951,15m
btc-updown-5m-1789779000,1789779000376,5m
btc-updown-5m-1789779300,1789779302121,5m
btc-updown-5m-1789779600,1789779601581,5m
btc-updown-15m-1789779600,1789779602539,15m
btc-updown-5m-1789779900,1789779901036,5m
btc-updown-5m-1789780200,1789780201316,5m
btc-updown-15m-1789780500,1789780500318,15m
btc-updown-5m-1789780500,1789780503575,5m
btc-updown-5m-1789780800,1789780800368,5m
btc-updown-5m-1789781100,1789781101067,5m
btc-updown-15m-1789781400,1789781401301,15m
btc-updown-5m-1789781400,1789781403989,5m
btc-updown-5m-1789781700,1789781701072,5m
btc-updown-5m-1789782000,1789782001596,5m
btc-updown-15m-1789782300,1789782300401,15m
btc-updown-5m-1789782300,1789782301849,5m
btc-updown-5m-1789782600,1789782600818,5m
btc-updown-5m-1789782900,1789782901639,5m
btc-updown-15m-1789783200,1789783200766,15m
btc-updown-5m-1789783200,1789783204115,5m
btc-updown-5m-1789783500,1789783504208,5m
btc-updown-5m-1789783800,1789783800543,5m
btc-updown-5m-1789784100,1789784102132,5m
btc-updown-15m-1789784100,1789784104673,15m
btc-updown-5m-1789784400,1789784400874,5m
btc-updown-5m-1789784700,1789784701011,5m
btc-updown-15m-1789785000,1789785000575,15m
btc-updown-5m-1789785000,1789785000639,5m
btc-updown-5m-1789785300,1789785300485,5m
btc-updown-5m-1789785600,1789785600942,5m
btc-updown-5m-1789785900,1789785901457,5m
btc-updown-15m-1789785900,1789785903195,15m
btc-updown-5m-1789786200,1789786201945,5m
btc-updown-5m-1789786500,1789786501788,5m
btc-updown-5m-1789786800,1789786801256,5m
btc-updown-15m-1789786800,1789786802063,15m
btc-updown-5m-1789787100,1789787105086,5m
btc-updown-5m-1789787400,1789787400438,5m
btc-updown-15m-1789787700,1789787700306,15m
btc-updown-5m-1789787700,1789787701164,5m
btc-updown-5m-1789788000,1789788000697,5m
btc-updown-5m-1789788300,1789788304826,5m
btc-updown-15m-1789788600,1789788600435,15m
btc-updown-5m-1789788600,1789788602287,5m
btc-updown-5m-1789788900,1789788900303,5m
btc-updown-5m-1789789200,1789789200277,5m
btc-updown-15m-1789789500,1789789501133,15m
btc-updown-5m-1789789500,1789789502049,5m
btc-updown-5m-1789789800,1789789801873,5m
btc-updown-5m-1789790100,1789790101897,5m
btc-updown-15m-1789790400,1789790400343,15m
btc-updown-5m-1789790400,1789790401587,5m
btc-updown-5m-1789790700,1789790701761,5m
btc-updown-5m-1789791000,1789791000686,5m
btc-updown-5m-1789791300,1789791300300,5m
btc-updown-15m-1789791300,1789791301538,15m
btc-updown-5m-1789791600,1789791604341,5m
btc-updown-5m-1789791900,1789791901262,5m
btc-updown-15m-1789792200,1789792200589,15m
btc-updown-5m-1789792200,1789792201332,5m
btc-updown-5m-1789792500,1789792501561,5m
btc-updown-5m-1789792800,1789792802152,5m
btc-updown-5m-1789793100,1789793100616,5m
btc-updown-15m-1789793100,1789793100705,15m
btc-updown-5m-1789793400,1789793404736,5m
btc-updown-5m-1789793700,1789793702496,5m
btc-updown-15m-1789794000,1789794001223,15m
btc-updown-5m-1789794000,1789794005058,5m
btc-updown-5m-1789794300,1789794304763,5m
btc-updown-5m-1789794600,1789794600654,5m
btc-updown-5m-1789794900,1789794901464,5m
btc-updown-15m-1789794900,1789794902260,15m
btc-updown-5m-1789795200,1789795201016,5m
btc-updown-5m-1789795500,1789795503907,5m
btc-updown-5m-1789795800,1789795800560,5m
btc-updown-15m-1789795800,1789795801370,15m
btc-updown-5m-1789796100,1789796101426,5m
btc-updown-5m-1789796400,1789796403032,5m
btc-updown-5m-1789796700,1789796701187,5m
btc-updown-15m-1789796700,1789796701648,15m
btc-updown-5m-1789797000,1789797000945,5m
btc-updown-5m-1789797300,1789797300617,5m
btc-updown-5m-1789797600,1789797600653,5m
btc-updown-15m-1789797600,1789797601067,15m
btc-updown-5m-1789797900,1789797903109,5m
btc-updown-5m-1789798200,1789798202296,5m
btc-updown-5m-1789798500,1789798500547,5m
btc-updown-15m-1789798500,1789798500982,15m
btc-updown-5m-1789798800,1789798800395,5m
btc-updown-5m-1789799100,1789799101812,5m
btc-updown-15m-1789799400,1789799400984,15m
btc-updown-5m-1789799400,1789799401051,5m
btc-updown-5m-1789799700,1789799701523,5m
btc-updown-5m-1789800000,1789800000590,5m
btc-updown-5m-1789800300,1789800300343,5m
btc-updown-15m-1789800300,1789800302030,15m
btc-updown-5m-1789800600,1789800602229,5m
btc-updown-5m-1789800900,1789800901886,5m
btc-updown-15m-1789801200,1789801201259,15m
btc-updown-5m-1789801200,1789801201547,5m
btc-updown-5m-1789801500,1789801501624,5m
btc-updown-5m-1789801800,1789801804742,5m
btc-updown-5m-1789802100,1789802101663,5m
btc-updown-15m-1789802100,1789802101838,15m
btc-updown-5m-1789802400,1789802401448,5m
btc-updown-5m-1789802700,1789802701782,5m
btc-updown-15m-1789803000,1789803001116,15m
btc-updown-5m-1789803000,1789803003217,5m
btc-updown-5m-1789803300,1789803300938,5m
btc-updown-5m-1789803600,1789803601895,5m
btc-updown-5m-1789803900,1789803900651,5m
btc-updown-15m-1789803900,1789803904538,15m
btc-updown-5m-1789804200,1789804204061,5m
btc-updown-5m-1789804500,1789804500711,5m
btc-updown-5m-1789804800,1789804801074,5m
btc-updown-15m-1789804800,1789804801330,15m
btc-updown-5m-1789805100,1789805101430,5m
btc-updown-5m-1789805400,1789805401119,5m
btc-updown-5m-1789805700,1789805701457,5m
btc-updown-15m-1789805700,1789805702241,15m
btc-updown-5m-1789806000,1789806001440,5m
btc-updown-5m-1789806300,1789806301875,5m
btc-updown-15m-1789806600,1789806601367,15m
btc-updown-5m-1789806600,1789806601690,5m
btc-updown-5m-1789806900,1789806900622,5m
btc-updown-5m-1789807200,1789807201097,5m
btc-updown-5m-1789807500,1789807500980,5m
btc-updown-15m-1789807500,1789807501551,15m
btc-updown-5m-1789807800,1789807800889,5m
btc-updown-5m-1789808100,1789808102847,5m
btc-updown-5m-1789808400,1789808400434,5m
btc-updown-15m-1789808400,1789808401130,15m
btc-updown-5m-1789808700,1789808700780,5m
btc-updown-5m-1789809000,1789809001616,5m
btc-updown-15m-1789809300,1789809300330,15m
btc-updown-5m-1789809300,1789809300776,5m
btc-updown-5m-1789809600,1789809602547,5m
btc-updown-5m-1789809900,1789809900633,5m
btc-updown-15m-1789810200,1789810200931,15m
btc-updown-5m-1789810200,1789810201065,5m
btc-updown-5m-1789810500,1789810501077,5m
btc-updown-5m-1789810800,1789810801634,5m
btc-updown-15m-1789811100,1789811100845,15m
btc-updown-5m-1789811100,1789811101686,5m
btc-updown-5m-1789811400,1789811401435,5m
btc-updown-5m-1789811700,1789811701775,5m
btc-updown-5m-1789812000,1789812000990,5m
btc-updown-15m-1789812000,1789812001286,15m
btc-updown-5m-1789812300,1789812301383,5m
btc-updown-5m-1789812600,1789812601109,5m
btc-updown-15m-1789812900,1789812901421,15m
btc-updown-5m-1789812900,1789812904077,5m
btc-updown-5m-1789813200,1789813200759,5m
btc-updown-5m-1789813500,1789813502552,5m
btc-updown-5m-1789813800,1789813800983,5m
btc-updown-15m-1789813800,1789813801912,15m
btc-updown-5m-1789814100,1789814103524,5m
btc-updown-5m-1789814400,1789814402641,5m
btc-updown-15m-1789814700,1789814701039,15m
btc-updown-5m-1789814700,1789814704084,5m
btc-updown-5m-1789815000,1789815000835,5m
btc-updown-5m-1789815300,1789815302042,5m
btc-updown-15m-1789815600,1789815600450,15m
btc-updown-5m-1789815600,1789815602072,5m
btc-updown-5m-1789815900,1789815903471,5m
btc-updown-5m-1789816200,1789816200749,5m
btc-updown-5m-1789816500,1789816501050,5m
btc-updown-15m-1789816500,1789816501753,15m
btc-updown-5m-1789816800,1789816801474,5m
btc-updown-5m-1789817100,1789817102768,5m
btc-updown-15m-1789817400,1789817401644,15m
btc-updown-5m-1789817400,1789817401776,5m
btc-updown-5m-1789817700,1789817701424,5m
btc-updown-5m-1789818000,1789818002972,5m
btc-updown-15m-1789818300,1789818301006,15m
btc-updown-5m-1789818300,1789818301028,5m
btc-updown-5m-1789818600,1789818601680,5m
btc-updown-5m-1789818900,1789818902220,5m
btc-updown-15m-1789819200,1789819201747,15m
btc-updown-5m-1789819200,1789819201766,5m
btc-updown-5m-1789819500,1789819501824,5m
btc-updown-5m-1789819800,1789819801255,5m
btc-updown-5m-1789820100,1789820100854,5m
btc-updown-15m-1789820100,1789820100978,15m
btc-updown-5m-1789820400,1789820402879,5m
btc-updown-5m-1789820700,1789820701664,5m
btc-updown-5m-1789821000,1789821001157,5m
btc-updown-15m-1789821000,1789821001609,15m
btc-updown-5m-1789821300,1789821300402,5m
btc-updown-5m-1789821600,1789821602152,5m
btc-updown-5m-1789821900,1789821901247,5m
btc-updown-15m-1789821900,1789821901581,15m
btc-updown-5m-1789822200,1789822204735,5m
btc-updown-5m-1789822500,1789822501010,5m
btc-updown-5m-1789822800,1789822800914,5m
btc-updown-15m-1789822800,1789822801236,15m
btc-updown-5m-1789823100,1789823101653,5m
btc-updown-5m-1789823400,1789823404104,5m
btc-updown-5m-1789823700,1789823700347,5m
btc-updown-15m-1789823700,1789823701906,15m
btc-updown-5m-1789824000,1789824003134,5m
btc-updown-5m-1789824300,1789824301133,5m
btc-updown-15m-1789824600,1789824600763,15m
btc-updown-5m-1789824600,1789824601198,5m
btc-updown-5m-1789824900,1789824901277,5m
btc-updown-5m-1789825200,1789825200476,5m
btc-updown-5m-1789825500,1789825500605,5m
btc-updown-15m-1789825500,1789825500981,15m
btc-updown-5m-1789825800,1789825800845,5m
btc-updown-5m-1789826100,1789826101574,5m
btc-updown-5m-1789826400,1789826401289,5m
btc-updown-15m-1789826400,1789826402162,15m
btc-updown-5m-1789826700,1789826701047,5m
btc-updown-5m-1789827000,1789827002584,5m
btc-updown-15m-1789827300,1789827301394,15m
btc-updown-5m-1789827300,1789827301423,5m
btc-updown-5m-1789827600,1789827600664,5m
btc-updown-5m-1789827900,1789827902113,5m
btc-updown-15m-1789828200,1789828201653,15m
btc-updown-5m-1789828200,1789828204874,5m
btc-updown-5m-1789828500,1789828501936,5m
btc-updown-5m-1789828800,1789828801416,5m
btc-updown-5m-1789829100,1789829101098,5m
btc-updown-15m-1789829100,1789829101112,15m
btc-updown-5m-1789829400,1789829401680,5m
btc-updown-5m-1789829700,1789829700821,5m
btc-updown-5m-1789830000,1789830002024,5m
btc-updown-15m-1789830000,1789830003395,15m
btc-updown-5m-1789830300,1789830300420,5m
btc-updown-5m-1789830600,1789830601388,5m
btc-updown-15m-1789830900,1789830902357,15m
btc-updown-5m-1789830900,1789830902482,5m
btc-updown-5m-1789831200,1789831202180,5m
btc-updown-5m-1789831500,1789831503677,5m
btc-updown-5m-1789831800,1789831801799,5m
btc-updown-15m-1789831800,1789831801851,15m
btc-updown-5m-1789832100,1789832102192,5m
btc-updown-5m-1789832400,1789832403159,5m
btc-updown-5m-1789832700,1789832701019,5m
btc-updown-15m-1789832700,1789832701979,15m
btc-updown-5m-1789833000,1789833001652,5m
btc-updown-5m-1789833300,1789833300626,5m
btc-updown-15m-1789833600,1789833601931,15m
btc-updown-5m-1789833600,1789833602257,5m
btc-updown-5m-1789833900,1789833900666,5m
btc-updown-5m-1789834200,1789834201683,5m
btc-updown-5m-1789834500,1789834500387,5m
btc-updown-15m-1789834500,1789834501012,15m
btc-updown-5m-1789834800,1789834802293,5m
btc-updown-5m-1789835100,1789835100337,5m
btc-updown-5m-1789835400,1789835401178,5m
btc-updown-15m-1789835400,1789835401507,15m
btc-updown-5m-1789835700,1789835703381,5m
btc-updown-5m-1789836000,1789836000382,5m
btc-updown-5m-1789836300,1789836301861,5m
btc-updown-15m-1789836300,1789836302999,15m
btc-updown-5m-1789836600,1789836600866,5m
btc-updown-5m-1789836900,1789836901935,5m
btc-updown-15m-1789837200,1789837200924,15m
btc-updown-5m-1789837200,1789837201323,5m
btc-updown-5m-1789837500,1789837502960,5m
