market_slug,market_duration,first_ts,last_ts,rows,conditions,split,market_start_ms,market_end_ms
btc-updown-15m-1789764300,15m,1789764300375,1789765199614,1674,1,train,1789764300000,1789765200000
btc-updown-5m-1789764300,5m,1789764305303,1789764599099,532,1,train,1789764300000,1789764600000
btc-updown-5m-1789764600,5m,1789764600398,1789764899760,570,1,train,1789764600000,1789764900000
btc-updown-5m-1789764900,5m,1789764900763,1789765199458,570,1,train,1789764900000,1789765200000
btc-updown-5m-1789765200,5m,1789765200486,1789765499889,554,1,train,1789765200000,1789765500000
btc-updown-15m-1789765200,15m,1789765200614,1789766099716,1662,1,train,1789765200000,1789766100000
btc-updown-5m-1789765500,5m,1789765500933,1789765799411,562,1,train,1789765500000,1789765800000
btc-updown-5m-1789765800,5m,1789765801838,1789766022993,414,1,train,1789765800000,1789766100000
btc-updown-15m-1789766100,15m,1789766101746,1789766999842,1694,1,train,1789766100000,1789767000000
btc-updown-5m-1789766100,5m,1789766101903,1789766382804,516,1,train,1789766100000,1789766400000
btc-updown-5m-1789766400,5m,1789766404121,1789766687366,544,1,train,1789766400000,1789766700000
btc-updown-5m-1789766700,5m,1789766703624,1789766980957,516,1,train,1789766700000,1789767000000
btc-updown-15m-1789767000,15m,1789767000871,1789767899342,1698,1,train,1789767000000,1789767900000
btc-updown-5m-1789767000,5m,1789767001742,1789767299512,564,1,train,1789767000000,1789767300000
btc-updown-5m-1789767300,5m,1789767300534,1789767539777,456,1,train,1789767300000,1789767600000
btc-updown-5m-1789767600,5m,1789767600827,1789767899768,556,1,train,1789767600000,1789767900000
btc-updown-5m-1789767900,5m,1789767900788,1789768199726,560,1,train,1789767900000,1789768200000
btc-updown-15m-1789767900,15m,1789767901219,1789768799601,1708,1,train,1789767900000,1789768800000
btc-updown-5m-1789768200,5m,1789768200823,1789768499928,568,1,train,1789768200000,1789768500000
btc-updown-5m-1789768500,5m,1789768502180,1789768799622,568,1,train,1789768500000,1789768800000
btc-updown-15m-1789768800,15m,1789768801170,1789769699695,1700,1,train,1789768800000,1789769700000
btc-updown-5m-1789768800,5m,1789768801546,1789769099630,566,1,train,1789768800000,1789769100000
btc-updown-5m-1789769100,5m,1789769102499,1789769318624,410,1,train,1789769100000,1789769400000
btc-updown-5m-1789769400,5m,1789769400803,1789769580745,340,1,train,1789769400000,1789769700000
btc-updown-5m-1789769700,5m,1789769701205,1789769905803,392,1,train,1789769700000,1789770000000
btc-updown-15m-1789769700,15m,1789769701982,1789770597873,1700,1,train,1789769700000,1789770600000
btc-updown-5m-1789770000,5m,1789770001696,1789770231798,434,1,train,1789770000000,1789770300000
btc-updown-5m-1789770300,5m,1789770300367,1789770599103,570,1,train,1789770300000,1789770600000
btc-updown-15m-1789770600,15m,1789770601903,1789771371472,1458,1,train,1789770600000,1789771500000
btc-updown-5m-1789770600,5m,1789770602056,1789770888112,546,1,train,1789770600000,1789770900000
btc-updown-5m-1789770900,5m,1789770904450,1789771147742,456,1,train,1789770900000,1789771200000
btc-updown-5m-1789771200,5m,1789771201933,1789771499945,570,1,train,1789771200000,1789771500000
btc-updown-5m-1789771500,5m,1789771501571,1789771799261,574,1,train,1789771500000,1789771800000
btc-updown-15m-1789771500,15m,1789771501624,1789772400160,1706,1,train,1789771500000,1789772400000
btc-updown-5m-1789771800,5m,1789771800365,1789772094780,564,1,train,1789771800000,1789772100000
btc-updown-5m-1789772100,5m,1789772100408,1789772399145,566,1,train,1789772100000,1789772400000
btc-updown-5m-1789772400,5m,1789772400286,1789772684104,526,1,train,1789772400000,1789772700000
btc-updown-15m-1789772400,15m,1789772401232,1789773300031,1706,1,train,1789772400000,1789773300000
btc-updown-5m-1789772700,5m,1789772704942,1789772951142,464,1,train,1789772700000,1789773000000
btc-updown-5m-1789773000,5m,1789773001612,1789773299558,568,1,train,1789773000000,1789773300000
btc-updown-5m-1789773300,5m,1789773302123,1789773599678,572,1,train,1789773300000,1789773600000
btc-updown-15m-1789773300,15m,1789773302198,1789774199737,1702,1,train,1789773300000,1789774200000
btc-updown-5m-1789773600,5m,1789773600694,1789773899842,570,1,train,1789773600000,1789773900000
btc-updown-5m-1789773900,5m,1789773901572,1789774197028,560,1,train,1789773900000,1789774200000
btc-updown-15m-1789774200,15m,1789774200768,1789775048215,1542,1,train,1789774200000,1789775100000
btc-updown-5m-1789774200,5m,1789774203405,1789774479946,512,1,train,1789774200000,1789774500000
btc-updown-5m-1789774500,5m,1789774501208,1789774732208,428,1,train,1789774500000,1789774800000
btc-updown-5m-1789774800,5m,1789774801964,1789775099399,562,1,train,1789774800000,1789775100000
btc-updown-5m-1789775100,5m,1789775102091,1789775399336,572,1,train,1789775100000,1789775400000
btc-updown-15m-1789775100,15m,1789775102226,1789775999874,1700,1,train,1789775100000,1789776000000
btc-updown-5m-1789775400,5m,1789775404849,1789775689841,542,1,train,1789775400000,1789775700000
btc-updown-5m-1789775700,5m,1789775701061,1789775993282,538,1,train,1789775700000,1789776000000
btc-updown-15m-1789776000,15m,1789776001379,1789776899471,1684,1,train,1789776000000,1789776900000
btc-updown-5m-1789776000,5m,1789776004629,1789776299167,556,1,train,1789776000000,1789776300000
btc-updown-5m-1789776300,5m,1789776302207,1789776599354,554,1,train,1789776300000,1789776600000
btc-updown-5m-1789776600,5m,1789776600361,1789776899804,570,1,train,1789776600000,1789776900000
btc-updown-15m-1789776900,15m,1789776900766,1789777752286,1620,1,train,1789776900000,1789777800000
btc-updown-5m-1789776900,5m,1789776901091,1789777176038,502,1,train,1789776900000,1789777200000
btc-updown-5m-1789777200,5m,1789777201129,1789777498998,558,1,train,1789777200000,1789777500000
btc-updown-5m-1789777500,5m,1789777501141,1789777773657,498,1,train,1789777500000,1789777800000
btc-updown-15m-1789777800,15m,1789777800736,1789778700824,1688,1,train,1789777800000,1789778700000
btc-updown-5m-1789777800,5m,1789777800901,1789777925963,232,1,train,1789777800000,1789778100000
btc-updown-5m-1789778100,5m,1789778100383,1789778399434,574,1,train,1789778100000,1789778400000
btc-updown-5m-1789778400,5m,1789778401729,1789778700135,566,1,train,1789778400000,1789778700000
btc-updown-5m-1789778700,5m,1789778701786,1789778999223,566,1,train,1789778700000,1789779000000
btc-updown-15m-1789778700,15m,1789778701951,1789779464359,1386,1,train,1789778700000,1789779600000
btc-updown-5m-1789779000,5m,1789779000376,1789779220383,396,1,train,1789779000000,1789779300000
btc-updown-5m-1789779300,5m,1789779302121,1789779600155,498,1,train,1789779300000,1789779600000
btc-updown-5m-1789779600,5m,1789779601581,1789779899999,496,1,train,1789779600000,1789779900000
btc-updown-15m-1789779600,15m,1789779602539,1789780426642,1440,1,train,1789779600000,1789780500000
btc-updown-5m-1789779900,5m,1789779901036,1789780134953,428,1,train,1789779900000,1789780200000
btc-updown-5m-1789780200,5m,1789780201316,1789780487729,534,1,train,1789780200000,1789780500000
btc-updown-15m-1789780500,15m,1789780500318,1789781399333,1668,1,train,1789780500000,1789781400000
btc-updown-5m-1789780500,5m,1789780503575,1789780744007,450,1,train,1789780500000,1789780800000
btc-updown-5m-1789780800,5m,1789780800368,1789781028306,420,1,train,1789780800000,1789781100000
btc-updown-5m-1789781100,5m,1789781101067,1789781382764,520,1,train,1789781100000,1789781400000
btc-updown-15m-1789781400,15m,1789781401301,1789782223966,1544,1,train,1789781400000,1789782300000
btc-updown-5m-1789781400,5m,1789781403989,1789781699960,556,1,train,1789781400000,1789781700000
btc-updown-5m-1789781700,5m,1789781701072,1789782000033,556,1,train,1789781700000,1789782000000
btc-updown-5m-1789782000,5m,1789782001596,1789782299301,570,1,train,1789782000000,1789782300000
btc-updown-15m-1789782300,15m,1789782300401,1789783199483,1610,1,train,1789782300000,1789783200000
btc-updown-5m-1789782300,5m,1789782301849,1789782599786,564,1,train,1789782300000,1789782600000
btc-updown-5m-1789782600,5m,1789782600818,1789782829461,418,1,train,1789782600000,1789782900000
btc-updown-5m-1789782900,5m,1789782901639,1789783182822,524,1,train,1789782900000,1789783200000
btc-updown-15m-1789783200,15m,1789783200766,1789784083781,1662,1,train,1789783200000,1789784100000
btc-updown-5m-1789783200,5m,1789783204115,1789783498751,562,1,train,1789783200000,1789783500000
btc-updown-5m-1789783500,5m,1789783504208,1789783799505,560,1,train,1789783500000,1789783800000
btc-updown-5m-1789783800,5m,1789783800543,1789784099602,568,1,train,1789783800000,1789784100000
btc-updown-5m-1789784100,5m,1789784102132,1789784399844,568,1,train,1789784100000,1789784400000
btc-updown-15m-1789784100,15m,1789784104673,1789784999569,1700,1,train,1789784100000,1789785000000
btc-updown-5m-1789784400,5m,1789784400874,1789784616971,414,1,train,1789784400000,1789784700000
btc-updown-5m-1789784700,5m,1789784701011,1789784920250,418,1,train,1789784700000,1789785000000
btc-updown-15m-1789785000,15m,1789785000575,1789785892115,1684,1,train,1789785000000,1789785900000
btc-updown-5m-1789785000,5m,1789785000639,1789785299412,560,1,train,1789785000000,1789785300000
btc-updown-5m-1789785300,5m,1789785300485,1789785590036,550,1,train,1789785300000,1789785600000
btc-updown-5m-1789785600,5m,1789785600942,1789785899521,554,1,train,1789785600000,1789785900000
btc-updown-5m-1789785900,5m,1789785901457,1789786180506,524,1,train,1789785900000,1789786200000
btc-updown-15m-1789785900,15m,1789785903195,1789786800229,1714,1,train,1789785900000,1789786800000
btc-updown-5m-1789786200,5m,1789786201945,1789786499658,568,1,train,1789786200000,1789786500000
btc-updown-5m-1789786500,5m,1789786501788,1789786772306,496,1,train,1789786500000,1789786800000
btc-updown-5m-1789786800,5m,1789786801256,1789787098793,556,1,train,1789786800000,1789787100000
btc-updown-15m-1789786800,15m,1789786802063,1789787699114,1704,1,train,1789786800000,1789787700000
btc-updown-5m-1789787100,5m,1789787105086,1789787397980,560,1,train,1789787100000,1789787400000
btc-updown-5m-1789787400,5m,1789787400438,1789787699481,576,1,train,1789787400000,1789787700000
btc-updown-15m-1789787700,15m,1789787700306,1789788535964,1590,1,train,1789787700000,1789788600000
btc-updown-5m-1789787700,5m,1789787701164,1789787999126,572,1,train,1789787700000,1789788000000
btc-updown-5m-1789788000,5m,1789788000697,1789788299272,560,1,train,1789788000000,1789788300000
btc-updown-5m-1789788300,5m,1789788304826,1789788581345,510,1,train,1789788300000,1789788600000
btc-updown-15m-1789788600,15m,1789788600435,1789789499678,1718,1,train,1789788600000,1789789500000
btc-updown-5m-1789788600,5m,1789788602287,1789788899154,568,1,train,1789788600000,1789788900000
btc-updown-5m-1789788900,5m,1789788900303,1789789199021,570,1,train,1789788900000,1789789200000
btc-updown-5m-1789789200,5m,1789789200277,1789789499772,460,1,train,1789789200000,1789789500000
btc-updown-15m-1789789500,15m,1789789501133,1789790399113,1720,1,train,1789789500000,1789790400000
btc-updown-5m-1789789500,5m,1789789502049,1789789799007,570,1,train,1789789500000,1789789800000
btc-updown-5m-1789789800,5m,1789789801873,1789790099970,570,1,train,1789789800000,1789790100000
btc-updown-5m-1789790100,5m,1789790101897,1789790399694,570,1,train,1789790100000,1789790400000
btc-updown-15m-1789790400,15m,1789790400343,1789791299626,1718,1,train,1789790400000,1789791300000
btc-updown-5m-1789790400,5m,1789790401587,1789790699658,572,1,train,1789790400000,1789790700000
btc-updown-5m-1789790700,5m,1789790701761,1789790989886,548,1,train,1789790700000,1789791000000
btc-updown-5m-1789791000,5m,1789791000686,1789791299171,578,1,train,1789791000000,1789791300000
btc-updown-5m-1789791300,5m,1789791300300,1789791588253,550,1,train,1789791300000,1789791600000
btc-updown-15m-1789791300,15m,1789791301538,1789792199428,1708,1,train,1789791300000,1789792200000
btc-updown-5m-1789791600,5m,1789791604341,1789791890009,542,1,train,1789791600000,1789791900000
btc-updown-5m-1789791900,5m,1789791901262,1789792199969,572,1,train,1789791900000,1789792200000
btc-updown-15m-1789792200,15m,1789792200589,1789793099700,1674,1,train,1789792200000,1789793100000
btc-updown-5m-1789792200,5m,1789792201332,1789792474525,484,1,train,1789792200000,1789792500000
btc-updown-5m-1789792500,5m,1789792501561,1789792781340,518,1,train,1789792500000,1789792800000
btc-updown-5m-1789792800,5m,1789792802152,1789793099615,548,1,train,1789792800000,1789793100000
btc-updown-5m-1789793100,5m,1789793100616,1789793394165,556,1,train,1789793100000,1789793400000
btc-updown-15m-1789793100,15m,1789793100705,1789793928949,1576,1,train,1789793100000,1789794000000
btc-updown-5m-1789793400,5m,1789793404736,1789793699288,566,1,train,1789793400000,1789793700000
btc-updown-5m-1789793700,5m,1789793702496,1789793988718,548,1,train,1789793700000,1789794000000
btc-updown-15m-1789794000,15m,1789794001223,1789794899322,1718,1,train,1789794000000,1789794900000
btc-updown-5m-1789794000,5m,1789794005058,1789794293967,558,1,train,1789794000000,1789794300000
btc-updown-5m-1789794300,5m,1789794304763,1789794526720,422,1,train,1789794300000,1789794600000
btc-updown-5m-1789794600,5m,1789794600654,1789794839674,460,1,train,1789794600000,1789794900000
btc-updown-5m-1789794900,5m,1789794901464,1789795199232,572,1,train,1789794900000,1789795200000
btc-updown-15m-1789794900,15m,1789794902260,1789795799194,1710,1,train,1789794900000,1789795800000
btc-updown-5m-1789795200,5m,1789795201016,1789795487837,546,1,train,1789795200000,1789795500000
btc-updown-5m-1789795500,5m,1789795503907,1789795748812,468,1,train,1789795500000,1789795800000
btc-updown-5m-1789795800,5m,1789795800560,1789796099074,574,1,train,1789795800000,1789796100000
btc-updown-15m-1789795800,15m,1789795801370,1789796699351,1716,1,train,1789795800000,1789796700000
btc-updown-5m-1789796100,5m,1789796101426,1789796349913,474,1,train,1789796100000,1789796400000
btc-updown-5m-1789796400,5m,1789796403032,1789796694706,554,1,train,1789796400000,1789796700000
btc-updown-5m-1789796700,5m,1789796701187,1789796999889,574,1,train,1789796700000,1789797000000
btc-updown-15m-1789796700,15m,1789796701648,1789797599045,1710,1,train,1789796700000,1789797600000
btc-updown-5m-1789797000,5m,1789797000945,1789797299553,568,1,train,1789797000000,1789797300000
btc-updown-5m-1789797300,5m,1789797300617,1789797599572,570,1,train,1789797300000,1789797600000
btc-updown-5m-1789797600,5m,1789797600653,1789797897324,566,1,train,1789797600000,1789797900000
btc-updown-15m-1789797600,15m,1789797601067,1789798499934,1714,1,train,1789797600000,1789798500000
btc-updown-5m-1789797900,5m,1789797903109,1789798191228,552,1,train,1789797900000,1789798200000
btc-updown-5m-1789798200,5m,1789798202296,1789798475292,506,1,train,1789798200000,1789798500000
btc-updown-5m-1789798500,5m,1789798500547,1789798799315,570,1,train,1789798500000,1789798800000
btc-updown-15m-1789798500,15m,1789798500982,1789799399967,1706,1,train,1789798500000,1789799400000
btc-updown-5m-1789798800,5m,1789798800395,1789799099994,576,1,train,1789798800000,1789799100000
btc-updown-5m-1789799100,5m,1789799101812,1789799399946,566,1,train,1789799100000,1789799400000
btc-updown-15m-1789799400,15m,1789799400984,1789800299632,1722,1,train,1789799400000,1789800300000
btc-updown-5m-1789799400,5m,1789799401051,1789799624832,428,1,train,1789799400000,1789799700000
btc-updown-5m-1789799700,5m,1789799701523,1789799999122,576,1,train,1789799700000,1789800000000
btc-updown-5m-1789800000,5m,1789800000590,1789800299328,574,1,train,1789800000000,1789800300000
btc-updown-5m-1789800300,5m,1789800300343,1789800552668,482,1,train,1789800300000,1789800600000
btc-updown-15m-1789800300,15m,1789800302030,1789801199261,1714,1,train,1789800300000,1789801200000
btc-updown-5m-1789800600,5m,1789800602229,1789800899560,566,1,train,1789800600000,1789800900000
btc-updown-5m-1789800900,5m,1789800901886,1789801199972,566,1,train,1789800900000,1789801200000
btc-updown-15m-1789801200,15m,1789801201259,1789802037697,1606,1,train,1789801200000,1789802100000
btc-updown-5m-1789801200,5m,1789801201547,1789801499675,494,1,train,1789801200000,1789801500000
btc-updown-5m-1789801500,5m,1789801501624,1789801789211,550,1,train,1789801500000,1789801800000
btc-updown-5m-1789801800,5m,1789801804742,1789802043603,460,1,train,1789801800000,1789802100000
btc-updown-5m-1789802100,5m,1789802101663,1789802399977,386,1,train,1789802100000,1789802400000
btc-updown-15m-1789802100,15m,1789802101838,1789802949419,1598,1,train,1789802100000,1789803000000
btc-updown-5m-1789802400,5m,1789802401448,1789802699730,570,1,train,1789802400000,1789802700000
btc-updown-5m-1789802700,5m,1789802701782,1789802986755,544,1,train,1789802700000,1789803000000
btc-updown-15m-1789803000,15m,1789803001116,1789803893153,1698,1,train,1789803000000,1789803900000
btc-updown-5m-1789803000,5m,1789803003217,1789803299927,568,1,train,1789803000000,1789803300000
btc-updown-5m-1789803300,5m,1789803300938,1789803599022,572,1,train,1789803300000,1789803600000
btc-updown-5m-1789803600,5m,1789803601895,1789803899630,570,1,train,1789803600000,1789803900000
btc-updown-5m-1789803900,5m,1789803900651,1789804188210,554,1,train,1789803900000,1789804200000
btc-updown-15m-1789803900,15m,1789803904538,1789804799842,1704,1,train,1789803900000,1789804800000
btc-updown-5m-1789804200,5m,1789804204061,1789804495003,550,1,train,1789804200000,1789804500000
btc-updown-5m-1789804500,5m,1789804500711,1789804799904,572,1,train,1789804500000,1789804800000
btc-updown-5m-1789804800,5m,1789804801074,1789805047655,474,1,train,1789804800000,1789805100000
btc-updown-15m-1789804800,15m,1789804801330,1789805699566,1712,1,train,1789804800000,1789805700000
btc-updown-5m-1789805100,5m,1789805101430,1789805399509,566,1,train,1789805100000,1789805400000
btc-updown-5m-1789805400,5m,1789805401119,1789805685589,540,1,train,1789805400000,1789805700000
btc-updown-5m-1789805700,5m,1789805701457,1789805980371,514,1,train,1789805700000,1789806000000
btc-updown-15m-1789805700,15m,1789805702241,1789806599295,1660,1,train,1789805700000,1789806600000
btc-updown-5m-1789806000,5m,1789806001440,1789806229096,404,1,train,1789806000000,1789806300000
btc-updown-5m-1789806300,5m,1789806301875,1789806572605,488,1,train,1789806300000,1789806600000
btc-updown-15m-1789806600,15m,1789806601367,1789807499736,1700,1,train,1789806600000,1789807500000
btc-updown-5m-1789806600,5m,1789806601690,1789806899579,568,1,train,1789806600000,1789806900000
btc-updown-5m-1789806900,5m,1789806900622,1789807199229,558,1,train,1789806900000,1789807200000
btc-updown-5m-1789807200,5m,1789807201097,1789807499965,574,1,train,1789807200000,1789807500000
btc-updown-5m-1789807500,5m,1789807500980,1789807799334,574,1,train,1789807500000,1789807800000
btc-updown-15m-1789807500,15m,1789807501551,1789808373305,1646,1,train,1789807500000,1789808400000
btc-updown-5m-1789807800,5m,1789807800889,1789808091756,556,1,train,1789807800000,1789808100000
btc-updown-5m-1789808100,5m,1789808102847,1789808399222,566,1,train,1789808100000,1789808400000
btc-updown-5m-1789808400,5m,1789808400434,1789808699321,576,1,validation,1789808400000,1789808700000
btc-updown-15m-1789808400,15m,1789808401130,1789809299041,1698,1,validation,1789808400000,1789809300000
btc-updown-5m-1789808700,5m,1789808700780,1789808951992,468,1,validation,1789808700000,1789809000000
btc-updown-5m-1789809000,5m,1789809001616,1789809246872,468,1,validation,1789809000000,1789809300000
btc-updown-15m-1789809300,15m,1789809300330,1789810199012,1704,1,validation,1789809300000,1789810200000
btc-updown-5m-1789809300,5m,1789809300776,1789809591364,552,1,validation,1789809300000,1789809600000
btc-updown-5m-1789809600,5m,1789809602547,1789809899610,448,1,validation,1789809600000,1789809900000
btc-updown-5m-1789809900,5m,1789809900633,1789810141090,458,1,validation,1789809900000,1789810200000
btc-updown-15m-1789810200,15m,1789810200931,1789811099790,1690,1,validation,1789810200000,1789811100000
btc-updown-5m-1789810200,5m,1789810201065,1789810442961,456,1,validation,1789810200000,1789810500000
btc-updown-5m-1789810500,5m,1789810501077,1789810795803,556,1,validation,1789810500000,1789810800000
btc-updown-5m-1789810800,5m,1789810801634,1789811099515,562,1,validation,1789810800000,1789811100000
btc-updown-15m-1789811100,15m,1789811100845,1789811999465,1718,1,validation,1789811100000,1789812000000
btc-updown-5m-1789811100,5m,1789811101686,1789811375799,500,1,validation,1789811100000,1789811400000
btc-updown-5m-1789811400,5m,1789811401435,1789811699446,570,1,validation,1789811400000,1789811700000
btc-updown-5m-1789811700,5m,1789811701775,1789811977472,520,1,validation,1789811700000,1789812000000
btc-updown-5m-1789812000,5m,1789812000990,1789812271900,496,1,validation,1789812000000,1789812300000
btc-updown-15m-1789812000,15m,1789812001286,1789812895961,1698,1,validation,1789812000000,1789812900000
btc-updown-5m-1789812300,5m,1789812301383,1789812599149,564,1,validation,1789812300000,1789812600000
btc-updown-5m-1789812600,5m,1789812601109,1789812887516,550,1,validation,1789812600000,1789812900000
btc-updown-15m-1789812900,15m,1789812901421,1789813799561,1704,1,validation,1789812900000,1789813800000
btc-updown-5m-1789812900,5m,1789812904077,1789813199059,570,1,validation,1789812900000,1789813200000
btc-updown-5m-1789813200,5m,1789813200759,1789813486209,544,1,validation,1789813200000,1789813500000
btc-updown-5m-1789813500,5m,1789813502552,1789813799843,556,1,validation,1789813500000,1789813800000
btc-updown-5m-1789813800,5m,1789813800983,1789814087060,548,1,validation,1789813800000,1789814100000
btc-updown-15m-1789813800,15m,1789813801912,1789814637194,1600,1,validation,1789813800000,1789814700000
btc-updown-5m-1789814100,5m,1789814103524,1789814396348,562,1,validation,1789814100000,1789814400000
btc-updown-5m-1789814400,5m,1789814402641,1789814693310,554,1,validation,1789814400000,1789814700000
btc-updown-15m-1789814700,15m,1789814701039,1789815599101,1700,1,validation,1789814700000,1789815600000
btc-updown-5m-1789814700,5m,1789814704084,1789814999794,570,1,validation,1789814700000,1789815000000
btc-updown-5m-1789815000,5m,1789815000835,1789815296658,570,1,validation,1789815000000,1789815300000
btc-updown-5m-1789815300,5m,1789815302042,1789815543092,458,1,validation,1789815300000,1789815600000
btc-updown-15m-1789815600,15m,1789815600450,1789816499855,1708,1,validation,1789815600000,1789816500000
btc-updown-5m-1789815600,5m,1789815602072,1789815887007,546,1,validation,1789815600000,1789815900000
btc-updown-5m-1789815900,5m,1789815903471,1789816132509,438,1,validation,1789815900000,1789816200000
btc-updown-5m-1789816200,5m,1789816200749,1789816499738,574,1,validation,1789816200000,1789816500000
btc-updown-5m-1789816500,5m,1789816501050,1789816725234,430,1,validation,1789816500000,1789816800000
btc-updown-15m-1789816500,15m,1789816501753,1789817399149,1722,1,validation,1789816500000,1789817400000
btc-updown-5m-1789816800,5m,1789816801474,1789817081459,530,1,validation,1789816800000,1789817100000
btc-updown-5m-1789817100,5m,1789817102768,1789817399113,570,1,validation,1789817100000,1789817400000
btc-updown-15m-1789817400,15m,1789817401644,1789818299116,1714,1,validation,1789817400000,1789818300000
btc-updown-5m-1789817400,5m,1789817401776,1789817676025,504,1,validation,1789817400000,1789817700000
btc-updown-5m-1789817700,5m,1789817701424,1789817981905,530,1,validation,1789817700000,1789818000000
btc-updown-5m-1789818000,5m,1789818002972,1789818299990,562,1,validation,1789818000000,1789818300000
btc-updown-15m-1789818300,15m,1789818301006,1789819199857,1724,1,validation,1789818300000,1789819200000
btc-updown-5m-1789818300,5m,1789818301028,1789818599186,574,1,validation,1789818300000,1789818600000
btc-updown-5m-1789818600,5m,1789818601680,1789818899809,576,1,validation,1789818600000,1789818900000
btc-updown-5m-1789818900,5m,1789818902220,1789819199819,570,1,validation,1789818900000,1789819200000
btc-updown-15m-1789819200,15m,1789819201747,1789820099160,1712,1,validation,1789819200000,1789820100000
btc-updown-5m-1789819200,5m,1789819201766,1789819499315,566,1,validation,1789819200000,1789819500000
btc-updown-5m-1789819500,5m,1789819501824,1789819799595,568,1,validation,1789819500000,1789819800000
btc-updown-5m-1789819800,5m,1789819801255,1789820099839,568,1,validation,1789819800000,1789820100000
btc-updown-5m-1789820100,5m,1789820100854,1789820381468,528,1,validation,1789820100000,1789820400000
btc-updown-15m-1789820100,15m,1789820100978,1789820897715,1524,1,validation,1789820100000,1789821000000
btc-updown-5m-1789820400,5m,1789820402879,1789820699251,566,1,validation,1789820400000,1789820700000
btc-updown-5m-1789820700,5m,1789820701664,1789821000142,570,1,validation,1789820700000,1789821000000
btc-updown-5m-1789821000,5m,1789821001157,1789821271619,494,1,validation,1789821000000,1789821300000
btc-updown-15m-1789821000,15m,1789821001609,1789821852661,1634,1,validation,1789821000000,1789821900000
btc-updown-5m-1789821300,5m,1789821300402,1789821599612,574,1,validation,1789821300000,1789821600000
btc-updown-5m-1789821600,5m,1789821602152,1789821894921,564,1,validation,1789821600000,1789821900000
btc-updown-5m-1789821900,5m,1789821901247,1789822127024,436,1,validation,1789821900000,1789822200000
btc-updown-15m-1789821900,15m,1789821901581,1789822799544,1714,1,validation,1789821900000,1789822800000
btc-updown-5m-1789822200,5m,1789822204735,1789822499961,562,1,validation,1789822200000,1789822500000
btc-updown-5m-1789822500,5m,1789822501010,1789822799516,574,1,validation,1789822500000,1789822800000
btc-updown-5m-1789822800,5m,1789822800914,1789823099510,568,1,validation,1789822800000,1789823100000
btc-updown-15m-1789822800,15m,1789822801236,1789823573924,1470,1,oos,1789822800000,1789823700000
btc-updown-5m-1789823100,5m,1789823101653,1789823393168,552,1,oos,1789823100000,1789823400000
btc-updown-5m-1789823400,5m,1789823404104,1789823699278,564,1,oos,1789823400000,1789823700000
btc-updown-5m-1789823700,5m,1789823700347,1789823991844,556,1,oos,1789823700000,1789824000000
btc-updown-15m-1789823700,15m,1789823701906,1789824599314,1714,1,oos,1789823700000,1789824600000
btc-updown-5m-1789824000,5m,1789824003134,1789824254939,484,1,oos,1789824000000,1789824300000
btc-updown-5m-1789824300,5m,1789824301133,1789824599731,572,1,oos,1789824300000,1789824600000
btc-updown-15m-1789824600,15m,1789824600763,1789825450258,1626,1,oos,1789824600000,1789825500000
btc-updown-5m-1789824600,5m,1789824601198,1789824899577,568,1,oos,1789824600000,1789824900000
btc-updown-5m-1789824900,5m,1789824901277,1789825199474,570,1,oos,1789824900000,1789825200000
btc-updown-5m-1789825200,5m,1789825200476,1789825499456,574,1,oos,1789825200000,1789825500000
btc-updown-5m-1789825500,5m,1789825500605,1789825799535,574,1,oos,1789825500000,1789825800000
btc-updown-15m-1789825500,15m,1789825500981,1789826399797,1712,1,oos,1789825500000,1789826400000
btc-updown-5m-1789825800,5m,1789825800845,1789826100382,568,1,oos,1789825800000,1789826100000
btc-updown-5m-1789826100,5m,1789826101574,1789826335174,446,1,oos,1789826100000,1789826400000
btc-updown-5m-1789826400,5m,1789826401289,1789826700003,574,1,oos,1789826400000,1789826700000
btc-updown-15m-1789826400,15m,1789826402162,1789827299295,1698,1,oos,1789826400000,1789827300000
btc-updown-5m-1789826700,5m,1789826701047,1789826996587,542,1,oos,1789826700000,1789827000000
btc-updown-5m-1789827000,5m,1789827002584,1789827299827,568,1,oos,1789827000000,1789827300000
btc-updown-15m-1789827300,15m,1789827301394,1789827985546,1292,1,oos,1789827300000,1789828200000
btc-updown-5m-1789827300,5m,1789827301423,1789827579828,520,1,oos,1789827300000,1789827600000
btc-updown-5m-1789827600,5m,1789827600664,1789827881292,518,1,oos,1789827600000,1789827900000
btc-updown-5m-1789827900,5m,1789827902113,1789828198520,564,1,oos,1789827900000,1789828200000
btc-updown-15m-1789828200,15m,1789828201653,1789829099228,1694,1,oos,1789828200000,1789829100000
btc-updown-5m-1789828200,5m,1789828204874,1789828499062,544,1,oos,1789828200000,1789828500000
btc-updown-5m-1789828500,5m,1789828501936,1789828715622,408,1,oos,1789828500000,1789828800000
btc-updown-5m-1789828800,5m,1789828801416,1789829050914,474,1,oos,1789828800000,1789829100000
btc-updown-5m-1789829100,5m,1789829101098,1789829347282,472,1,oos,1789829100000,1789829400000
btc-updown-15m-1789829100,15m,1789829101112,1789829997502,1700,1,oos,1789829100000,1789830000000
btc-updown-5m-1789829400,5m,1789829401680,1789829699714,566,1,oos,1789829400000,1789829700000
btc-updown-5m-1789829700,5m,1789829700821,1789829945578,464,1,oos,1789829700000,1789830000000
btc-updown-5m-1789830000,5m,1789830002024,1789830212714,392,1,oos,1789830000000,1789830300000
btc-updown-15m-1789830000,15m,1789830003395,1789830745881,1368,1,oos,1789830000000,1789830900000
btc-updown-5m-1789830300,5m,1789830300420,1789830574421,492,1,oos,1789830300000,1789830600000
btc-updown-5m-1789830600,5m,1789830601388,1789830899846,554,1,oos,1789830600000,1789830900000
btc-updown-15m-1789830900,15m,1789830902357,1789831715573,1530,1,oos,1789830900000,1789831800000
btc-updown-5m-1789830900,5m,1789830902482,1789831178810,496,1,oos,1789830900000,1789831200000
btc-updown-5m-1789831200,5m,1789831202180,1789831492273,554,1,oos,1789831200000,1789831500000
btc-updown-5m-1789831500,5m,1789831503677,1789831723374,416,1,oos,1789831500000,1789831800000
btc-updown-5m-1789831800,5m,1789831801799,1789832085576,542,1,oos,1789831800000,1789832100000
btc-updown-15m-1789831800,15m,1789831801851,1789832515525,1350,1,oos,1789831800000,1789832700000
btc-updown-5m-1789832100,5m,1789832102192,1789832399602,568,1,oos,1789832100000,1789832400000
btc-updown-5m-1789832400,5m,1789832403159,1789832679945,270,1,oos,1789832400000,1789832700000
btc-updown-5m-1789832700,5m,1789832701019,1789832916542,400,1,oos,1789832700000,1789833000000
btc-updown-15m-1789832700,15m,1789832701979,1789833509507,1496,1,oos,1789832700000,1789833600000
btc-updown-5m-1789833000,5m,1789833001652,1789833299345,560,1,oos,1789833000000,1789833300000
btc-updown-5m-1789833300,5m,1789833300626,1789833536963,452,1,oos,1789833300000,1789833600000
btc-updown-15m-1789833600,15m,1789833601931,1789834380817,1408,1,oos,1789833600000,1789834500000
btc-updown-5m-1789833600,5m,1789833602257,1789833899589,546,1,oos,1789833600000,1789833900000
btc-updown-5m-1789833900,5m,1789833900666,1789834135358,434,1,oos,1789833900000,1789834200000
btc-updown-5m-1789834200,5m,1789834201683,1789834354355,268,1,oos,1789834200000,1789834500000
btc-updown-5m-1789834500,5m,1789834500387,1789834743621,454,1,oos,1789834500000,1789834800000
btc-updown-15m-1789834500,15m,1789834501012,1789835399937,1678,1,oos,1789834500000,1789835400000
btc-updown-5m-1789834800,5m,1789834802293,1789835099048,560,1,oos,1789834800000,1789835100000
btc-updown-5m-1789835100,5m,1789835100337,1789835399895,560,1,oos,1789835100000,1789835400000
btc-updown-5m-1789835400,5m,1789835401178,1789835687759,534,1,oos,1789835400000,1789835700000
btc-updown-15m-1789835400,15m,1789835401507,1789836297302,1692,1,oos,1789835400000,1789836300000
btc-updown-5m-1789835700,5m,1789835703381,1789835998961,560,1,oos,1789835700000,1789836000000
btc-updown-5m-1789836000,5m,1789836000382,1789836221114,418,1,oos,1789836000000,1789836300000
btc-updown-5m-1789836300,5m,1789836301861,1789836599805,566,1,oos,1789836300000,1789836600000
btc-updown-15m-1789836300,15m,1789836302999,1789837199446,1716,1,oos,1789836300000,1789837200000
btc-updown-5m-1789836600,5m,1789836600866,1789836872681,496,1,oos,1789836600000,1789836900000
btc-updown-5m-1789836900,5m,1789836901935,1789837185458,542,1,oos,1789836900000,1789837200000
btc-updown-15m-1789837200,15m,1789837200924,1789837511044,322,1,oos,1789837200000,1789838100000
btc-updown-5m-1789837200,5m,1789837201323,1789837451755,294,1,oos,1789837200000,1789837500000
btc-updown-5m-1789837500,5m,1789837502960,1789837507586,6,1,oos,1789837500000,1789837800000
