label,class,feature,signals,markets,missing,q25,median,q75
book_label,complete,first_ask,178,42,0,0.05,0.07500000000000001,0.11
book_label,complete,first_bid,178,42,0,0.04,0.065,0.1
book_label,complete,first_ask_qty,178,42,0,171.24,344.87,602.9100000000001
book_label,complete,first_bid_qty,178,42,0,144.56,320.07,547.98
book_label,complete,first_spread,178,42,0,0.009999999999999995,0.010000000000000002,0.010000000000000009
book_label,complete,opposite_ask,178,42,0,0.9,0.935,0.96
book_label,complete,opposite_bid,178,42,0,0.89,0.925,0.95
book_label,complete,opposite_ask_qty,178,42,0,144.56,320.07,547.98
book_label,complete,opposite_bid_qty,178,42,0,171.24,344.87,602.9100000000001
book_label,complete,opposite_spread,178,42,0,0.010000000000000009,0.010000000000000009,0.010000000000000009
book_label,complete,depth_imbalance,178,42,0,-0.4823359384181307,0.04772045849685484,0.4823533262859515
book_label,complete,btc_return_1s,178,42,0,0.0,0.0,1.230258376283544e-07
book_label,complete,btc_return_5s,178,42,0,-1.23169599630657e-07,0.0,2.063693403620004e-05
book_label,complete,btc_return_15s,178,42,0,-1.233335670813851e-07,1.2317553210738907e-07,9.320948855406908e-05
book_label,complete,time_remaining_ms,178,42,0,44489.25,72651.5,116546.0
book_label,complete,opposite_depth_coverage_t0,178,42,0,1.2019,2.50048,4.9291825
book_label,complete,pair_cash_required_t0,178,42,0,84.58333333333333,112.77777777777777,190.8885125
book_label,complete,exit_coverage_t0,178,42,0,1.2019,2.50048,4.9291825
book_label,reduced,first_ask,60,30,0,0.05,0.07,0.09
book_label,reduced,first_bid,60,30,0,0.04,0.06,0.08
book_label,reduced,first_ask_qty,60,30,0,217.965,460.87,626.11
book_label,reduced,first_bid_qty,60,30,0,51.462500000000006,133.16500000000002,280.8625
book_label,reduced,first_spread,60,30,0,0.009999999999999995,0.010000000000000002,0.010000000000000009
book_label,reduced,opposite_ask,60,30,0,0.92,0.94,0.96
book_label,reduced,opposite_bid,60,30,0,0.91,0.93,0.95
book_label,reduced,opposite_ask_qty,60,30,0,51.462500000000006,133.16500000000002,280.8625
book_label,reduced,opposite_bid_qty,60,30,0,217.965,460.87,626.11
book_label,reduced,opposite_spread,60,30,0,0.010000000000000009,0.010000000000000009,0.010000000000000009
book_label,reduced,depth_imbalance,60,30,0,-0.05916196561405983,0.46418787013796614,0.8042061901739121
book_label,reduced,btc_return_1s,60,30,0,-1.2302240326445002e-07,0.0,1.231377722565874e-07
book_label,reduced,btc_return_5s,60,30,0,-1.2317972328257376e-07,0.0,1.2337454036170925e-07
book_label,reduced,btc_return_15s,60,30,0,-4.149170142131453e-06,0.0,0.00010133038559967389
book_label,reduced,time_remaining_ms,60,30,0,41060.75,62545.5,100567.5
book_label,reduced,opposite_depth_coverage_t0,60,30,0,0.36010831637103813,0.8471,1.6658807671490763
book_label,reduced,pair_cash_required_t0,60,30,0,101.49999999999999,144.99999999999997,202.99999999999997
book_label,reduced,exit_coverage_t0,60,30,0,0.36010831637103813,0.8471,1.6658807671490763
book_label,impossible,first_ask,37,37,0,0.04,0.06,0.09
book_label,impossible,first_bid,37,37,0,0.03,0.05,0.08
book_label,impossible,first_ask_qty,37,37,0,207.0,378.53,576.0
book_label,impossible,first_bid_qty,37,37,0,100.0,230.31,519.49
book_label,impossible,first_spread,37,37,0,0.009999999999999995,0.01,0.010000000000000002
book_label,impossible,opposite_ask,37,37,0,0.92,0.95,0.97
book_label,impossible,opposite_bid,37,37,0,0.91,0.94,0.96
book_label,impossible,opposite_ask_qty,37,37,0,100.0,230.31,519.49
book_label,impossible,opposite_bid_qty,37,37,0,207.0,378.53,576.0
book_label,impossible,opposite_spread,37,37,0,0.010000000000000009,0.010000000000000009,0.010000000000000009
book_label,impossible,depth_imbalance,37,37,0,-0.3479666386500291,0.25291274990070167,0.504123011704333
book_label,impossible,btc_return_1s,37,37,0,-1.2305113150645752e-07,0.0,0.0
book_label,impossible,btc_return_5s,37,37,0,0.0,0.0,1.22930631674123e-07
book_label,impossible,btc_return_15s,37,37,0,-1.2335930577034304e-07,0.0,3.94208486009795e-06
book_label,impossible,time_remaining_ms,37,37,0,5255.0,9922.0,12917.0
book_label,impossible,opposite_depth_coverage_t0,37,37,0,0.8197199999999999,1.7108,3.1169399999999996
book_label,impossible,pair_cash_required_t0,37,37,0,101.49999999999999,169.16666666666666,253.74999999999997
book_label,impossible,exit_coverage_t0,37,37,0,0.8197199999999999,1.7108,3.1169399999999996
status,complete,first_ask,64,36,0,0.0675,0.1,0.13
status,complete,first_bid,64,36,0,0.057499999999999996,0.08499999999999999,0.12
status,complete,first_ask_qty,64,36,0,101.845,245.255,555.78
status,complete,first_bid_qty,64,36,0,98.0,224.84,543.285
status,complete,first_spread,64,36,0,0.009999999999999995,0.010000000000000002,0.010000000000000009
status,complete,opposite_ask,64,36,0,0.88,0.915,0.9424999999999999
status,complete,opposite_bid,64,36,0,0.87,0.9,0.9325
status,complete,opposite_ask_qty,64,36,0,98.0,224.84,543.285
status,complete,opposite_bid_qty,64,36,0,101.845,245.255,555.78
status,complete,opposite_spread,64,36,0,0.010000000000000009,0.010000000000000009,0.010000000000000009
status,complete,depth_imbalance,64,36,0,-0.42158608019193183,0.04694774210602248,0.49463773893095697
status,complete,btc_return_1s,64,36,0,0.0,0.0,3.0667512751492154e-08
status,complete,btc_return_5s,64,36,0,0.0,0.0,1.2725533077684315e-05
status,complete,btc_return_15s,64,36,0,-1.2319158199103342e-07,1.232514241777949e-07,0.00010030418244516559
status,complete,time_remaining_ms,64,36,0,58137.0,94512.0,137804.25
status,complete,opposite_depth_coverage_t0,64,36,0,1.1565225000000001,2.313635,5.790989209015483
status,complete,pair_cash_required_t0,64,36,0,72.49999999999999,92.27272727272727,126.87499999999999
status,complete,exit_coverage_t0,64,36,0,1.1565225000000001,2.313635,5.790989209015483
status,reduced,first_ask,59,38,0,0.045,0.07,0.11
status,reduced,first_bid,59,38,0,0.035,0.06,0.1
status,reduced,first_ask_qty,59,38,0,180.5,355.85,607.185
status,reduced,first_bid_qty,59,38,0,63.56,185.0,527.79
status,reduced,first_spread,59,38,0,0.009999999999999997,0.010000000000000002,0.010000000000000009
status,reduced,opposite_ask,59,38,0,0.9,0.94,0.965
status,reduced,opposite_bid,59,38,0,0.89,0.93,0.955
status,reduced,opposite_ask_qty,59,38,0,63.56,185.0,527.79
status,reduced,opposite_bid_qty,59,38,0,180.5,355.85,607.185
status,reduced,opposite_spread,59,38,0,0.010000000000000009,0.010000000000000009,0.010000000000000009
status,reduced,depth_imbalance,59,38,0,-0.3483718281358156,0.21022254182120953,0.6409049419335103
status,reduced,btc_return_1s,59,38,0,-1.231755169528448e-07,0.0,1.2310977426377434e-07
status,reduced,btc_return_5s,59,38,0,-1.231941129109515e-07,0.0,7.433751704866154e-06
status,reduced,btc_return_15s,59,38,0,-1.2336290500236657e-07,0.0,9.867299548771413e-05
status,reduced,time_remaining_ms,59,38,0,44522.5,67660.0,121786.0
status,reduced,opposite_depth_coverage_t0,59,38,0,0.6144700000000001,1.48,4.15313
status,reduced,pair_cash_required_t0,59,38,0,78.07692307692307,126.87499999999999,202.99999999999997
status,reduced,exit_coverage_t0,59,38,0,0.6144700000000001,1.48,4.15313
status,impossible,first_ask,152,41,0,0.04,0.06,0.09
status,impossible,first_bid,152,41,0,0.03,0.05,0.08
status,impossible,first_ask_qty,152,41,0,238.64249999999998,374.245,619.3975
status,impossible,first_bid_qty,152,41,0,127.1075,259.64,495.9625
status,impossible,first_spread,152,41,0,0.009999999999999995,0.01,0.010000000000000004
status,impossible,opposite_ask,152,41,0,0.92,0.95,0.97
status,impossible,opposite_bid,152,41,0,0.91,0.94,0.96
status,impossible,opposite_ask_qty,152,41,0,127.1075,259.64,495.9625
status,impossible,opposite_bid_qty,152,41,0,238.64249999999998,374.245,619.3975
status,impossible,opposite_spread,152,41,0,0.010000000000000009,0.010000000000000009,0.010000000000000009
status,impossible,depth_imbalance,152,41,0,-0.35109685466763163,0.20464733443806177,0.5821056912168208
status,impossible,btc_return_1s,152,41,0,0.0,0.0,1.2305080365759835e-07
status,impossible,btc_return_5s,152,41,0,-1.231076667274067e-07,0.0,5.861466180201447e-07
status,impossible,btc_return_15s,152,41,0,-1.2336874918861263e-07,0.0,7.712964832623515e-05
status,impossible,time_remaining_ms,152,41,0,17773.75,44080.5,78695.0
status,impossible,opposite_depth_coverage_t0,152,41,0,0.84952,1.768665,3.7743079872543817
status,impossible,pair_cash_required_t0,152,41,0,101.49999999999999,144.99999999999997,242.00391249999996
status,impossible,exit_coverage_t0,152,41,0,0.84952,1.768665,3.7743079872543817
