anchor_ts_ms,hedge_ts_ms,market_end_ms,market_slug,leg1_budget,first_ask,second_ask,qty,leg1_cost,leg2_cost,friction,total_cost,pair_cost_net,status,payout,pnl
1789765359942,1789765374995,1789765500000,btc-updown-5m-1789765200,50.0,0.11,0.9,98.56,10.8416,88.70400000000001,0.4928,100.03840000000001,1.015,SETTLED,98.56,-1.4784000000000077
1789765375566,1789765390643,1789765500000,btc-updown-5m-1789765200,50.0,0.11,0.9,223.79,24.616899999999998,201.411,1.11895,227.14685,1.015,SETTLED,223.79,-3.3568500000000085
1789765390643,1789765405676,1789765500000,btc-updown-5m-1789765200,50.0,0.11,0.9,160.10812154696137,17.611893370165753,144.09730939226523,0.8005406077348068,162.50974337016578,1.015,SETTLED,160.10812154696137,-2.401621823204408
1789765741765,1789765756815,1789765800000,btc-updown-5m-1789765500,50.0,0.07,0.93,7.0,0.49000000000000005,6.510000000000001,0.035,7.035000000000001,1.005,SETTLED,7.0,-0.03500000000000103
1789765757479,1789765772552,1789765800000,btc-updown-5m-1789765500,50.0,0.08,0.94,199.77,15.981600000000002,187.78379999999999,0.9988500000000001,204.76425,1.025,SETTLED,199.77,-4.994249999999994
1789765773058,1789765788065,1789765800000,btc-updown-5m-1789765500,50.0,0.07,0.94,167.0,11.690000000000001,156.98,0.835,169.505,1.015,SETTLED,167.0,-2.5049999999999955
1789765788917,1789765803979,1789765800000,btc-updown-5m-1789765500,50.0,0.07,0.28,207.0,14.490000000000002,57.96000000000001,1.035,73.48500000000001,0.35500000000000004,SETTLED,207.0,133.515
1789766650992,1789766666015,1789766700000,btc-updown-5m-1789766400,50.0,0.14,0.92,19.16,2.6824000000000003,17.627200000000002,0.0958,20.405400000000004,1.065,SETTLED,19.16,-1.2454000000000036
1789766666619,1789766681643,1789766700000,btc-updown-5m-1789766400,50.0,0.1,0.94,50.0,5.0,47.0,0.25,52.25,1.045,SETTLED,50.0,-2.25
1789766682038,1789766703624,1789766700000,btc-updown-5m-1789766400,50.0,0.09,0.5,67.38,6.0642,33.69,0.3369,40.0911,0.595,SETTLED,67.38,27.288899999999998
1789768449781,1789768464781,1789768500000,btc-updown-5m-1789768200,50.0,0.03,0.98,136.33,4.0899,133.60340000000002,0.6816500000000001,138.37495,1.015,SETTLED,136.33,-2.04495
1789768465395,1789768480396,1789768500000,btc-updown-5m-1789768200,50.0,0.03,0.98,16.33,0.48989999999999995,16.0034,0.08164999999999999,16.574949999999998,1.015,SETTLED,16.33,-0.24494999999999933
1789768481257,1789768496281,1789768500000,btc-updown-5m-1789768200,50.0,0.03,0.99,465.87786751436727,13.976336025431017,461.2190888392236,2.329389337571836,477.5248142022265,1.025,SETTLED,465.87786751436727,-11.646946687859213
1789768731390,1789768746406,1789768800000,btc-updown-5m-1789768500,50.0,0.04,0.97,134.99,5.3996,130.9403,0.67495,137.01485,1.015,SETTLED,134.99,-2.0248499999999865
1789768747005,1789768762014,1789768800000,btc-updown-5m-1789768500,50.0,0.04,0.97,167.23,6.6892,162.2131,0.83615,169.73845,1.015,SETTLED,167.23,-2.5084500000000105
1789768762883,1789768777900,1789768800000,btc-updown-5m-1789768500,50.0,0.04,0.97,157.14,6.2856,152.42579999999998,0.7857,159.49709999999996,1.015,SETTLED,157.14,-2.357099999999974
1789768778640,1789768793683,1789768800000,btc-updown-5m-1789768500,50.0,0.04,0.97,147.94926306557568,5.917970522623027,143.5107851736084,0.7397463153278784,150.16850201155933,1.015,SETTLED,147.94926306557568,-2.2192389459836477
1789772608976,1789772624027,1789772700000,btc-updown-5m-1789772400,50.0,0.14,0.87,149.0,20.860000000000003,129.63,0.745,151.235,1.015,SETTLED,149.0,-2.2350000000000136
1789772624721,1789772639744,1789772700000,btc-updown-5m-1789772400,50.0,0.14,0.87,357.1428571428571,50.0,310.71428571428567,1.7857142857142856,362.49999999999994,1.015,SETTLED,357.1428571428571,-5.357142857142833
1789772640395,1789772655411,1789772700000,btc-updown-5m-1789772400,50.0,0.14,0.87,79.10547719194584,11.074766806872418,68.82176515699288,0.3955273859597292,80.29205934982502,1.015,SETTLED,79.10547719194584,-1.1865821578791866
1789772656040,1789772671370,1789772700000,btc-updown-5m-1789772400,50.0,0.14,0.87,1.7415236492886663,0.2438133109004133,1.5151255748811396,0.008707618246443331,1.7676465040279963,1.015,SETTLED,1.7415236492886663,-0.02612285473932996
1789773246231,1789773261256,1789773300000,btc-updown-5m-1789773000,50.0,0.05,0.96,501.33,25.0665,481.2768,2.50665,508.84995,1.015,SETTLED,501.33,-7.519949999999994
1789773261808,1789773276845,1789773300000,btc-updown-5m-1789773000,50.0,0.05,0.96,95.69647116392872,4.784823558196436,91.86861231737157,0.4784823558196436,97.13191823138766,1.015,SETTLED,95.69647116392872,-1.435447067458938
1789775849650,1789775864787,1789776000000,btc-updown-5m-1789775700,50.0,0.08,0.93,590.7750241772536,47.26200193418029,549.4207724848459,2.953875120886268,599.6366495399125,1.015,SETTLED,590.7750241772536,-8.861625362658856
1789776473231,1789776488249,1789776600000,btc-updown-5m-1789776300,50.0,0.07,0.94,20.0,1.4000000000000001,18.799999999999997,0.1,20.299999999999997,1.015,SETTLED,20.0,-0.29999999999999716
1789776489389,1789776504401,1789776600000,btc-updown-5m-1789776300,50.0,0.07,0.94,75.0,5.250000000000001,70.5,0.375,76.125,1.015,SETTLED,75.0,-1.125
1789776505354,1789776520396,1789776600000,btc-updown-5m-1789776300,50.0,0.07,0.94,356.7,24.969,335.29799999999994,1.7835,362.05049999999994,1.015,SETTLED,356.7,-5.350499999999954
1789776520984,1789776536013,1789776600000,btc-updown-5m-1789776300,50.0,0.07,0.76,39.03,2.7321000000000004,29.6628,0.19515000000000002,32.59005,0.8350000000000001,SETTLED,39.03,6.439950000000003
1789776742369,1789776757412,1789776900000,btc-updown-5m-1789776600,50.0,0.14,0.87,202.72,28.380800000000004,176.3664,1.0136,205.7608,1.015,SETTLED,202.72,-3.04079999999999
1789776757979,1789776773003,1789776900000,btc-updown-5m-1789776600,50.0,0.14,0.87,85.0,11.9,73.95,0.425,86.275,1.015,SETTLED,85.0,-1.2750000000000057
1789776773161,1789776788181,1789776900000,btc-updown-5m-1789776600,50.0,0.14,0.98,254.31235760718118,35.60373006500537,249.22611045503754,1.271561788035906,286.10140230807883,1.125,SETTLED,254.31235760718118,-31.789044700897648
1789776804970,1789776820016,1789776900000,btc-updown-5m-1789776600,50.0,0.03,0.99,5.134844155773489,0.15404532467320467,5.083495714215754,0.025674220778867447,5.2632152596678266,1.025,SETTLED,5.134844155773489,-0.12837110389433715
1789776820626,1789776835627,1789776900000,btc-updown-5m-1789776600,50.0,0.02,0.98,3.419750939418065,0.06839501878836131,3.351355920629704,0.017098754697090327,3.4368496941151556,1.005,SETTLED,3.419750939418065,-0.017098754697090435
1789777042133,1789777057146,1789777200000,btc-updown-5m-1789776900,50.0,0.12,0.89,85.0,10.2,75.65,0.425,86.275,1.015,SETTLED,85.0,-1.2750000000000057
1789777057542,1789777072620,1789777200000,btc-updown-5m-1789776900,50.0,0.12,0.89,110.0,13.2,97.9,0.55,111.65,1.015,SETTLED,110.0,-1.6500000000000057
1789777073111,1789777088254,1789777200000,btc-updown-5m-1789776900,50.0,0.12,0.88,355.3746414503778,42.644956974045336,312.72968447633247,1.776873207251889,357.15151465762966,1.005,SETTLED,355.3746414503778,-1.7768732072518674
1789777446719,1789777461792,1789777500000,btc-updown-5m-1789777200,50.0,0.04,0.97,299.27,11.970799999999999,290.2919,1.4963499999999998,303.75905,1.015,SETTLED,299.27,-4.48905000000002
1789777462663,1789777477672,1789777500000,btc-updown-5m-1789777200,50.0,0.04,0.96,101.77,4.0708,97.69919999999999,0.50885,102.27884999999999,1.005,SETTLED,101.77,-0.5088499999999954
1789777477933,1789777492960,1789777500000,btc-updown-5m-1789777200,50.0,0.05,0.97,45.0,2.25,43.65,0.225,46.125,1.025,SETTLED,45.0,-1.125
1789777493786,1789777508789,1789777500000,btc-updown-5m-1789777200,50.0,0.04,0.44,142.9,5.716,62.876000000000005,0.7145,69.3065,0.485,SETTLED,142.9,73.5935
1789778339330,1789778354372,1789778400000,btc-updown-5m-1789778100,50.0,0.03,0.98,398.82,11.964599999999999,390.8436,1.9941,404.8023,1.015,SETTLED,398.82,-5.982300000000009
1789778354971,1789778369985,1789778400000,btc-updown-5m-1789778100,50.0,0.03,0.98,196.19094870693652,5.885728461208095,192.2671297327978,0.9809547435346826,199.13381293754057,1.015,SETTLED,196.19094870693652,-2.9428642306040445
1789778386010,1789778401729,1789778400000,btc-updown-5m-1789778100,50.0,0.02,0.51,15.1374204636736,0.302748409273472,7.720084436473536,0.075687102318368,8.098519948065375,0.535,SETTLED,15.1374204636736,7.0389005156082245
1789778641299,1789778656576,1789778700000,btc-updown-5m-1789778400,50.0,0.08,0.93,36.58,2.9264,34.0194,0.1829,37.128699999999995,1.015,SETTLED,36.58,-0.5486999999999966
1789778656930,1789778671972,1789778700000,btc-updown-5m-1789778400,50.0,0.08,0.93,101.87,8.149600000000001,94.73910000000001,0.5093500000000001,103.39805000000001,1.015,SETTLED,101.87,-1.5280500000000075
1789778672737,1789778687775,1789778700000,btc-updown-5m-1789778400,50.0,0.08,0.92,10.0,0.8,9.200000000000001,0.05,10.050000000000002,1.005,SETTLED,10.0,-0.05000000000000249
1789778687874,1789778703092,1789778700000,btc-updown-5m-1789778400,50.0,0.09,0.47,53.0,4.77,24.91,0.265,29.945,0.565,SETTLED,53.0,23.055
1789779462445,1789779477479,1789779600000,btc-updown-5m-1789779300,50.0,0.11,0.9,454.54545454545456,50.0,409.0909090909091,2.272727272727273,461.3636363636364,1.015,SETTLED,454.54545454545456,-6.818181818181813
1789779478257,1789779493290,1789779600000,btc-updown-5m-1789779300,50.0,0.11,0.9,140.03340817425436,15.40367489916798,126.03006735682892,0.7001670408712718,142.13390929686815,1.015,SETTLED,140.03340817425436,-2.1005011226137924
1789781971768,1789781986790,1789782000000,btc-updown-5m-1789781700,50.0,0.03,0.98,140.35,4.2105,137.54299999999998,0.70175,142.45524999999998,1.015,SETTLED,140.35,-2.105249999999984
1789781987259,1789782002282,1789782000000,btc-updown-5m-1789781700,50.0,0.03,0.47,20.0,0.6,9.399999999999999,0.1,10.099999999999998,0.505,SETTLED,20.0,9.900000000000002
1789782234122,1789782249134,1789782300000,btc-updown-5m-1789782000,50.0,0.05,0.96,95.0,4.75,91.2,0.47500000000000003,96.425,1.015,SETTLED,95.0,-1.4249999999999972
1789782249722,1789782264742,1789782300000,btc-updown-5m-1789782000,50.0,0.05,0.96,100.0,5.0,96.0,0.5,101.5,1.015,SETTLED,100.0,-1.5
1789782265220,1789782280298,1789782300000,btc-updown-5m-1789782000,50.0,0.05,0.96,50.0,2.5,48.0,0.25,50.75,1.015,SETTLED,50.0,-0.75
1789782280692,1789782295759,1789782300000,btc-updown-5m-1789782000,50.0,0.05,0.97,373.41788494414465,18.670894247207233,362.2153483958203,1.8670894247207233,382.75333206774826,1.025,SETTLED,373.41788494414465,-9.335447123603615
1789782393885,1789782408919,1789782600000,btc-updown-5m-1789782300,50.0,0.08,0.94,377.0,30.16,354.38,1.885,386.425,1.025,SETTLED,377.0,-9.425000000000011
1789782409345,1789782424699,1789782600000,btc-updown-5m-1789782300,50.0,0.07,0.94,92.32,6.4624,86.78079999999999,0.46159999999999995,93.70479999999999,1.015,SETTLED,92.32,-1.3847999999999985
1789782425007,1789782440061,1789782600000,btc-updown-5m-1789782300,50.0,0.07,0.94,135.11110126660043,9.45777708866203,127.0044351906044,0.6755555063330022,137.13776778559944,1.015,SETTLED,135.11110126660043,-2.026666518999008
1789782472325,1789782487365,1789782600000,btc-updown-5m-1789782300,50.0,0.06,0.94,1.9817173664952206,0.11890304198971323,1.8628143245055073,0.009908586832476102,1.9916259533276968,1.005,SETTLED,1.9817173664952206,-0.009908586832476196
1789783937540,1789783952637,1789784100000,btc-updown-5m-1789783800,50.0,0.13,0.88,21.86,2.8418,19.2368,0.1093,22.1879,1.015,SETTLED,21.86,-0.32789999999999964
1789783952637,1789783967656,1789784100000,btc-updown-5m-1789783800,50.0,0.13,0.88,157.0,20.41,138.16,0.785,159.355,1.015,SETTLED,157.0,-2.3549999999999898
1789783968337,1789783983367,1789784100000,btc-updown-5m-1789783800,50.0,0.13,0.88,384.6153846153846,50.0,338.46153846153845,1.923076923076923,390.38461538461536,1.015,SETTLED,384.6153846153846,-5.769230769230774
1789783983786,1789783999489,1789784100000,btc-updown-5m-1789783800,50.0,0.13,0.88,30.469604753096746,3.961048617902577,26.813252182725137,0.15234802376548373,30.926648824393197,1.015,SETTLED,30.469604753096746,-0.4570440712964512
1789784015164,1789784030169,1789784100000,btc-updown-5m-1789783800,50.0,0.04,0.96,0.9759081679766024,0.039036326719064096,0.9368718412575383,0.004879540839883012,0.9807877088164854,1.005,SETTLED,0.9759081679766024,-0.0048795408398829565
1789784030967,1789784046001,1789784100000,btc-updown-5m-1789783800,50.0,0.05,0.96,9.203921447669693e-16,4.601960723834847e-17,8.835764589762905e-16,4.601960723834847e-18,9.341980269384739e-16,1.015,SETTLED,9.203921447669693e-16,-1.3805882171504586e-17
1789784046321,1789784061353,1789784100000,btc-updown-5m-1789783800,50.0,0.05,0.95,3.977658296629252,0.19888291483146261,3.7787753817977894,0.01988829148314626,3.9975465881123986,1.005,SETTLED,3.977658296629252,-0.019888291483146414
1789789478077,1789789493131,1789789500000,btc-updown-5m-1789789200,50.0,0.02,0.98,23.0,0.46,22.54,0.115,23.115,1.005,SETTLED,23.0,-0.11499999999999844
1789789493618,1789789508629,1789789500000,btc-updown-5m-1789789200,50.0,0.03,0.6,188.3,5.649,112.98,0.9415000000000001,119.57050000000001,0.635,SETTLED,188.3,68.7295
1789789737087,1789789752112,1789789800000,btc-updown-5m-1789789500,50.0,0.04,0.97,108.58,4.3432,105.3226,0.5429,110.2087,1.015,SETTLED,108.58,-1.628699999999995
1789789752758,1789789767800,1789789800000,btc-updown-5m-1789789500,50.0,0.04,0.98,374.87,14.9948,367.3726,1.87435,384.24174999999997,1.025,SETTLED,374.87,-9.371749999999963
1789789768542,1789789783618,1789789800000,btc-updown-5m-1789789500,50.0,0.03,0.98,170.0438811352849,5.101316434058546,166.64300351257918,0.8502194056764245,172.59453935231417,1.015,SETTLED,170.0438811352849,-2.55065821702928
1789790654068,1789790669092,1789790700000,btc-updown-5m-1789790400,50.0,0.06,0.95,635.8560886923837,38.15136532154302,604.0632842577644,3.179280443461918,645.3939300227694,1.015,SETTLED,635.8560886923837,-9.537841330385731
1789790855772,1789790871020,1789791000000,btc-updown-5m-1789790700,50.0,0.07,0.94,23.58,1.6506,22.1652,0.11789999999999999,23.933699999999998,1.015,SETTLED,23.58,-0.3536999999999999
1789790871442,1789790886455,1789791000000,btc-updown-5m-1789790700,50.0,0.07,0.94,75.0,5.250000000000001,70.5,0.375,76.125,1.015,SETTLED,75.0,-1.125
1789790886919,1789790901956,1789791000000,btc-updown-5m-1789790700,50.0,0.07,0.95,226.63,15.8641,215.2985,1.13315,232.29575,1.025,SETTLED,226.63,-5.665750000000003
1789790902272,1789790917298,1789791000000,btc-updown-5m-1789790700,50.0,0.06,0.95,85.53,5.1318,81.2535,0.42765000000000003,86.81295,1.015,SETTLED,85.53,-1.2829499999999996
1789790917471,1789790932477,1789791000000,btc-updown-5m-1789790700,50.0,0.06,0.96,213.5704905397314,12.814229432383883,205.02767091814212,1.067852452698657,218.90975280322465,1.025,SETTLED,213.5704905397314,-5.339262263493254
1789790979762,1789791000686,1789791000000,btc-updown-5m-1789790700,50.0,0.04,0.38,14.388494980821159,0.5755397992328464,5.46762809271204,0.0719424749041058,6.115110366848993,0.425,SETTLED,14.388494980821159,8.273384613972166
1789792960938,1789792975989,1789793100000,btc-updown-5m-1789792800,50.0,0.04,0.97,417.35,16.694000000000003,404.8295,2.0867500000000003,423.61025,1.015,SETTLED,417.35,-6.260249999999985
1789792975989,1789792991052,1789793100000,btc-updown-5m-1789792800,50.0,0.04,0.97,197.96922638084078,7.918769055233631,192.03014958941554,0.9898461319042039,200.9387647765534,1.015,SETTLED,197.96922638084078,-2.9695383957126182
1789793007519,1789793022632,1789793100000,btc-updown-5m-1789792800,50.0,0.03,0.97,11.306083020273187,0.3391824906081956,10.966900529664992,0.05653041510136594,11.362613435374552,1.005,SETTLED,11.306083020273187,-0.05653041510136525
1789793621770,1789793636782,1789793700000,btc-updown-5m-1789793400,50.0,0.06,0.96,527.27,31.6362,506.1792,2.6363499999999997,540.45175,1.025,SETTLED,527.27,-13.181749999999965
1789793637465,1789793652769,1789793700000,btc-updown-5m-1789793400,50.0,0.05,0.96,80.90505379327026,4.045252689663513,77.66885164153945,0.40452526896635127,82.11862960016931,1.015,SETTLED,80.90505379327026,-1.2135758068990583
1789793669045,1789793684048,1789793700000,btc-updown-5m-1789793400,50.0,0.05,0.96,0.7857485081207166,0.03928742540603583,0.7543185677958879,0.003928742540603583,0.7975347357425273,1.015,SETTLED,0.7857485081207166,-0.011786227621810696
1789795148931,1789795163970,1789795200000,btc-updown-5m-1789794900,50.0,0.14,0.87,51.95,7.2730000000000015,45.1965,0.25975000000000004,52.72925,1.015,SETTLED,51.95,-0.7792499999999976
1789795164381,1789795179439,1789795200000,btc-updown-5m-1789794900,50.0,0.14,0.87,20.72,2.9008000000000003,18.0264,0.1036,21.0308,1.015,SETTLED,20.72,-0.3108000000000004
1789795180243,1789795195267,1789795200000,btc-updown-5m-1789794900,50.0,0.14,0.87,20.72,2.9008000000000003,18.0264,0.1036,21.0308,1.015,SETTLED,20.72,-0.3108000000000004
1789795196135,1789795211186,1789795200000,btc-updown-5m-1789794900,50.0,0.14,0.31,153.0,21.42,47.43,0.765,69.615,0.455,SETTLED,153.0,83.385
1789795680632,1789795695676,1789795800000,btc-updown-5m-1789795500,50.0,0.14,0.87,68.85,9.639,59.899499999999996,0.34425,69.88275,1.015,SETTLED,68.85,-1.0327500000000072
1789795696407,1789795711443,1789795800000,btc-updown-5m-1789795500,50.0,0.14,0.87,15.0,2.1,13.05,0.075,15.225,1.015,SETTLED,15.0,-0.22499999999999964
1789795712312,1789795727312,1789795800000,btc-updown-5m-1789795500,50.0,0.14,0.91,120.0,16.8,109.2,0.6,126.6,1.055,SETTLED,120.0,-6.599999999999994
1789795727818,1789795742850,1789795800000,btc-updown-5m-1789795500,50.0,0.11,0.91,93.0,10.23,84.63000000000001,0.465,95.32500000000002,1.025,SETTLED,93.0,-2.325000000000017
1789795743660,1789795758687,1789795800000,btc-updown-5m-1789795500,50.0,0.1,0.91,163.07,16.307,148.3937,0.81535,165.51604999999998,1.015,SETTLED,163.07,-2.4460499999999854
1789797233002,1789797248010,1789797300000,btc-updown-5m-1789797000,50.0,0.04,0.97,240.18,9.6072,232.9746,1.2009,243.7827,1.015,SETTLED,240.18,-3.6026999999999987
1789797248563,1789797263572,1789797300000,btc-updown-5m-1789797000,50.0,0.04,0.98,426.7779338842488,17.071117355369953,418.2423752065638,2.133889669421244,437.447382231355,1.025,SETTLED,426.7779338842488,-10.669448347106197
1789797752481,1789797767525,1789797900000,btc-updown-5m-1789797600,50.0,0.09,0.92,259.34,23.3406,238.59279999999998,1.2967,263.2301,1.015,SETTLED,259.34,-3.890100000000018
1789797767944,1789797782960,1789797900000,btc-updown-5m-1789797600,50.0,0.09,0.92,249.99,22.4991,229.9908,1.2499500000000001,253.73985000000002,1.015,SETTLED,249.99,-3.7498500000000092
1789797783373,1789797798492,1789797900000,btc-updown-5m-1789797600,50.0,0.09,0.92,115.2770448960853,10.374934040647677,106.05488130439848,0.5763852244804265,117.00620056952658,1.015,SETTLED,115.2770448960853,-1.7291556734412836
1789797798934,1789797813934,1789797900000,btc-updown-5m-1789797600,50.0,0.09,0.92,22.84623346957008,2.056161012261307,21.018534792004473,0.11423116734785041,23.18892697161363,1.015,SETTLED,22.84623346957008,-0.34269350204354865
1789797861492,1789797876564,1789797900000,btc-updown-5m-1789797600,50.0,0.07,0.94,13.318665595490677,0.9323065916843475,12.519545659761235,0.06659332797745339,13.518445579423037,1.015,SETTLED,13.318665595490677,-0.19977998393236085
1789798046133,1789798061196,1789798200000,btc-updown-5m-1789797900,50.0,0.1,0.91,36.02,3.6020000000000003,32.778200000000005,0.1801,36.560300000000005,1.015,SETTLED,36.02,-0.540300000000002
1789798061882,1789798076925,1789798200000,btc-updown-5m-1789797900,50.0,0.1,0.92,330.17,33.017,303.75640000000004,1.6508500000000002,338.42425000000003,1.025,SETTLED,330.17,-8.254250000000013
1789798077631,1789798092645,1789798200000,btc-updown-5m-1789797900,50.0,0.09,0.92,259.21404039941785,23.329263635947605,238.47691716746445,1.2960702019970893,263.1022510054092,1.015,SETTLED,259.21404039941785,-3.8882106059913326
1789798124450,1789798139499,1789798200000,btc-updown-5m-1789797900,50.0,0.09,0.92,10.043606880056641,0.9039246192050977,9.24011832965211,0.05021803440028321,10.194260983257491,1.015,SETTLED,10.043606880056641,-0.15065410320084993
1789798140151,1789798155176,1789798200000,btc-updown-5m-1789797900,50.0,0.09,0.9,2.56,0.2304,2.3040000000000003,0.0128,2.5472,0.995,SETTLED,2.56,0.012799999999999923
1789799847926,1789799862942,1789800000000,btc-updown-5m-1789799700,50.0,0.05,0.97,518.7,25.935000000000002,503.139,2.5935,531.6675,1.025,SETTLED,518.7,-12.967499999999973
1789799863487,1789799878500,1789800000000,btc-updown-5m-1789799700,50.0,0.04,0.97,114.87335657463528,4.5949342629854115,111.42715587739622,0.5743667828731764,116.5964569232548,1.015,SETTLED,114.87335657463528,-1.7231003486195249
1789800549654,1789800564710,1789800600000,btc-updown-5m-1789800300,50.0,0.11,0.9,6.53,0.7183,5.877000000000001,0.03265,6.627950000000001,1.015,SETTLED,6.53,-0.09795000000000087
1789801147188,1789801162222,1789801200000,btc-updown-5m-1789800900,50.0,0.14,0.86,6.66,0.9324000000000001,5.7276,0.0333,6.6933,1.005,SETTLED,6.66,-0.03329999999999966
1789801374657,1789801389669,1789801500000,btc-updown-5m-1789801200,50.0,0.14,0.9,65.0,9.100000000000001,58.5,0.325,67.925,1.045,SETTLED,65.0,-2.924999999999997
1789801390349,1789801405382,1789801500000,btc-updown-5m-1789801200,50.0,0.12,0.88,39.99,4.7988,35.1912,0.19995000000000002,40.18995,1.005,SETTLED,39.99,-0.19995000000000118
1789801406032,1789801421093,1789801500000,btc-updown-5m-1789801200,50.0,0.13,0.88,236.72,30.773600000000002,208.3136,1.1836,240.2708,1.015,SETTLED,236.72,-3.5508000000000095
1789801421779,1789801436809,1789801500000,btc-updown-5m-1789801200,50.0,0.13,0.88,224.55,29.1915,197.604,1.1227500000000001,227.91825,1.015,SETTLED,224.55,-3.368249999999989
1789801452262,1789801482053,1789801500000,btc-updown-5m-1789801200,50.0,0.01,0.999,7.0,0.07,6.993,0.035,7.098000000000001,1.0139999999999998,SETTLED,7.0,-0.09800000000000075
1789801482053,1789801497130,1789801500000,btc-updown-5m-1789801200,50.0,0.002,0.999,1.0,0.002,0.999,0.005,1.0059999999999998,1.0059999999999998,SETTLED,1.0,-0.005999999999999783
1789801497642,1789801512702,1789801500000,btc-updown-5m-1789801200,50.0,0.01,0.5,3.245885765642777,0.032458857656427774,1.6229428828213885,0.016229428828213887,1.6716311693060302,0.515,SETTLED,3.245885765642777,1.574254596336747
1789802332385,1789802347461,1789802400000,btc-updown-5m-1789802100,50.0,0.02,0.99,441.0,8.82,436.59,2.205,447.61499999999995,1.015,SETTLED,441.0,-6.614999999999952
1789802347818,1789802362854,1789802400000,btc-updown-5m-1789802100,50.0,0.02,0.99,172.2798260381773,3.445596520763546,170.55702777779553,0.8613991301908865,174.86402342874996,1.015,SETTLED,172.2798260381773,-2.5841973905726547
1789802378795,1789802393837,1789802400000,btc-updown-5m-1789802100,50.0,0.02,0.99,2.4305562605391917,0.04861112521078383,2.4062506979337996,0.012152781302695958,2.467014604447279,1.015,SETTLED,2.4305562605391917,-0.03645834390808744
1789803252089,1789803267142,1789803300000,btc-updown-5m-1789803000,50.0,0.02,0.99,365.93,7.3186,362.2707,1.82965,371.41895,1.015,SETTLED,365.93,-5.4889499999999884
1789803267765,1789803282791,1789803300000,btc-updown-5m-1789803000,50.0,0.02,0.99,241.61389062663898,4.832277812532779,239.1977517203726,1.2080694531331948,245.23809898603855,1.015,SETTLED,241.61389062663898,-3.6242083593995744
1789803840968,1789803855981,1789803900000,btc-updown-5m-1789803600,50.0,0.07,0.95,176.59,12.361300000000002,167.7605,0.88295,181.00475,1.025,SETTLED,176.59,-4.414749999999998
1789803856815,1789803871850,1789803900000,btc-updown-5m-1789803600,50.0,0.06,0.95,57.0,3.42,54.15,0.28500000000000003,57.855,1.015,SETTLED,57.0,-0.8549999999999969
1789803872444,1789803887459,1789803900000,btc-updown-5m-1789803600,50.0,0.06,0.96,28.57,1.7142,27.4272,0.14285,29.284249999999997,1.025,SETTLED,28.57,-0.7142499999999963
1789803888167,1789803903194,1789803900000,btc-updown-5m-1789803600,50.0,0.05,0.49,34.65,1.7325,16.9785,0.17325,18.884249999999998,0.545,SETTLED,34.65,15.76575
1789804338110,1789804353130,1789804500000,btc-updown-5m-1789804200,50.0,0.11,0.9,100.83,11.0913,90.747,0.50415,102.34245,1.015,SETTLED,100.83,-1.5124500000000012
1789804353466,1789804368518,1789804500000,btc-updown-5m-1789804200,50.0,0.11,0.91,127.81,14.0591,116.3071,0.63905,131.00525,1.025,SETTLED,127.81,-3.1952499999999873
1789804368957,1789804383964,1789804500000,btc-updown-5m-1789804200,50.0,0.1,0.91,374.46,37.446,340.7586,1.8722999999999999,380.0769,1.015,SETTLED,374.46,-5.616900000000044
1789804726919,1789804741930,1789804800000,btc-updown-5m-1789804500,50.0,0.14,0.87,133.99,18.758600000000005,116.57130000000001,0.66995,135.99985,1.015,SETTLED,133.99,-2.00985
1789804742259,1789804757274,1789804800000,btc-updown-5m-1789804500,50.0,0.14,0.87,355.1,49.714000000000006,308.937,1.7755,360.42650000000003,1.015,SETTLED,355.1,-5.32650000000001
1789804757798,1789804772818,1789804800000,btc-updown-5m-1789804500,50.0,0.14,0.87,89.13761464469277,12.47926605025699,77.54972474088271,0.4456880732234639,90.47467886436317,1.015,SETTLED,89.13761464469277,-1.3370642196703955
1789804789600,1789804804693,1789804800000,btc-updown-5m-1789804500,50.0,0.14,0.41,5.0,0.7000000000000001,2.05,0.025,2.775,0.555,SETTLED,5.0,2.225
1789805230944,1789805246012,1789805400000,btc-updown-5m-1789805100,50.0,0.09,0.93,306.56,27.5904,285.1008,1.5328,314.224,1.025,SETTLED,306.56,-7.663999999999987
1789805246488,1789805261582,1789805400000,btc-updown-5m-1789805100,50.0,0.08,0.93,279.778982453942,22.382318596315358,260.19445368216606,1.3988949122697099,283.97566719075115,1.015,SETTLED,279.778982453942,-4.196684736809175
1789805542424,1789805557595,1789805700000,btc-updown-5m-1789805400,50.0,0.14,0.87,133.32,18.6648,115.9884,0.6666,135.3198,1.015,SETTLED,133.32,-1.9997999999999934
1789805558224,1789805573303,1789805700000,btc-updown-5m-1789805400,50.0,0.14,0.88,357.1428571428571,50.0,314.2857142857143,1.7857142857142856,366.07142857142856,1.025,SETTLED,357.1428571428571,-8.928571428571445
1789805573854,1789805588896,1789805700000,btc-updown-5m-1789805400,50.0,0.13,0.88,24.84,3.2292,21.8592,0.1242,25.2126,1.015,SETTLED,24.84,-0.3725999999999985
1789805589819,1789805604862,1789805700000,btc-updown-5m-1789805400,50.0,0.13,0.88,61.21608506915039,7.958091058989551,53.870154860852345,0.30608042534575197,62.13432634518765,1.015,SETTLED,61.21608506915039,-0.9182412760372642
1789806077239,1789806092252,1789806300000,btc-updown-5m-1789806000,50.0,0.06,0.94,12.0,0.72,11.28,0.06,12.06,1.005,SETTLED,12.0,-0.0600000000000005
1789806093481,1789806108503,1789806300000,btc-updown-5m-1789806000,50.0,0.07,0.94,181.0,12.670000000000002,170.14,0.905,183.715,1.015,SETTLED,181.0,-2.7150000000000034
1789806109665,1789806124685,1789806300000,btc-updown-5m-1789806000,50.0,0.07,0.94,271.64,19.0148,255.34159999999997,1.3581999999999999,275.71459999999996,1.015,SETTLED,271.64,-4.074599999999975
1789806125455,1789806140489,1789806300000,btc-updown-5m-1789806000,50.0,0.07,0.94,99.60746153758518,6.972522307630963,93.63101384533006,0.4980373076879259,101.10157346064895,1.015,SETTLED,99.60746153758518,-1.4941119230637696
1789806187390,1789806202512,1789806300000,btc-updown-5m-1789806000,50.0,0.04,0.97,9.109522253334619e-16,3.643808901333848e-17,8.83623658573458e-16,4.55476112666731e-18,9.246165087134638e-16,1.015,SETTLED,9.109522253334619e-16,-1.3664283380001878e-17
1789807145187,1789807160223,1789807200000,btc-updown-5m-1789806900,50.0,0.03,0.98,301.32,9.0396,295.29359999999997,1.5066,305.83979999999997,1.015,SETTLED,301.32,-4.519799999999975
1789807160877,1789807175935,1789807200000,btc-updown-5m-1789806900,50.0,0.03,0.98,257.13760327914144,7.714128098374243,251.9948512135586,1.2856880163957072,260.99466732832855,1.015,SETTLED,257.13760327914144,-3.8570640491871018
1789807740692,1789807755835,1789807800000,btc-updown-5m-1789807500,50.0,0.06,0.95,77.0,4.62,73.14999999999999,0.385,78.155,1.015,SETTLED,77.0,-1.1550000000000011
1789807756236,1789807771270,1789807800000,btc-updown-5m-1789807500,50.0,0.06,0.95,67.0,4.02,63.65,0.335,68.005,1.015,SETTLED,67.0,-1.0049999999999955
1789807772004,1789807787035,1789807800000,btc-updown-5m-1789807500,50.0,0.06,0.95,47.97,2.8781999999999996,45.5715,0.23985,48.68955,1.015,SETTLED,47.97,-0.7195499999999981
1789807787893,1789807802923,1789807800000,btc-updown-5m-1789807500,50.0,0.06,0.5,5.0,0.3,2.5,0.025,2.8249999999999997,0.5650000000000001,SETTLED,5.0,2.1750000000000003
1789808614267,1789808629300,1789808700000,btc-updown-5m-1789808400,50.0,0.07,0.94,91.72,6.420400000000001,86.21679999999999,0.4586,93.0958,1.015,SETTLED,91.72,-1.3757999999999981
1789808629850,1789808644866,1789808700000,btc-updown-5m-1789808400,50.0,0.07,0.93,84.0,5.880000000000001,78.12,0.42,84.42,1.005,SETTLED,84.0,-0.4200000000000017
1789808645270,1789808660309,1789808700000,btc-updown-5m-1789808400,50.0,0.08,0.93,328.55,26.284000000000002,305.55150000000003,1.6427500000000002,333.47825,1.015,SETTLED,328.55,-4.928249999999991
1789808661188,1789808676201,1789808700000,btc-updown-5m-1789808400,50.0,0.08,0.93,1.2447862895907624,0.099582903167261,1.157651249319409,0.006223931447953812,1.2634580839346239,1.015,SETTLED,1.2447862895907624,-0.01867179434386146
1789808834562,1789808849578,1789809000000,btc-updown-5m-1789808700,50.0,0.08,0.93,488.79,39.1032,454.57470000000006,2.44395,496.12185000000005,1.015,SETTLED,488.79,-7.331850000000031
1789808850009,1789808865055,1789809000000,btc-updown-5m-1789808700,50.0,0.08,0.93,8.303479557672073,0.6642783646137659,7.7222359886350285,0.04151739778836037,8.428031751037155,1.015,SETTLED,8.303479557672073,-0.12455219336508172
1789809820251,1789809835290,1789809900000,btc-updown-5m-1789809600,50.0,0.02,0.99,99.0,1.98,98.01,0.495,100.48500000000001,1.015,SETTLED,99.0,-1.4850000000000136
1789809835939,1789809850985,1789809900000,btc-updown-5m-1789809600,50.0,0.02,0.99,85.37,1.7074,84.5163,0.42685,86.65055000000001,1.015,SETTLED,85.37,-1.2805500000000052
1789809851813,1789809866851,1789809900000,btc-updown-5m-1789809600,50.0,0.02,0.99,85.37,1.7074,84.5163,0.42685,86.65055000000001,1.015,SETTLED,85.37,-1.2805500000000052
1789809867060,1789809882085,1789809900000,btc-updown-5m-1789809600,50.0,0.02,0.98,20.37,0.40740000000000004,19.962600000000002,0.10185000000000001,20.47185,1.005,SETTLED,20.37,-0.10184999999999889
1789809882847,1789809897874,1789809900000,btc-updown-5m-1789809600,50.0,0.03,0.98,246.4114225310237,7.392342675930711,241.48319408040322,1.2320571126551185,250.10759386898906,1.015,SETTLED,246.4114225310237,-3.696171337965353
1789811223161,1789811238196,1789811400000,btc-updown-5m-1789811100,50.0,0.04,0.97,343.0,13.72,332.71,1.715,348.145,1.015,SETTLED,343.0,-5.144999999999982
1789811239227,1789811254256,1789811400000,btc-updown-5m-1789811100,50.0,0.04,0.97,145.0,5.8,140.65,0.725,147.175,1.015,SETTLED,145.0,-2.1750000000000114
1789811254608,1789811269647,1789811400000,btc-updown-5m-1789811100,50.0,0.04,0.97,36.37444087701847,1.4549776350807389,35.283207650707915,0.18187220438509236,36.92005749017375,1.015,SETTLED,36.37444087701847,-0.5456166131552749
1789811317162,1789811332190,1789811400000,btc-updown-5m-1789811100,50.0,0.04,0.96,0.505515404061408,0.020220616162456323,0.4852947878989517,0.0025275770203070404,0.5080429810817151,1.005,SETTLED,0.505515404061408,-0.002527577020307037
1789811332867,1789811347886,1789811400000,btc-updown-5m-1789811100,50.0,0.05,0.96,3.820704024702118,0.1910352012351059,3.6678758637140327,0.01910352012351059,3.8780145850726493,1.015,SETTLED,3.820704024702118,-0.057310560370531505
1789812735693,1789812750909,1789812900000,btc-updown-5m-1789812600,50.0,0.1,0.92,366.88,36.688,337.5296,1.8344,376.052,1.025,SETTLED,366.88,-9.172000000000025
1789812751761,1789812766772,1789812900000,btc-updown-5m-1789812600,50.0,0.09,0.92,126.71148659951012,11.40403379395591,116.57456767154932,0.6335574329975506,128.61215889850277,1.015,SETTLED,126.71148659951012,-1.900672298992646
1789812845106,1789812860364,1789812900000,btc-updown-5m-1789812600,50.0,0.06,0.96,20.39986135341356,1.2239916812048135,19.583866899277016,0.1019993067670678,20.909857887248897,1.025,SETTLED,20.39986135341356,-0.5099965338353378
1789813332015,1789813347049,1789813500000,btc-updown-5m-1789813200,50.0,0.12,0.89,395.38,47.4456,351.8882,1.9769,401.3107,1.015,SETTLED,395.38,-5.930700000000002
1789813347551,1789813362569,1789813500000,btc-updown-5m-1789813200,50.0,0.12,0.88,93.611589007592,11.23339068091104,82.37819832668096,0.46805794503796,94.07964695262996,1.005,SETTLED,93.611589007592,-0.4680579450379554
1789813363009,1789813378058,1789813500000,btc-updown-5m-1789813200,50.0,0.13,0.87,5.0,0.65,4.35,0.025,5.025,1.005,SETTLED,5.0,-0.025000000000000355
1789814859855,1789814874863,1789815000000,btc-updown-5m-1789814700,50.0,0.06,0.95,138.0,8.28,131.1,0.6900000000000001,140.07,1.015,SETTLED,138.0,-2.069999999999993
1789814875233,1789814890274,1789815000000,btc-updown-5m-1789814700,50.0,0.06,0.95,148.0,8.879999999999999,140.6,0.74,150.22,1.015,SETTLED,148.0,-2.219999999999999
1789814890696,1789814905761,1789815000000,btc-updown-5m-1789814700,50.0,0.06,0.95,217.0,13.02,206.14999999999998,1.085,220.255,1.015,SETTLED,217.0,-3.2549999999999955
1789815755019,1789815770038,1789815900000,btc-updown-5m-1789815600,50.0,0.06,0.95,129.43,7.7658000000000005,122.9585,0.64715,131.37145,1.015,SETTLED,129.43,-1.9414500000000032
1789815770408,1789815785424,1789815900000,btc-updown-5m-1789815600,50.0,0.06,0.95,140.2,8.411999999999999,133.18999999999997,0.701,142.30299999999997,1.015,SETTLED,140.2,-2.10299999999998
1789815785780,1789815800813,1789815900000,btc-updown-5m-1789815600,50.0,0.06,0.96,193.99891018308915,11.639934610985348,186.23895377576557,0.9699945509154457,198.84888293766636,1.025,SETTLED,193.99891018308915,-4.849972754577209
1789815801396,1789815816436,1789815900000,btc-updown-5m-1789815600,50.0,0.05,0.96,18.896233563745753,0.9448116781872877,18.140384221195923,0.09448116781872877,19.17967706720194,1.015,SETTLED,18.896233563745753,-0.2834435034561871
1789815864353,1789815879380,1789815900000,btc-updown-5m-1789815600,50.0,0.04,0.97,10.057013663397658,0.40228054653590634,9.755303253495729,0.05028506831698829,10.207868868348623,1.015,SETTLED,10.057013663397658,-0.1508552049509646
1789818541616,1789818556632,1789818600000,btc-updown-5m-1789818300,50.0,0.14,0.86,95.0,13.3,81.7,0.47500000000000003,95.475,1.005,SETTLED,95.0,-0.4749999999999943
1789819633534,1789819648567,1789819800000,btc-updown-5m-1789819500,50.0,0.11,0.9,78.24,8.606399999999999,70.416,0.3912,79.41359999999999,1.015,SETTLED,78.24,-1.1735999999999933
1789819648670,1789819663675,1789819800000,btc-updown-5m-1789819500,50.0,0.11,0.9,84.59,9.3049,76.131,0.42295000000000005,85.85885,1.015,SETTLED,84.59,-1.2688500000000005
1789819664151,1789819679189,1789819800000,btc-updown-5m-1789819500,50.0,0.11,0.9,9.12,1.0031999999999999,8.208,0.045599999999999995,9.2568,1.015,SETTLED,9.12,-0.13680000000000092
1789819679922,1789819694933,1789819800000,btc-updown-5m-1789819500,50.0,0.11,0.96,280.5960900141934,30.865569901561276,269.37224641362565,1.402980450070967,301.6407967652579,1.075,SETTLED,280.5960900141934,-21.044706751064496
1789819711405,1789819726440,1789819800000,btc-updown-5m-1789819500,50.0,0.03,0.98,10.39048740958245,0.3117146222874735,10.182677661390802,0.05195243704791225,10.546344720726188,1.015,SETTLED,10.39048740958245,-0.15585731114373758
1789819774421,1789819789446,1789819800000,btc-updown-5m-1789819500,50.0,0.03,0.98,5.4356196728045925,0.16306859018413777,5.3269072793485,0.027178098364022962,5.517153967896661,1.015,SETTLED,5.4356196728045925,-0.08153429509206855
1789820296441,1789820311459,1789820400000,btc-updown-5m-1789820100,50.0,0.14,0.87,50.0,7.000000000000001,43.5,0.25,50.75,1.015,SETTLED,50.0,-0.75
1789820311976,1789820327017,1789820400000,btc-updown-5m-1789820100,50.0,0.14,0.87,137.79,19.2906,119.87729999999999,0.68895,139.85685,1.015,SETTLED,137.79,-2.0668500000000165
1789820327765,1789820342785,1789820400000,btc-updown-5m-1789820100,50.0,0.14,0.87,124.13,17.3782,107.9931,0.62065,125.99194999999999,1.015,SETTLED,124.13,-1.861949999999993
1789820343476,1789820358532,1789820400000,btc-updown-5m-1789820100,50.0,0.14,0.87,150.18,21.0252,130.6566,0.7509,152.4327,1.015,SETTLED,150.18,-2.2527000000000044
1789820857124,1789820872164,1789821000000,btc-updown-5m-1789820700,50.0,0.07,0.94,159.42,11.1594,149.85479999999998,0.7970999999999999,161.8113,1.015,SETTLED,159.42,-2.391300000000001
1789820872775,1789820887849,1789821000000,btc-updown-5m-1789820700,50.0,0.07,0.94,247.0,17.290000000000003,232.17999999999998,1.235,250.70499999999998,1.015,SETTLED,247.0,-3.704999999999984
1789820888663,1789820903668,1789821000000,btc-updown-5m-1789820700,50.0,0.07,0.93,51.594896798284815,3.6116427758799374,47.98325402240488,0.2579744839914241,51.85287128227624,1.005,SETTLED,51.594896798284815,-0.25797448399142553
1789821751938,1789821766968,1789821900000,btc-updown-5m-1789821600,50.0,0.13,0.88,43.86,5.7018,38.5968,0.2193,44.5179,1.015,SETTLED,43.86,-0.6578999999999979
1789821767602,1789821782638,1789821900000,btc-updown-5m-1789821600,50.0,0.13,0.89,133.87,17.403100000000002,119.1443,0.66935,137.21675000000002,1.025,SETTLED,133.87,-3.3467500000000143
1789821783052,1789821798124,1789821900000,btc-updown-5m-1789821600,50.0,0.12,0.89,105.0,12.6,93.45,0.525,106.575,1.015,SETTLED,105.0,-1.5750000000000028
1789821798634,1789821813696,1789821900000,btc-updown-5m-1789821600,50.0,0.12,0.89,100.0,12.0,89.0,0.5,101.5,1.015,SETTLED,100.0,-1.5
1789821814319,1789821829330,1789821900000,btc-updown-5m-1789821600,50.0,0.12,0.89,20.50022795799425,2.46002735495931,18.245202882614883,0.10250113978997126,20.807731377364163,1.015,SETTLED,20.50022795799425,-0.30750341936991177
1789822338628,1789822353674,1789822500000,btc-updown-5m-1789822200,50.0,0.06,0.95,144.35,8.661,137.1325,0.72175,146.51524999999998,1.015,SETTLED,144.35,-2.165249999999986
1789822353977,1789822368977,1789822500000,btc-updown-5m-1789822200,50.0,0.06,0.95,38.0,2.28,36.1,0.19,38.57,1.015,SETTLED,38.0,-0.5700000000000003
1789822369568,1789822384600,1789822500000,btc-updown-5m-1789822200,50.0,0.06,0.93,24.68,1.4808,22.9524,0.1234,24.5566,0.995,SETTLED,24.68,0.12340000000000018
1789822384963,1789822400029,1789822500000,btc-updown-5m-1789822200,50.0,0.08,0.93,147.42,11.7936,137.1006,0.7371,149.63129999999998,1.015,SETTLED,147.42,-2.2112999999999943
1789822400617,1789822415663,1789822500000,btc-updown-5m-1789822200,50.0,0.08,0.93,89.9502145487005,7.19601716389604,83.65369953029148,0.4497510727435025,91.29946776693102,1.015,SETTLED,89.9502145487005,-1.3492532182305155
1789823065912,1789823080951,1789823100000,btc-updown-5m-1789822800,50.0,0.08,0.93,21.47,1.7176,19.9671,0.10735,21.79205,1.015,SETTLED,21.47,-0.32205000000000084
1789823081485,1789823096519,1789823100000,btc-updown-5m-1789822800,50.0,0.08,0.94,100.0,8.0,94.0,0.5,102.5,1.025,SETTLED,100.0,-2.5
1789823097223,1789823112267,1789823100000,btc-updown-5m-1789822800,50.0,0.07,0.5,84.0,5.880000000000001,42.0,0.42,48.300000000000004,0.5750000000000001,SETTLED,84.0,35.699999999999996
1789823850775,1789823865809,1789824000000,btc-updown-5m-1789823700,50.0,0.04,0.97,205.04,8.2016,198.88879999999997,1.0252,208.1156,1.015,SETTLED,205.04,-3.0756000000000085
1789823866324,1789823881367,1789824000000,btc-updown-5m-1789823700,50.0,0.04,0.98,222.7006572434563,8.908026289738253,218.24664409858718,1.1135032862172816,228.2681736745427,1.025,SETTLED,222.7006572434563,-5.567516431086403
1789823881832,1789823896843,1789824000000,btc-updown-5m-1789823700,50.0,0.03,0.98,30.768501228692138,0.9230550368607641,30.153131204118296,0.1538425061434607,31.23002874712252,1.015,SETTLED,30.768501228692138,-0.4615275184303833
1789823944263,1789823959329,1789824000000,btc-updown-5m-1789823700,50.0,0.03,0.97,1.0686615006556202,0.032059845019668604,1.0366016556359514,0.005343307503278101,1.074004808158898,1.005,SETTLED,1.0686615006556202,-0.005343307503277828
1789823960104,1789823975161,1789824000000,btc-updown-5m-1789823700,50.0,0.04,0.97,5.420656569210597,0.21682626276842387,5.258036872134279,0.027103282846052984,5.501966417748756,1.015,SETTLED,5.420656569210597,-0.08130984853815892
1789824816763,1789824831797,1789824900000,btc-updown-5m-1789824600,50.0,0.07,0.94,3.39,0.23730000000000004,3.1866,0.01695,3.4408499999999997,1.015,SETTLED,3.39,-0.05084999999999962
1789824832776,1789824847798,1789824900000,btc-updown-5m-1789824600,50.0,0.07,0.95,152.0,10.64,144.4,0.76,155.8,1.025,SETTLED,152.0,-3.8000000000000114
1789824848630,1789824863708,1789824900000,btc-updown-5m-1789824600,50.0,0.06,0.96,139.69,8.3814,134.1024,0.69845,143.18224999999998,1.025,SETTLED,139.69,-3.4922499999999843
1789824864420,1789824879468,1789824900000,btc-updown-5m-1789824600,50.0,0.05,0.97,142.73010285050896,7.136505142525448,138.4481997649937,0.7136505142525448,146.29835542177167,1.025,SETTLED,142.73010285050896,-3.568252571262718
1789824880132,1789824895168,1789824900000,btc-updown-5m-1789824600,50.0,0.04,0.97,9.7815331871534,0.391261327486136,9.488087191538797,0.048907665935767,9.9282561849607,1.015,SETTLED,9.7815331871534,-0.14672299780730036
1789824895465,1789824910538,1789824900000,btc-updown-5m-1789824600,50.0,0.04,0.52,3.5709308047883157,0.14283723219153263,1.8568840184899242,0.01785465402394158,2.0175759047053985,0.5650000000000001,SETTLED,3.5709308047883157,1.5533549000829172
1789825740860,1789825755877,1789825800000,btc-updown-5m-1789825500,50.0,0.05,0.94,100.18,5.009,94.1692,0.5009,99.6791,0.995,SETTLED,100.18,0.5009000000000015
1789825756626,1789825771638,1789825800000,btc-updown-5m-1789825500,50.0,0.07,0.94,80.0,5.6000000000000005,75.19999999999999,0.4,81.19999999999999,1.015,SETTLED,80.0,-1.1999999999999886
1789825772404,1789825787448,1789825800000,btc-updown-5m-1789825500,50.0,0.07,0.94,52.62,3.6834000000000002,49.462799999999994,0.2631,53.409299999999995,1.015,SETTLED,52.62,-0.7892999999999972
1789825788158,1789825803180,1789825800000,btc-updown-5m-1789825500,50.0,0.07,0.5,147.59,10.3313,73.795,0.73795,84.86425,0.5750000000000001,SETTLED,147.59,62.725750000000005
1789826019513,1789826034515,1789826100000,btc-updown-5m-1789825800,50.0,0.07,0.94,181.7,12.719000000000001,170.79799999999997,0.9085,184.42549999999997,1.015,SETTLED,181.7,-2.7254999999999825
1789826035275,1789826050307,1789826100000,btc-updown-5m-1789825800,50.0,0.07,0.94,248.42,17.389400000000002,233.51479999999998,1.2421,252.14629999999997,1.015,SETTLED,248.42,-3.7262999999999806
1789826051139,1789826066226,1789826100000,btc-updown-5m-1789825800,50.0,0.07,0.95,72.83338179084728,5.09833672535931,69.19171270130492,0.3641669089542364,74.65421633561847,1.025,SETTLED,72.83338179084728,-1.8208345447711878
1789826066736,1789826082661,1789826100000,btc-updown-5m-1789825800,50.0,0.06,0.95,0.4729458373200967,0.0283767502392058,0.44929854545409187,0.0023647291866004836,0.48004002487989816,1.015,SETTLED,0.4729458373200967,-0.007094187559801457
1789826082661,1789826097744,1789826100000,btc-updown-5m-1789825800,50.0,0.06,0.95,2.222013874095074,0.13332083244570445,2.1109131803903205,0.011110069370475371,2.2553440822065003,1.015,SETTLED,2.222013874095074,-0.033330208111426174
1789826677053,1789826692111,1789826700000,btc-updown-5m-1789826400,50.0,0.02,0.99,503.70253333649924,10.074050666729985,498.6655080031342,2.518512666682496,511.2580713365467,1.015,SETTLED,503.70253333649924,-7.555538000047477
1789826845947,1789826860962,1789827000000,btc-updown-5m-1789826700,50.0,0.04,0.96,85.0,3.4,81.6,0.425,85.425,1.005,SETTLED,85.0,-0.42499999999999716
1789826861665,1789826876709,1789827000000,btc-updown-5m-1789826700,50.0,0.05,0.96,69.79,3.4895000000000005,66.9984,0.34895000000000004,70.83685000000001,1.015,SETTLED,69.79,-1.0468500000000063
1789826877030,1789826892316,1789827000000,btc-updown-5m-1789826700,50.0,0.05,0.97,318.6821873536095,15.934109367680476,309.1217217330012,1.5934109367680476,326.64924203744977,1.025,SETTLED,318.6821873536095,-7.967054683840274
1789826892550,1789826907556,1789827000000,btc-updown-5m-1789826700,50.0,0.04,0.97,14.849426289558508,0.5939770515823404,14.403943500871753,0.07424713144779255,15.072167683901887,1.015,SETTLED,14.849426289558508,-0.22274139434337847
1789827434138,1789827449295,1789827600000,btc-updown-5m-1789827300,50.0,0.09,0.92,72.39,6.5150999999999994,66.5988,0.36195,73.47585,1.015,SETTLED,72.39,-1.0858499999999935
1789827449688,1789827464717,1789827600000,btc-updown-5m-1789827300,50.0,0.09,0.92,67.7,6.093,62.284000000000006,0.3385,68.7155,1.015,SETTLED,67.7,-1.015500000000003
1789827464812,1789827479850,1789827600000,btc-updown-5m-1789827300,50.0,0.09,0.92,40.82,3.6738,37.5544,0.2041,41.4323,1.015,SETTLED,40.82,-0.6122999999999976
1789827480416,1789827495485,1789827600000,btc-updown-5m-1789827300,50.0,0.09,0.92,27.03,2.4327,24.867600000000003,0.13515000000000002,27.435450000000003,1.015,SETTLED,27.03,-0.40545000000000186
1789827495485,1789827510488,1789827600000,btc-updown-5m-1789827300,50.0,0.09,0.92,25.7,2.3129999999999997,23.644000000000002,0.1285,26.0855,1.015,SETTLED,25.7,-0.3855000000000004
1789827511425,1789827526463,1789827600000,btc-updown-5m-1789827300,50.0,0.09,0.93,184.0,16.56,171.12,0.92,188.6,1.025,SETTLED,184.0,-4.599999999999994
1789827527766,1789827542866,1789827600000,btc-updown-5m-1789827300,50.0,0.08,0.93,20.0,1.6,18.6,0.1,20.300000000000004,1.015,SETTLED,20.0,-0.30000000000000426
1789827574944,1789827600664,1789827600000,btc-updown-5m-1789827300,50.0,0.07,0.6,5.0,0.35000000000000003,3.0,0.025,3.375,0.6749999999999999,SETTLED,5.0,1.625
1789827711776,1789827726792,1789827900000,btc-updown-5m-1789827600,50.0,0.07,0.94,160.18,11.212600000000002,150.5692,0.8009000000000001,162.58270000000002,1.015,SETTLED,160.18,-2.40270000000001
1789827726956,1789827741965,1789827900000,btc-updown-5m-1789827600,50.0,0.07,0.94,118.12,8.268400000000002,111.0328,0.5906,119.89179999999999,1.015,SETTLED,118.12,-1.7717999999999847
1789827742198,1789827757501,1789827900000,btc-updown-5m-1789827600,50.0,0.07,0.94,103.83,7.2681000000000004,97.60019999999999,0.51915,105.38744999999999,1.015,SETTLED,103.83,-1.5574499999999887
1789827757721,1789827772731,1789827900000,btc-updown-5m-1789827600,50.0,0.07,0.93,88.06982523164241,6.164887766214969,81.90493746542745,0.4403491261582121,88.51017435780064,1.005,SETTLED,88.06982523164241,-0.44034912615822464
1789827773456,1789827788479,1789827900000,btc-updown-5m-1789827600,50.0,0.09,0.93,8.443221640411792,0.7598899476370613,7.852196125582967,0.04221610820205896,8.654302181422088,1.025,SETTLED,8.443221640411792,-0.21108054101029516
1789828037166,1789828052187,1789828200000,btc-updown-5m-1789827900,50.0,0.14,0.88,357.1428571428571,50.0,314.2857142857143,1.7857142857142856,366.07142857142856,1.025,SETTLED,357.1428571428571,-8.928571428571445
1789828052614,1789828067667,1789828200000,btc-updown-5m-1789827900,50.0,0.13,0.88,106.72590774348988,13.874368006653686,93.9187988142711,0.5336295387174494,108.32679635964223,1.015,SETTLED,106.72590774348988,-1.6008886161523463
1789828419788,1789828436354,1789828500000,btc-updown-5m-1789828200,50.0,0.11,0.9,61.0,6.71,54.9,0.305,61.915,1.015,SETTLED,61.0,-0.9149999999999991
1789828436354,1789828451402,1789828500000,btc-updown-5m-1789828200,50.0,0.11,0.91,197.0,21.67,179.27,0.985,201.925,1.025,SETTLED,197.0,-4.925000000000011
1789828452274,1789828467305,1789828500000,btc-updown-5m-1789828200,50.0,0.1,0.91,186.4834938575883,18.64834938575883,169.69997941040535,0.9324174692879414,189.2807462654521,1.015,SETTLED,186.4834938575883,-2.797252407863823
1789830135773,1789830150786,1789830300000,btc-updown-5m-1789830000,50.0,0.08,0.94,317.74,25.4192,298.6756,1.5887,325.6835,1.025,SETTLED,317.74,-7.943499999999972
1789830152741,1789830167775,1789830300000,btc-updown-5m-1789830000,50.0,0.07,0.94,126.54692536701538,8.858284775691077,118.95410984499445,0.6327346268350769,128.4451292475206,1.015,SETTLED,126.54692536701538,-1.8982038805052355
1789830850060,1789830865107,1789830900000,btc-updown-5m-1789830600,50.0,0.14,0.87,111.84,15.657600000000002,97.30080000000001,0.5592,113.51760000000002,1.015,SETTLED,111.84,-1.6776000000000124
1789830865230,1789830880271,1789830900000,btc-updown-5m-1789830600,50.0,0.14,0.95,85.57,11.979800000000001,81.29149999999998,0.42784999999999995,93.69914999999999,1.0949999999999998,SETTLED,85.57,-8.129149999999996
1789830881777,1789830896824,1789830900000,btc-updown-5m-1789830600,50.0,0.06,0.96,130.0,7.8,124.8,0.65,133.25,1.025,SETTLED,130.0,-3.25
1789830897788,1789830912843,1789830900000,btc-updown-5m-1789830600,50.0,0.05,0.45,3.22,0.16100000000000003,1.449,0.0161,1.6261,0.505,SETTLED,3.22,1.5939
1789831939595,1789831954649,1789832100000,btc-updown-5m-1789831800,50.0,0.07,0.93,35.0,2.45,32.550000000000004,0.17500000000000002,35.175000000000004,1.005,SETTLED,35.0,-0.17500000000000426
1789831955245,1789831970266,1789832100000,btc-updown-5m-1789831800,50.0,0.08,0.93,66.43,5.314400000000001,61.77990000000001,0.33215000000000006,67.42645000000002,1.015,SETTLED,66.43,-0.99645000000001
1789831970790,1789831985832,1789832100000,btc-updown-5m-1789831800,50.0,0.08,0.93,60.35,4.828,56.1255,0.30175,61.255250000000004,1.015,SETTLED,60.35,-0.9052500000000023
1789831986429,1789832001440,1789832100000,btc-updown-5m-1789831800,50.0,0.08,0.93,50.35,4.0280000000000005,46.825500000000005,0.25175000000000003,51.105250000000005,1.015,SETTLED,50.35,-0.7552500000000038
1789832002097,1789832017139,1789832100000,btc-updown-5m-1789831800,50.0,0.08,0.93,45.35,3.628,42.17550000000001,0.22675,46.03025000000001,1.015,SETTLED,45.35,-0.680250000000008
1789832017492,1789832032531,1789832100000,btc-updown-5m-1789831800,50.0,0.08,0.94,105.0,8.4,98.69999999999999,0.525,107.625,1.025,SETTLED,105.0,-2.625
1789832033030,1789832048072,1789832100000,btc-updown-5m-1789831800,50.0,0.07,0.94,49.185492689232085,3.442984488246246,46.234363127878154,0.24592746344616043,49.92327507957056,1.015,SETTLED,49.185492689232085,-0.7377823903384737
1789832325352,1789832340417,1789832400000,btc-updown-5m-1789832100,50.0,0.07,0.95,316.43,22.150100000000002,300.6085,1.5821500000000002,324.34075,1.025,SETTLED,316.43,-7.910750000000007
1789832340936,1789832355961,1789832400000,btc-updown-5m-1789832100,50.0,0.06,0.94,54.99,3.2994,51.690599999999996,0.27495,55.26494999999999,1.005,SETTLED,54.99,-0.2749499999999898
1789832356438,1789832371465,1789832400000,btc-updown-5m-1789832100,50.0,0.07,0.94,4.626357884641103,0.3238450519248772,4.348776411562636,0.023131789423205516,4.695753252910719,1.015,SETTLED,4.626357884641103,-0.06939536826961579
1789832388315,1789832403407,1789832400000,btc-updown-5m-1789832100,50.0,0.06,0.61,6.8239917854880074,0.40943950712928046,4.162634989147684,0.03411995892744004,4.606194455204405,0.6749999999999999,SETTLED,6.8239917854880074,2.2177973302836023
1789832629586,1789832644623,1789832700000,btc-updown-5m-1789832400,50.0,0.02,0.99,381.0,7.62,377.19,1.905,386.715,1.015,SETTLED,381.0,-5.714999999999975
1789832645197,1789832660203,1789832700000,btc-updown-5m-1789832400,50.0,0.02,0.99,36.189256445226036,0.7237851289045207,35.827363880773774,0.18094628222613018,36.73209529190443,1.015,SETTLED,36.189256445226036,-0.5428388466783929
1789832660743,1789832675747,1789832700000,btc-updown-5m-1789832400,50.0,0.02,0.98,1.419710529030946,0.02839421058061892,1.391316318450327,0.00709855264515473,1.4268090816761008,1.005,SETTLED,1.419710529030946,-0.007098552645154799
1789832676537,1789832701019,1789832700000,btc-updown-5m-1789832400,50.0,0.03,0.51,1.9085549309114214,0.05725664792734264,0.9733630147648249,0.009542774654557107,1.0401624373467246,0.545,SETTLED,1.9085549309114214,0.8683924935646967
1789833232913,1789833247937,1789833300000,btc-updown-5m-1789833000,50.0,0.14,0.87,50.0,7.000000000000001,43.5,0.25,50.75,1.015,SETTLED,50.0,-0.75
1789833248478,1789833263537,1789833300000,btc-updown-5m-1789833000,50.0,0.14,0.87,74.66,10.4524,64.9542,0.37329999999999997,75.7799,1.015,SETTLED,74.66,-1.1199000000000012
1789833264009,1789833279033,1789833300000,btc-updown-5m-1789833000,50.0,0.14,0.87,126.94,17.771600000000003,110.4378,0.6347,128.8441,1.015,SETTLED,126.94,-1.9040999999999997
1789833279642,1789833294671,1789833300000,btc-updown-5m-1789833000,50.0,0.14,0.87,82.47,11.545800000000002,71.74889999999999,0.41235,83.70705,1.015,SETTLED,82.47,-1.2370499999999964
1789833295290,1789833310355,1789833300000,btc-updown-5m-1789833000,50.0,0.14,0.31,106.23084208647956,14.872317892107139,32.93156104680866,0.5311542104323977,48.3350331493482,0.455,SETTLED,106.23084208647956,57.895808937131356
1789835340704,1789835355894,1789835400000,btc-updown-5m-1789835100,50.0,0.1,0.91,158.19,15.819,143.9529,0.79095,160.56285,1.015,SETTLED,158.19,-2.3728499999999997
1789835355894,1789835371026,1789835400000,btc-updown-5m-1789835100,50.0,0.1,0.91,10.31,1.0310000000000001,9.382100000000001,0.051550000000000006,10.464650000000002,1.015,SETTLED,10.31,-0.15465000000000195
1789835371609,1789835386658,1789835400000,btc-updown-5m-1789835100,50.0,0.1,0.94,26.3,2.6300000000000003,24.721999999999998,0.1315,27.483499999999996,1.045,SETTLED,26.3,-1.1834999999999951
1789835386830,1789835401858,1789835400000,btc-updown-5m-1789835100,50.0,0.1,0.31,70.77,7.077,21.938699999999997,0.35385,29.369549999999997,0.41500000000000004,SETTLED,70.77,41.40045
1789836096406,1789836111453,1789836300000,btc-updown-5m-1789836000,50.0,0.13,0.88,20.0,2.6,17.6,0.1,20.300000000000004,1.015,SETTLED,20.0,-0.30000000000000426
1789836112523,1789836127542,1789836300000,btc-updown-5m-1789836000,50.0,0.13,0.88,315.02,40.9526,277.2176,1.5751,319.74530000000004,1.015,SETTLED,315.02,-4.725300000000061
1789836127905,1789836142945,1789836300000,btc-updown-5m-1789836000,50.0,0.13,0.88,50.0,6.5,44.0,0.25,50.75,1.015,SETTLED,50.0,-0.75
1789836143490,1789836158528,1789836300000,btc-updown-5m-1789836000,50.0,0.13,0.87,115.63962765071129,15.033151594592468,100.60647605611882,0.5781981382535565,116.21782578896484,1.005,SETTLED,115.63962765071129,-0.5781981382535548
